"status","current_ability_exists","current_spell_name_exists","profession","profession_id","recipe_spell_id","name","skill_line_ability_id","trade_category_id","acquire_method","supercedes_spell_id"
"named_recipe","True","True","Alchemy","171","256133","Potion of Specter Swiftness","42335","1302","0","0"
"named_recipe","True","True","Alchemy","171","256134","Potion of Soul Purity","42324","1302","0","0"
"named_recipe","True","True","Alchemy","171","261423","Spiritual Rejuvenation Potion","42333","1296","0","0"
"named_recipe","True","True","Alchemy","171","261424","Potion of the Hidden Spirit","42325","1302","0","0"
"named_recipe","True","True","Alchemy","171","295084","Potion of Shaded Sight","42334","1302","0","0"
"named_recipe","True","True","Alchemy","171","301578","Spiritual Healing Potion","42323","1296","1","0"
"named_recipe","True","True","Alchemy","171","301683","Spiritual Mana Potion","42326","1296","1","0"
"named_recipe","True","True","Alchemy","171","307087","Eternal Cauldron","42315","1295","0","0"
"named_recipe","True","True","Alchemy","171","307093","Potion of Spectral Agility","42327","1296","0","0"
"named_recipe","True","True","Alchemy","171","307094","Potion of Hardened Shadows","42328","1296","0","0"
"named_recipe","True","True","Alchemy","171","307095","Potion of Spiritual Clarity","42329","1296","0","0"
"named_recipe","True","True","Alchemy","171","307096","Potion of Spectral Intellect","42330","1296","0","0"
"named_recipe","True","True","Alchemy","171","307097","Potion of Spectral Stamina","42331","1296","0","0"
"named_recipe","True","True","Alchemy","171","307098","Potion of Spectral Strength","42332","1296","0","0"
"named_recipe","True","True","Alchemy","171","307100","Spiritual Anti-Venom","42314","1303","0","0"
"named_recipe","True","True","Alchemy","171","307101","Spectral Flask of Power","42319","1298","0","0"
"named_recipe","True","True","Alchemy","171","307103","Spectral Flask of Stamina","42321","1298","0","0"
"named_recipe","True","True","Alchemy","171","307118","Shadowcore Oil","42298","1297","0","0"
"named_recipe","True","True","Alchemy","171","307119","Embalmer's Oil","42299","1297","0","0"
"named_recipe","True","True","Alchemy","171","307120","Ground Death Blossom","42300","1297","0","0"
"named_recipe","True","True","Alchemy","171","307121","Ground Vigil's Torch","42301","1297","0","0"
"named_recipe","True","True","Alchemy","171","307122","Ground Widowbloom","42302","1297","0","0"
"named_recipe","True","True","Alchemy","171","307123","Ground Marrowroot","42303","1297","0","0"
"named_recipe","True","True","Alchemy","171","307124","Ground Rising Glory","42304","1297","0","0"
"named_recipe","True","True","Alchemy","171","307125","Ground Nightshade","42305","1297","0","0"
"named_recipe","True","True","Alchemy","171","307142","Shadowghast Ingot","42336","1300","0","0"
"named_recipe","True","True","Alchemy","171","307143","Shadestone","42337","1300","0","0"
"named_recipe","True","True","Alchemy","171","307144","Stones to Ore","46185","1300","0","0"
"named_recipe","True","True","Alchemy","171","307200","Spiritual Alchemy Stone","42344","1301","0","0"
"named_recipe","True","True","Alchemy","171","307381","Potion of Empowered Exorcisms","42355","1296","0","0"
"named_recipe","True","True","Alchemy","171","307382","Potion of Phantom Fire","42356","1296","0","0"
"named_recipe","True","True","Alchemy","171","307383","Potion of Divine Awakening","42357","1296","0","0"
"named_recipe","True","True","Alchemy","171","307384","Potion of Deathly Fixation","42358","1296","0","0"
"named_recipe","True","True","Alchemy","171","322301","Potion of Sacrificial Anima","43546","1296","0","0"
"named_recipe","True","True","Alchemy","171","334413","Red Noggin Candle","45347","1517","0","0"
"named_recipe","True","True","Alchemy","171","338190","Potion of Hibernal Rest","45488","1525","0","0"
"named_recipe","True","True","Alchemy","171","338191","Liquid Sleep","45487","1525","0","0"
"named_recipe","True","True","Alchemy","171","338192","Powdered Dreamroot","45486","1525","0","0"
"named_recipe","True","True","Alchemy","171","338194","Flask of Measured Discipline","45491","1525","0","0"
"named_recipe","True","True","Alchemy","171","338195","Distilled Resolve","45490","1525","0","0"
"named_recipe","True","True","Alchemy","171","338196","Pulverized Breezebloom","45489","1525","0","0"
"named_recipe","True","True","Alchemy","171","338198","Draught of Grotesque Strength","45494","1525","0","0"
"named_recipe","True","True","Alchemy","171","338199","Brutal Oil","45493","1525","0","0"
"named_recipe","True","True","Alchemy","171","338200","Crushed Bones","45492","1525","0","0"
"named_recipe","True","True","Alchemy","171","338202","Elixir of Humility","45497","1525","0","0"
"named_recipe","True","True","Alchemy","171","338203","Refined Submission","45496","1525","0","0"
"named_recipe","True","True","Alchemy","171","338204","Bramblethorn Juice","45495","1525","0","0"
"named_recipe","True","True","Alchemy","171","342887","Potion of Unhindered Passing","45719","1302","0","0"
"named_recipe","True","True","Alchemy","171","343675","Novice Crafter's Mark","45771","1299","0","0"
"named_recipe","True","True","Alchemy","171","343676","Crafter's Mark of the Chained Isle","46086","1299","0","0"
"named_recipe","True","True","Alchemy","171","343677","Crafter's Mark III","46085","1299","0","0"
"named_recipe","True","True","Alchemy","171","343678","Crafter's Mark II","45773","1299","0","0"
"named_recipe","True","True","Alchemy","171","343679","Crafter's Mark I","45772","1299","0","0"
"named_recipe","True","True","Alchemy","171","344316","Potion of the Psychopomp's Speed","45802","1302","0","0"
"named_recipe","True","True","Alchemy","171","354880","Marrow Burst","46181","1517","0","0"
"named_recipe","True","True","Alchemy","171","354881","Glory Burst","46182","1517","0","0"
"named_recipe","True","True","Alchemy","171","354882","Widow Burst","46184","1517","0","0"
"named_recipe","True","True","Alchemy","171","354884","Torch Burst","46183","1517","0","0"
"named_recipe","True","True","Alchemy","171","354885","Blossom Burst","46180","1517","0","0"
"named_recipe","True","True","Alchemy","171","359666","Crafter's Mark IV","46272","1299","0","0"
"named_recipe","True","True","Alchemy","171","359673","Crafter's Mark of the First Ones","46273","1299","0","0"
"named_recipe","True","True","Alchemy","171","359870","Cosmic Healing Potion","46288","1296","0","0"
"named_recipe","True","True","Alchemy","171","360014","Infusion: Corpse Purification","46293","1299","0","0"
"named_recipe","True","True","Alchemy","171","360318","Sustaining Armor Polish","46300","1299","0","0"
"current_house_decor_recipe","True","True","Alchemy","171","1261958","Veil-Secured Animacone","56157","2390","0","0"
"current_house_decor_recipe","True","True","Alchemy","171","1261972","Sintallow Candles","56158","2390","0","0"
"named_recipe","True","True","Blacksmithing","164","307611","Shadowghast Ingot","42389","1317","0","0"
"named_recipe","True","True","Blacksmithing","164","307663","Ceremonious Breastplate","42363","1312","0","0"
"named_recipe","True","True","Blacksmithing","164","307664","Ceremonious Sabatons","42364","1312","1","0"
"named_recipe","True","True","Blacksmithing","164","307665","Ceremonious Gauntlets","42365","1312","0","0"
"named_recipe","True","True","Blacksmithing","164","307666","Ceremonious Helm","42366","1312","0","0"
"named_recipe","True","True","Blacksmithing","164","307667","Ceremonious Greaves","42367","1312","0","0"
"named_recipe","True","True","Blacksmithing","164","307668","Ceremonious Pauldrons","42369","1312","0","0"
"named_recipe","True","True","Blacksmithing","164","307669","Ceremonious Waistguard","42370","1312","0","0"
"named_recipe","True","True","Blacksmithing","164","307670","Ceremonious Armguards","42371","1312","1","0"
"named_recipe","True","True","Blacksmithing","164","307671","Ceremonious Shield","42368","1487","0","0"
"named_recipe","True","True","Blacksmithing","164","307672","Ceremonious Axe","42406","1315","0","0"
"named_recipe","True","True","Blacksmithing","164","307674","Ceremonious Mace","42407","1315","0","0"
"named_recipe","True","True","Blacksmithing","164","307675","Ceremonious Rapier","42408","1315","0","0"
"named_recipe","True","True","Blacksmithing","164","307676","Ceremonious Reaper","42409","1315","0","0"
"named_recipe","True","True","Blacksmithing","164","307677","Ceremonious Smasher","42410","1315","0","0"
"named_recipe","True","True","Blacksmithing","164","307678","Ceremonious Claymore","42411","1315","0","0"
"named_recipe","True","True","Blacksmithing","164","307679","Ceremonious Blade","42412","1315","0","0"
"named_recipe","True","True","Blacksmithing","164","307680","Ceremonious Shanker","42413","1315","1","0"
"named_recipe","True","True","Blacksmithing","164","307681","Ceremonious Spear","42414","1315","0","0"
"named_recipe","True","True","Blacksmithing","164","307682","Ceremonious Warglaive","42415","1315","0","0"
"named_recipe","True","True","Blacksmithing","164","307705","Shadowghast Armguards","42388","1314","0","0"
"named_recipe","True","True","Blacksmithing","164","307706","Shadowghast Waistguard","42387","1314","0","0"
"named_recipe","True","True","Blacksmithing","164","307707","Shadowghast Pauldrons","42386","1314","0","0"
"named_recipe","True","True","Blacksmithing","164","307708","Shadowghast Greaves","42385","1314","0","0"
"named_recipe","True","True","Blacksmithing","164","307709","Shadowghast Helm","42384","1314","0","0"
"named_recipe","True","True","Blacksmithing","164","307710","Shadowghast Gauntlets","42383","1314","0","0"
"named_recipe","True","True","Blacksmithing","164","307711","Shadowghast Sabatons","42382","1314","0","0"
"named_recipe","True","True","Blacksmithing","164","307712","Shadowghast Breastplate","42381","1314","0","0"
"named_recipe","True","True","Blacksmithing","164","307717","Porous Sharpening Stone","42426","1316","1","0"
"named_recipe","True","True","Blacksmithing","164","307718","Shaded Sharpening Stone","42427","1316","0","0"
"named_recipe","True","True","Blacksmithing","164","307719","Porous Weightstone","42428","1316","1","0"
"named_recipe","True","True","Blacksmithing","164","307720","Shaded Weightstone","42429","1316","0","0"
"named_recipe","True","True","Blacksmithing","164","307721","Laestrite Skeleton Key","42397","1313","0","0"
"named_recipe","True","True","Blacksmithing","164","322587","Shadowsteel Breastplate","43548","1312","0","0"
"named_recipe","True","True","Blacksmithing","164","322588","Shadowsteel Sabatons","43549","1312","0","0"
"named_recipe","True","True","Blacksmithing","164","322589","Shadowsteel Gauntlets","43550","1312","0","0"
"named_recipe","True","True","Blacksmithing","164","322590","Shadowsteel Helm","43551","1312","0","0"
"named_recipe","True","True","Blacksmithing","164","322591","Shadowsteel Greaves","43552","1312","0","0"
"named_recipe","True","True","Blacksmithing","164","322593","Shadowsteel Pauldrons","43553","1312","0","0"
"named_recipe","True","True","Blacksmithing","164","322594","Shadowsteel Waistguard","43554","1312","0","0"
"named_recipe","True","True","Blacksmithing","164","322595","Shadowsteel Armguards","43555","1312","0","0"
"named_recipe","True","True","Blacksmithing","164","332006","Shadowghast Armguards","45192","1314","0","0"
"named_recipe","True","True","Blacksmithing","164","332007","Shadowghast Waistguard","45193","1314","0","0"
"named_recipe","True","True","Blacksmithing","164","332008","Shadowghast Pauldrons","45194","1314","0","0"
"named_recipe","True","True","Blacksmithing","164","332009","Shadowghast Greaves","45195","1314","0","0"
"named_recipe","True","True","Blacksmithing","164","332010","Shadowghast Helm","45196","1314","0","0"
"named_recipe","True","True","Blacksmithing","164","332011","Shadowghast Gauntlets","45197","1314","0","0"
"named_recipe","True","True","Blacksmithing","164","332012","Shadowghast Sabatons","45198","1314","0","0"
"named_recipe","True","True","Blacksmithing","164","332013","Shadowghast Breastplate","45199","1314","0","0"
"named_recipe","True","True","Blacksmithing","164","332041","Shadowghast Armguards","45200","1314","0","0"
"named_recipe","True","True","Blacksmithing","164","332042","Shadowghast Waistguard","45201","1314","0","0"
"named_recipe","True","True","Blacksmithing","164","332043","Shadowghast Pauldrons","45202","1314","0","0"
"named_recipe","True","True","Blacksmithing","164","332044","Shadowghast Greaves","45203","1314","0","0"
"named_recipe","True","True","Blacksmithing","164","332045","Shadowghast Helm","45204","1314","0","0"
"named_recipe","True","True","Blacksmithing","164","332046","Shadowghast Gauntlets","45205","1314","0","0"
"named_recipe","True","True","Blacksmithing","164","332047","Shadowghast Sabatons","45206","1314","0","0"
"named_recipe","True","True","Blacksmithing","164","332048","Shadowghast Breastplate","45207","1314","0","0"
"named_recipe","True","True","Blacksmithing","164","337374","Molten Phaedrum","45462","1522","0","0"
"named_recipe","True","True","Blacksmithing","164","337426","Unrefined Arrowheads","45466","1522","0","0"
"named_recipe","True","True","Blacksmithing","164","337427","Bundle of Stalker Arrowheads","45467","1522","0","0"
"named_recipe","True","True","Blacksmithing","164","337619","Polished Kyrian Shield","45470","1522","0","0"
"named_recipe","True","True","Blacksmithing","164","337621","Tarnished Kyrian Shield","45469","1522","0","0"
"named_recipe","True","True","Blacksmithing","164","337626","Reforged Kyrian Shield","45468","1522","0","0"
"named_recipe","True","True","Blacksmithing","164","338088","Soul Razor","45500","1522","0","0"
"named_recipe","True","True","Blacksmithing","164","338090","Hardened Heavy Razor","45499","1522","0","0"
"named_recipe","True","True","Blacksmithing","164","338091","Soft Heavy Razor","45498","1522","0","0"
"named_recipe","True","True","Blacksmithing","164","338094","Prideful Manacles","45504","1522","0","0"
"named_recipe","True","True","Blacksmithing","164","338095","Tempered Manacle Chains","45503","1522","0","0"
"named_recipe","True","True","Blacksmithing","164","338096","Soft Manacle Chains","45502","1522","0","0"
"named_recipe","True","True","Blacksmithing","164","338097","Binding Cuffs","45501","1522","0","0"
"named_recipe","True","True","Blacksmithing","164","338968","Shadowghast Breastplate","45582","1314","0","0"
"named_recipe","True","True","Blacksmithing","164","338969","Shadowghast Sabatons","45583","1314","0","0"
"named_recipe","True","True","Blacksmithing","164","338970","Shadowghast Gauntlets","45584","1314","0","0"
"named_recipe","True","True","Blacksmithing","164","338971","Shadowghast Helm","45585","1314","0","0"
"named_recipe","True","True","Blacksmithing","164","338972","Shadowghast Greaves","45586","1314","0","0"
"named_recipe","True","True","Blacksmithing","164","338974","Shadowghast Pauldrons","45587","1314","0","0"
"named_recipe","True","True","Blacksmithing","164","338975","Shadowghast Waistguard","45588","1314","0","0"
"named_recipe","True","True","Blacksmithing","164","338976","Shadowghast Armguards","45589","1314","0","0"
"named_recipe","True","True","Blacksmithing","164","343184","Crafter's Mark I","45738","1318","0","0"
"named_recipe","True","True","Blacksmithing","164","343185","Crafter's Mark II","45739","1318","0","0"
"named_recipe","True","True","Blacksmithing","164","343186","Crafter's Mark III","46084","1318","0","0"
"named_recipe","True","True","Blacksmithing","164","343188","Crafter's Mark of the Chained Isle","46087","1318","0","0"
"named_recipe","True","True","Blacksmithing","164","343662","Novice Crafter's Mark","45767","1318","0","0"
"named_recipe","True","True","Blacksmithing","164","352439","Vestige of Origins","46066","1318","0","0"
"named_recipe","True","True","Blacksmithing","164","359665","Crafter's Mark IV","46271","1318","0","0"
"named_recipe","True","True","Blacksmithing","164","359671","Crafter's Mark of the First Ones","46274","1318","0","0"
"named_recipe","True","True","Blacksmithing","164","359700","Vestige of the Eternal","46279","1318","0","0"
"current_house_decor_recipe","True","True","Blacksmithing","164","1261980","Bejeweled Venthyr Chalice","56159","2391","0","0"
"current_house_decor_recipe","True","True","Blacksmithing","164","1261982","Aspirant's Meditation Pool","56160","2391","0","0"
"named_recipe","True","True","Cooking","185","308397","Butterscotch Marinated Ribs","42446","1324","0","0"
"named_recipe","True","True","Cooking","185","308400","Spinefin Souffle and Fries","42447","1325","0","0"
"named_recipe","True","True","Cooking","185","308402","Surprisingly Palatable Feast","42448","1326","0","0"
"named_recipe","True","True","Cooking","185","308403","Feast of Gluttonous Hedonism","42449","1326","0","0"
"named_recipe","True","True","Cooking","185","308404","Cinnamon Bonefish Stew","42450","1324","0","0"
"named_recipe","True","True","Cooking","185","308405","Tenebrous Crown Roast Aspic","42451","1325","0","0"
"named_recipe","True","True","Cooking","185","308410","Biscuits and Caviar","42452","1324","1","0"
"named_recipe","True","True","Cooking","185","308411","Candied Amberjack Cakes","42453","1325","0","0"
"named_recipe","True","True","Cooking","185","308412","Meaty Apple Dumplings","42454","1324","0","0"
"named_recipe","True","True","Cooking","185","308413","Iridescent Ravioli with Apple Sauce","42455","1325","0","0"
"named_recipe","True","True","Cooking","185","308414","Pickled Meat Smoothie","42456","1324","1","0"
"named_recipe","True","True","Cooking","185","308415","Banana Beef Pudding","42457","1325","0","0"
"named_recipe","True","True","Cooking","185","308417","Seraph Tenders","42459","1327","0","0"
"named_recipe","True","True","Cooking","185","308419","Smothered Shank","42460","1327","0","0"
"named_recipe","True","True","Cooking","185","308420","Fried Bonefish","42461","1327","0","0"
"named_recipe","True","True","Cooking","185","308425","Sweet Silvergill Sausages","42466","1324","0","0"
"named_recipe","True","True","Cooking","185","308426","Steak a la Mode","42467","1325","0","0"
"named_recipe","True","True","Cooking","185","338100","Arden Apple Pie","45506","1526","0","0"
"named_recipe","True","True","Cooking","185","338101","Oat Pie Crust","45505","1526","0","0"
"named_recipe","True","True","Cooking","185","338102","Sliced Arden Apples","45507","1526","0","0"
"named_recipe","True","True","Cooking","185","338105","Steward Stew","45509","1526","0","0"
"named_recipe","True","True","Cooking","185","338106","Grazer Bone Broth","45508","1526","0","0"
"named_recipe","True","True","Cooking","185","338107","Diced Vegetables","45510","1526","0","0"
"named_recipe","True","True","Cooking","185","338110","Spider Jerky","45512","1526","0","0"
"named_recipe","True","True","Cooking","185","338113","Thick Spider Meat","45511","1526","0","0"
"named_recipe","True","True","Cooking","185","338115","Ember Sauce","45515","1526","0","0"
"named_recipe","True","True","Cooking","185","338116","Skewered Meats","45514","1526","0","0"
"named_recipe","True","True","Cooking","185","338117","Seared Cutlets","45513","1526","0","0"
"named_recipe","True","True","Cooking","185","354764","Twilight Tea","46166","1324","0","0"
"named_recipe","True","True","Cooking","185","354766","Bonemeal Bread","46167","1324","0","0"
"named_recipe","True","True","Cooking","185","354768","Porous Rock Candy","46168","1324","0","0"
"named_recipe","True","True","Cooking","185","359333","Empty Kettle of Stone Soup","46253","1326","0","0"
"current_house_decor_recipe","True","True","Cooking","185","1260334","Caramel Mint Noodle Dish","55947","2392","0","0"
"named_recipe","True","True","Enchanting","333","265105","Enchanted Twilight Wand","42683","1374","0","0"
"named_recipe","True","True","Enchanting","333","309524","Shadowlands Gathering","42643","1368","1","0"
"named_recipe","True","True","Enchanting","333","309525","Strength of Soul","42644","1368","0","0"
"named_recipe","True","True","Enchanting","333","309526","Eternal Strength","42645","1368","0","0"
"named_recipe","True","True","Enchanting","333","309528","Fortified Speed","42639","1367","0","0"
"named_recipe","True","True","Enchanting","333","309530","Fortified Avoidance","42640","1367","0","0"
"named_recipe","True","True","Enchanting","333","309531","Fortified Leech","42641","1367","0","0"
"named_recipe","True","True","Enchanting","333","309532","Agile Soulwalker","42642","1365","0","0"
"named_recipe","True","True","Enchanting","333","309534","Eternal Agility","42637","1365","0","0"
"named_recipe","True","True","Enchanting","333","309535","Eternal Bulwark","42638","1366","0","0"
"named_recipe","True","True","Enchanting","333","309608","Illuminated Soul","42655","1370","0","0"
"named_recipe","True","True","Enchanting","333","309609","Eternal Intellect","42656","1370","0","0"
"named_recipe","True","True","Enchanting","333","309610","Shaded Hearthing","42657","1370","1","0"
"named_recipe","True","True","Enchanting","333","309612","Bargain of Critical Strike","42667","1372","0","0"
"named_recipe","True","True","Enchanting","333","309613","Bargain of Haste","42669","1372","0","0"
"named_recipe","True","True","Enchanting","333","309614","Bargain of Mastery","42671","1372","0","0"
"named_recipe","True","True","Enchanting","333","309615","Bargain of Versatility","42673","1372","0","0"
"named_recipe","True","True","Enchanting","333","309616","Tenet of Critical Strike","42668","1372","0","0"
"named_recipe","True","True","Enchanting","333","309617","Tenet of Haste","42670","1372","0","0"
"named_recipe","True","True","Enchanting","333","309618","Tenet of Mastery","42672","1372","0","0"
"named_recipe","True","True","Enchanting","333","309619","Tenet of Versatility","42674","1372","0","0"
"named_recipe","True","True","Enchanting","333","309620","Lightless Force","42677","1375","0","0"
"named_recipe","True","True","Enchanting","333","309621","Eternal Grace","42678","1375","0","0"
"named_recipe","True","True","Enchanting","333","309622","Ascended Vigor","42679","1375","0","0"
"named_recipe","True","True","Enchanting","333","309623","Sinful Revelation","42680","1375","0","0"
"named_recipe","True","True","Enchanting","333","309627","Celestial Guidance","42682","1375","0","0"
"named_recipe","True","True","Enchanting","333","309636","Enchanted Elethium Bar","42659","1371","0","0"
"named_recipe","True","True","Enchanting","333","309637","Enchanted Heavy Callous Hide","42660","1371","0","0"
"named_recipe","True","True","Enchanting","333","309638","Enchanted Lightless Silk","42661","1371","0","0"
"named_recipe","True","True","Enchanting","333","309644","Sacred Shard","42676","1373","0","0"
"named_recipe","True","True","Enchanting","333","309645","Eternal Crystal","42675","1373","0","0"
"named_recipe","True","True","Enchanting","333","323609","Soul Treads","44546","1365","1","0"
"named_recipe","True","True","Enchanting","333","323755","Soul Vitality","44550","1367","0","0"
"named_recipe","True","True","Enchanting","333","323760","Eternal Skirmish","44547","1366","0","0"
"named_recipe","True","True","Enchanting","333","323761","Eternal Bounds","44548","1366","0","0"
"named_recipe","True","True","Enchanting","333","323762","Sacred Stats","44549","1366","0","0"
"named_recipe","True","True","Enchanting","333","324773","Eternal Stats","44658","1366","0","0"
"named_recipe","True","True","Enchanting","333","338121","True Aim Spear","45517","1527","0","0"
"named_recipe","True","True","Enchanting","333","338123","Unbreakable Crystal","45518","1527","0","0"
"named_recipe","True","True","Enchanting","333","338125","Everburning Brand","45519","1527","0","0"
"named_recipe","True","True","Enchanting","333","342316","Eternal Insight","45698","1366","0","0"
"named_recipe","True","True","Enchanting","333","343680","Novice Crafter's Mark","45776","1369","0","0"
"named_recipe","True","True","Enchanting","333","343683","Crafter's Mark II","45778","1369","0","0"
"named_recipe","True","True","Enchanting","333","343684","Crafter's Mark I","45777","1369","0","0"
"named_recipe","True","True","Enchanting","333","346026","Boundless Basket","45516","1527","0","0"
"named_recipe","True","True","Enchanting","333","355184","Anima-ted Leash","46189","1542","0","0"
"named_recipe","True","True","Enchanting","333","360007","Magically Regulated Automa Core","46291","1369","0","0"
"named_recipe","True","True","Enchanting","333","360013","Cosmic Protoweave","46292","1369","0","0"
"current_house_decor_recipe","True","True","Enchanting","333","1261998","Venthyr Anima Bottle","56161","2393","0","0"
"current_house_decor_recipe","True","True","Enchanting","333","1263238","Ardenweald Lamppost","56328","2393","0","0"
"named_recipe","True","True","Engineering","202","310484","Nutcracker Grenade","42728","1383","0","0"
"named_recipe","True","True","Engineering","202","310485","Shadow Land Mine","42729","1383","0","0"
"named_recipe","True","True","Engineering","202","310486","Bomb Bola Launcher","42730","1383","0","0"
"named_recipe","True","True","Engineering","202","310490","Momentum Redistributor Boots","42733","1384","0","0"
"named_recipe","True","True","Engineering","202","310492","Gravimetric Scrambler Cannon","42735","1384","0","0"
"named_recipe","True","True","Engineering","202","310493","50UL-TR4P","42736","1384","0","0"
"named_recipe","True","True","Engineering","202","310495","Dimensional Shifter","42724","1382","0","0"
"named_recipe","True","True","Engineering","202","310496","Electro-Jump","42725","1382","0","0"
"named_recipe","True","True","Engineering","202","310497","Damage Retaliator","42726","1382","0","0"
"named_recipe","True","True","Engineering","202","310501","Flexible Ectoplasmic Specs","42742","1385","0","0"
"named_recipe","True","True","Engineering","202","310504","Grounded Ectoplasmic Specs","42743","1385","0","0"
"named_recipe","True","True","Engineering","202","310507","Articulated Ectoplasmic Specs","42744","1385","0","0"
"named_recipe","True","True","Engineering","202","310509","Reinforced Ectoplasmic Specs","42745","1385","0","0"
"named_recipe","True","True","Engineering","202","310522","Handful of Laestrite Bolts","42754","1387","1","0"
"named_recipe","True","True","Engineering","202","310524","Porous Polishing Abrasive","42755","1387","1","0"
"named_recipe","True","True","Engineering","202","310525","Mortal Coiled Spring","42756","1387","0","0"
"named_recipe","True","True","Engineering","202","310526","Wormfed Gear Assembly","42757","1387","0","0"
"named_recipe","True","True","Engineering","202","310533","Optical Target Embiggener","42762","1388","0","0"
"named_recipe","True","True","Engineering","202","310534","Infra-green Reflex Sight","42763","1388","0","0"
"named_recipe","True","True","Engineering","202","310535","Wormhole Generator: Shadowlands","42766","1384","0","0"
"named_recipe","True","True","Engineering","202","310536","Precision Lifeforce Inverter","42764","1389","0","0"
"named_recipe","True","True","Engineering","202","331007","PHA7-YNX","45159","1512","0","0"
"named_recipe","True","True","Engineering","202","338119","Bug Zapifier","45522","1528","0","0"
"named_recipe","True","True","Engineering","202","338210","Energized Battery","45520","1528","0","0"
"named_recipe","True","True","Engineering","202","338212","Electro Cable","45521","1528","0","0"
"named_recipe","True","True","Engineering","202","338213","Power Hammer","45525","1528","0","0"
"named_recipe","True","True","Engineering","202","338214","Piston Assembly","45524","1528","0","0"
"named_recipe","True","True","Engineering","202","338216","Hardened Bolts","45523","1528","0","0"
"named_recipe","True","True","Engineering","202","338217","Boneclad  Stake Launcher","45528","1528","0","0"
"named_recipe","True","True","Engineering","202","338218","Bone Reinforced Oxxein Tubing","45527","1528","0","0"
"named_recipe","True","True","Engineering","202","338219","Handful of Oxxein Bolts","45526","1528","0","0"
"named_recipe","True","True","Engineering","202","338220","Duelist's Pistol","45531","1528","0","0"
"named_recipe","True","True","Engineering","202","338222","Sinvyr Barrel","45530","1528","0","0"
"named_recipe","True","True","Engineering","202","338223","Sinvyr Trigger Mechanism","45529","1528","0","0"
"named_recipe","True","True","Engineering","202","343099","Crafter's Mark I","45744","1386","0","0"
"named_recipe","True","True","Engineering","202","343100","Crafter's Mark II","45745","1386","0","0"
"named_recipe","True","True","Engineering","202","343102","Crafter's Mark III","46082","1386","0","0"
"named_recipe","True","True","Engineering","202","343103","Crafter's Mark of the Chained Isle","46089","1386","0","0"
"named_recipe","True","True","Engineering","202","343661","Novice Crafter's Mark","45768","1386","0","0"
"named_recipe","True","True","Engineering","202","345179","Disposable Spectrophasic Reanimator","45845","1384","0","0"
"named_recipe","True","True","Engineering","202","359664","Crafter's Mark IV","46270","1386","0","0"
"named_recipe","True","True","Engineering","202","359674","Crafter's Mark of the First Ones","46275","1386","0","0"
"named_recipe","True","True","Engineering","202","360088","Pure-Air Sail Extensions","46295","1386","0","0"
"named_recipe","True","True","Engineering","202","360126","Erratic Genesis Matrix","46296","1386","0","0"
"current_house_decor_recipe","True","True","Engineering","202","1263239","Kyrian Anima Barrel","56329","2394","0","0"
"current_house_decor_recipe","True","True","Engineering","202","1263240","Cartel Xy Capture Crate","56330","2394","0","0"
"named_recipe","True","True","Inscription","773","311405","Umbral Ink","42872","1408","1","0"
"named_recipe","True","True","Inscription","773","311406","Luminous Ink","42873","1408","1","0"
"named_recipe","True","True","Inscription","773","311408","Newly Departed Codex","42871","1407","0","0"
"named_recipe","True","True","Inscription","773","311409","Contract: The Ascended","44893","1410","0","0"
"named_recipe","True","True","Inscription","773","311410","Contract: The Wild Hunt","44892","1410","0","0"
"named_recipe","True","True","Inscription","773","311411","Contract: The Undying Army","44894","1410","0","0"
"named_recipe","True","True","Inscription","773","311412","Contract: Court of Harvesters","44895","1410","0","0"
"named_recipe","True","True","Inscription","773","311413","Mass Mill Deathblossom","42880","1412","0","0"
"named_recipe","True","True","Inscription","773","311414","Mass Mill Vigil's Torch","42881","1412","0","0"
"named_recipe","True","True","Inscription","773","311415","Mass Mill Widowbloom","42882","1412","0","0"
"named_recipe","True","True","Inscription","773","311416","Mass Mill Marrowroot","42883","1412","0","0"
"named_recipe","True","True","Inscription","773","311417","Mass Mill Rising Glory","42884","1412","0","0"
"named_recipe","True","True","Inscription","773","311418","Mass Mill Nightshade","42885","1412","0","0"
"named_recipe","True","True","Inscription","773","311423","Writ of Grave Robbing","42889","1409","0","0"
"named_recipe","True","True","Inscription","773","311424","Codex of the Still Mind","42875","1409","0","0"
"named_recipe","True","True","Inscription","773","311425","Tome of the Still Mind","42893","1409","0","0"
"named_recipe","True","True","Inscription","773","311441","Darkmoon Card of Death","42888","1411","0","0"
"named_recipe","True","True","Inscription","773","311453","Vantus Rune: Castle Nathria","42908","1416","0","0"
"named_recipe","True","True","Inscription","773","311688","Soul Keeper's Column","42900","1415","0","0"
"named_recipe","True","True","Inscription","773","311689","Soul Keeper's Spire","42901","1415","0","0"
"named_recipe","True","True","Inscription","773","321029","Tranquil Ink","43526","1408","0","0"
"named_recipe","True","True","Inscription","773","324035","Darkmoon Card of Voracity","44558","1411","0","0"
"named_recipe","True","True","Inscription","773","324036","Darkmoon Card of Repose","44557","1411","0","0"
"named_recipe","True","True","Inscription","773","324037","Darkmoon Card of Putrescence","44559","1411","0","0"
"named_recipe","True","True","Inscription","773","324039","Darkmoon Card of the Indomitable","44556","1411","0","0"
"named_recipe","True","True","Inscription","773","324195","Missive of Versatility","45332","1474","0","0"
"named_recipe","True","True","Inscription","773","324196","Missive of Mastery","45331","1474","0","0"
"named_recipe","True","True","Inscription","773","324197","Missive of Critical Strike","45330","1474","0","0"
"named_recipe","True","True","Inscription","773","324198","Missive of Haste","44564","1474","0","0"
"named_recipe","True","True","Inscription","773","334537","Fae Revel Masque","45349","1519","0","0"
"named_recipe","True","True","Inscription","773","338225","Hymnal of Respite","45534","1529","0","0"
"named_recipe","True","True","Inscription","773","338226","Scroll of Calming Lyrics","45533","1529","0","0"
"named_recipe","True","True","Inscription","773","338227","Ardenberry Ink","45532","1529","0","0"
"named_recipe","True","True","Inscription","773","338228","Invocation of Duty","45537","1529","0","0"
"named_recipe","True","True","Inscription","773","338229","Poem on Duty","45536","1529","0","0"
"named_recipe","True","True","Inscription","773","338230","Opalescent Ink","45535","1529","0","0"
"named_recipe","True","True","Inscription","773","338231","Litany of Might","45540","1529","0","0"
"named_recipe","True","True","Inscription","773","338232","Scroll of Unyielding Strength","45539","1529","0","0"
"named_recipe","True","True","Inscription","773","338233","Necrotic Ink","45538","1529","0","0"
"named_recipe","True","True","Inscription","773","338234","Catalog of Sins","45543","1529","0","0"
"named_recipe","True","True","Inscription","773","338235","Scroll of Castigation","45542","1529","0","0"
"named_recipe","True","True","Inscription","773","338236","Prideful Ink","45541","1529","0","0"
"named_recipe","True","True","Inscription","773","343686","Novice Crafter's Mark","45781","1474","0","0"
"named_recipe","True","True","Inscription","773","343689","Crafter's Mark II","45783","1474","0","0"
"named_recipe","True","True","Inscription","773","343691","Crafter's Mark I","45782","1474","0","0"
"named_recipe","True","True","Inscription","773","354000","Contract: Death's Advance","46200","1410","0","0"
"named_recipe","True","True","Inscription","773","354394","Vantus Rune: Sanctum of Domination","46201","1416","0","0"
"named_recipe","True","True","Inscription","773","359490","Mass Mill First Flower","46254","1412","0","0"
"named_recipe","True","True","Inscription","773","359786","Contract: Enlightened Brokers","46284","1410","0","0"
"named_recipe","True","True","Inscription","773","359890","Vantus Rune: Sepulcher of the First Ones","46290","1416","0","0"
"named_recipe","True","True","Inscription","773","360539","Mark of the Twilight Runestag","46310","1413","0","0"
"named_recipe","True","True","Inscription","773","360542","Mark of the Gloomstalker Dredbat","46312","1413","0","0"
"named_recipe","True","True","Inscription","773","360545","Mark of the Shimmering Ardenmoth","46314","1413","0","0"
"named_recipe","True","True","Inscription","773","360880","Mark of the Regal Dredbat","46313","1413","0","0"
"named_recipe","True","True","Inscription","773","360885","Mark of the Midnight Runestag","46311","1413","0","0"
"named_recipe","True","True","Inscription","773","360899","Mark of the Sable Ardenmoth","46315","1413","0","0"
"named_recipe","True","True","Inscription","773","362412","Glyph of the Wild Mushroom","46383","1413","0","0"
"named_recipe","True","True","Inscription","773","367389","Glyph of the Spectral Lupine","46667","1413","0","0"
"named_recipe","True","True","Inscription","773","367393","Glyph of the Spectral Vulpine","46668","1413","0","0"
"current_house_decor_recipe","True","True","Inscription","773","1263241","Broker's Hex Table","56331","2395","0","0"
"current_house_decor_recipe","True","True","Inscription","773","1263243","Cartel Ta Bookcase","56332","2395","0","0"
"current_house_decor_recipe","True","True","Inscription","773","1263247","Ardenweald Hanging Baskets","56333","2395","0","0"
"current_house_decor_recipe","True","True","Inscription","773","1263272","Aspiring Soul's Chair","56335","2395","0","0"
"current_house_decor_recipe","True","True","Inscription","773","1263278","Large Revendreth Storage Crate","56336","2395","0","0"
"current_house_decor_recipe","True","True","Inscription","773","1263285","Tome of Maldraxxian Rituals","56337","2395","0","0"
"current_house_decor_recipe","True","True","Inscription","773","1263293","Hollow Night Fae Shrine","56338","2395","0","0"
"named_recipe","True","True","Jewelcrafting","755","311859","Versatile Jewel Cluster","42926","1419","0","0"
"named_recipe","True","True","Jewelcrafting","755","311863","Deadly Jewel Cluster","42927","1419","0","0"
"named_recipe","True","True","Jewelcrafting","755","311864","Masterful Jewel Cluster","42928","1419","0","0"
"named_recipe","True","True","Jewelcrafting","755","311865","Quick Jewel Cluster","42929","1419","0","0"
"named_recipe","True","True","Jewelcrafting","755","311866","Versatile Jewel Doublet","42920","1419","1","0"
"named_recipe","True","True","Jewelcrafting","755","311867","Straddling Jewel Doublet","42921","1419","1","0"
"named_recipe","True","True","Jewelcrafting","755","311868","Deadly Jewel Doublet","42922","1419","0","0"
"named_recipe","True","True","Jewelcrafting","755","311869","Masterful Jewel Doublet","42923","1419","0","0"
"named_recipe","True","True","Jewelcrafting","755","311870","Revitalizing Jewel Doublet","42924","1419","0","0"
"named_recipe","True","True","Jewelcrafting","755","311871","Quick Jewel Doublet","42925","1419","0","0"
"named_recipe","True","True","Jewelcrafting","755","311880","Deadly Laestrite Band","42955","1424","0","0"
"named_recipe","True","True","Jewelcrafting","755","311881","Quick Laestrite Band","42957","1424","0","0"
"named_recipe","True","True","Jewelcrafting","755","311882","Masterful Laestrite Band","42959","1424","0","0"
"named_recipe","True","True","Jewelcrafting","755","311883","Versatile Laestrite Band","42961","1424","0","0"
"named_recipe","True","True","Jewelcrafting","755","311884","Deadly Sinvyr Ring","42956","1424","0","0"
"named_recipe","True","True","Jewelcrafting","755","311885","Quick Oxxein Ring","42958","1424","0","0"
"named_recipe","True","True","Jewelcrafting","755","311886","Masterful Phaedrum Ring","42960","1424","0","0"
"named_recipe","True","True","Jewelcrafting","755","311887","Versatile Solenium Ring","42962","1424","0","0"
"named_recipe","True","True","Jewelcrafting","755","311902","Deadly Laestrite Choker","42947","1422","0","0"
"named_recipe","True","True","Jewelcrafting","755","311903","Quick Laestrite Choker","42949","1422","0","0"
"named_recipe","True","True","Jewelcrafting","755","311904","Masterful Laestrite Choker","42951","1422","0","0"
"named_recipe","True","True","Jewelcrafting","755","311905","Versatile Laestrite Choker","42953","1422","0","0"
"named_recipe","True","True","Jewelcrafting","755","311906","Deadly Sinvyr Necklace","42948","1422","0","0"
"named_recipe","True","True","Jewelcrafting","755","311907","Quick Oxxein Necklace","42950","1422","0","0"
"named_recipe","True","True","Jewelcrafting","755","311908","Masterful Phaedrum Necklace","42952","1422","0","0"
"named_recipe","True","True","Jewelcrafting","755","311909","Versatile Solenium Necklace","42954","1422","0","0"
"named_recipe","True","True","Jewelcrafting","755","311948","Mass Prospect Laestrite","42936","1420","0","0"
"named_recipe","True","True","Jewelcrafting","755","311949","Mass Prospect Solenium","42933","1420","0","0"
"named_recipe","True","True","Jewelcrafting","755","311950","Mass Prospect Oxxein","42938","1420","0","0"
"named_recipe","True","True","Jewelcrafting","755","311951","Mass Prospect Phaedrum","42937","1420","0","0"
"named_recipe","True","True","Jewelcrafting","755","311952","Mass Prospect Sinvyr","42935","1420","0","0"
"named_recipe","True","True","Jewelcrafting","755","311953","Mass Prospect Elethium","42934","1420","0","0"
"named_recipe","True","True","Jewelcrafting","755","327920","Shadowghast Ring","44870","1484","0","0"
"named_recipe","True","True","Jewelcrafting","755","327921","Shadowghast Necklace","44871","1484","0","0"
"named_recipe","True","True","Jewelcrafting","755","332039","Shadowghast Ring","45240","1484","0","0"
"named_recipe","True","True","Jewelcrafting","755","332040","Shadowghast Necklace","45241","1484","0","0"
"named_recipe","True","True","Jewelcrafting","755","332074","Shadowghast Ring","45242","1484","0","0"
"named_recipe","True","True","Jewelcrafting","755","332075","Shadowghast Necklace","45243","1484","0","0"
"named_recipe","True","True","Jewelcrafting","755","334548","Crown of the Righteous","45350","1520","0","0"
"named_recipe","True","True","Jewelcrafting","755","338238","Gem Studded Bangle","45546","1530","0","0"
"named_recipe","True","True","Jewelcrafting","755","338239","Engraved Phaedrum Band","45545","1530","0","0"
"named_recipe","True","True","Jewelcrafting","755","338240","Polished Gemstones","45544","1530","0","0"
"named_recipe","True","True","Jewelcrafting","755","338241","Gleaming Kyranite Necklace","45549","1530","0","0"
"named_recipe","True","True","Jewelcrafting","755","338242","Kyranite Dangle","45548","1530","0","0"
"named_recipe","True","True","Jewelcrafting","755","338243","Solenium Wire","45547","1530","0","0"
"named_recipe","True","True","Jewelcrafting","755","338244","Carved Crystal Ring","45552","1530","0","0"
"named_recipe","True","True","Jewelcrafting","755","338245","Hollowed Crystal","45551","1530","0","0"
"named_recipe","True","True","Jewelcrafting","755","338246","Faceted Crystal","45550","1530","0","0"
"named_recipe","True","True","Jewelcrafting","755","338247","Sinister Choker","45555","1530","0","0"
"named_recipe","True","True","Jewelcrafting","755","338248","Brilliant Bauble","45554","1530","0","0"
"named_recipe","True","True","Jewelcrafting","755","338249","Fine Sinvyr Chain","45553","1530","0","0"
"named_recipe","True","True","Jewelcrafting","755","338977","Shadowghast Necklace","45590","1484","0","0"
"named_recipe","True","True","Jewelcrafting","755","338978","Shadowghast Ring","45591","1484","0","0"
"named_recipe","True","True","Jewelcrafting","755","343693","Novice Crafter's Mark","45846","1421","0","0"
"named_recipe","True","True","Jewelcrafting","755","343694","Crafter's Mark of the Chained Isle","46091","1421","0","0"
"named_recipe","True","True","Jewelcrafting","755","343695","Crafter's Mark III","46080","1421","0","0"
"named_recipe","True","True","Jewelcrafting","755","343696","Crafter's Mark II","45848","1421","0","0"
"named_recipe","True","True","Jewelcrafting","755","343697","Crafter's Mark I","45847","1421","0","0"
"named_recipe","True","True","Jewelcrafting","755","352443","Vestige of Origins","46067","1421","0","0"
"named_recipe","True","True","Jewelcrafting","755","355187","Porous Stone Statue","46191","1543","0","0"
"named_recipe","True","True","Jewelcrafting","755","355189","Shaded Stone Statue","46190","1543","0","0"
"named_recipe","True","True","Jewelcrafting","755","359492","Mass Prospect Progenium","46256","1420","0","0"
"named_recipe","True","True","Jewelcrafting","755","359663","Crafter's Mark IV","46269","1421","0","0"
"named_recipe","True","True","Jewelcrafting","755","359672","Crafter's Mark of the First Ones","46276","1421","0","0"
"named_recipe","True","True","Jewelcrafting","755","359701","Vestige of the Eternal","46280","1421","0","0"
"named_recipe","True","True","Jewelcrafting","755","360016","Aealic Harmonizing Stone","46294","1421","0","0"
"named_recipe","True","True","Jewelcrafting","755","360317","Devourer Essence Stone","46298","1421","0","0"
"current_house_decor_recipe","True","True","Jewelcrafting","755","1269502","Kyrian Floating Lamp","56862","2396","0","0"
"current_house_decor_recipe","True","True","Jewelcrafting","755","1269504","Maldraxxian Runic Tablet","56863","2396","0","0"
"named_recipe","True","True","Leatherworking","165","308897","Heavy Callous Hide","44653","1338","0","0"
"named_recipe","True","True","Leatherworking","165","308899","Heavy Desolate Leather","44655","1338","0","0"
"named_recipe","True","True","Leatherworking","165","309173","Drums of Deathly Ferocity","42476","1335","0","0"
"named_recipe","True","True","Leatherworking","165","309174","Desolate Leather Treads","42477","1336","1","0"
"named_recipe","True","True","Leatherworking","165","309175","Desolate Leather Vest","42479","1336","0","0"
"named_recipe","True","True","Leatherworking","165","309176","Desolate Leather Gauntlets","42480","1336","0","0"
"named_recipe","True","True","Leatherworking","165","309177","Desolate Leather Helm","42481","1336","0","0"
"named_recipe","True","True","Leatherworking","165","309178","Desolate Leather Leggings","42482","1336","0","0"
"named_recipe","True","True","Leatherworking","165","309179","Desolate Leather Pauldrons","42483","1336","0","0"
"named_recipe","True","True","Leatherworking","165","309180","Desolate Leather Waistguard","42484","1336","0","0"
"named_recipe","True","True","Leatherworking","165","309181","Desolate Leather Armguards","42485","1336","1","0"
"named_recipe","True","True","Leatherworking","165","309182","Desolate Scale Treads","42486","1339","1","0"
"named_recipe","True","True","Leatherworking","165","309183","Desolate Scale Vest","42487","1339","0","0"
"named_recipe","True","True","Leatherworking","165","309184","Desolate Scale Gauntlets","42488","1339","0","0"
"named_recipe","True","True","Leatherworking","165","309185","Desolate Scale Helm","42489","1339","0","0"
"named_recipe","True","True","Leatherworking","165","309186","Desolate Scale Greaves","42490","1339","0","0"
"named_recipe","True","True","Leatherworking","165","309187","Desolate Scale Pauldrons","42491","1339","0","0"
"named_recipe","True","True","Leatherworking","165","309188","Desolate Scale Waistguard","42492","1339","0","0"
"named_recipe","True","True","Leatherworking","165","309189","Desolate Scale Armguards","42493","1339","1","0"
"named_recipe","True","True","Leatherworking","165","309190","Bone Bound Knuckles","42494","1337","0","0"
"named_recipe","True","True","Leatherworking","165","309191","Desolate Leather Cestus","42495","1337","0","0"
"named_recipe","True","True","Leatherworking","165","309192","Composite Bow","42496","1337","0","0"
"named_recipe","True","True","Leatherworking","165","309193","Composite Crossbow","42497","1337","0","0"
"named_recipe","True","True","Leatherworking","165","309198","Umbrahide Treads","42502","1472","0","0"
"named_recipe","True","True","Leatherworking","165","309199","Umbrahide Vest","42503","1472","0","0"
"named_recipe","True","True","Leatherworking","165","309200","Umbrahide Gauntlets","42504","1472","0","0"
"named_recipe","True","True","Leatherworking","165","309201","Umbrahide Helm","42505","1472","0","0"
"named_recipe","True","True","Leatherworking","165","309202","Umbrahide Leggings","42506","1472","0","0"
"named_recipe","True","True","Leatherworking","165","309203","Umbrahide Pauldrons","42507","1472","0","0"
"named_recipe","True","True","Leatherworking","165","309204","Umbrahide Waistguard","42508","1472","0","0"
"named_recipe","True","True","Leatherworking","165","309205","Umbrahide Armguards","42509","1472","0","0"
"named_recipe","True","True","Leatherworking","165","309206","Boneshatter Treads","42510","1472","0","0"
"named_recipe","True","True","Leatherworking","165","309207","Boneshatter Vest","42511","1472","0","0"
"named_recipe","True","True","Leatherworking","165","309208","Boneshatter Gauntlets","42512","1472","0","0"
"named_recipe","True","True","Leatherworking","165","309209","Boneshatter Helm","42513","1472","0","0"
"named_recipe","True","True","Leatherworking","165","309210","Boneshatter Greaves","42514","1472","0","0"
"named_recipe","True","True","Leatherworking","165","309211","Boneshatter Pauldrons","42515","1472","0","0"
"named_recipe","True","True","Leatherworking","165","309212","Boneshatter Waistguard","42516","1472","0","0"
"named_recipe","True","True","Leatherworking","165","309213","Boneshatter Armguards","42517","1472","0","0"
"named_recipe","True","True","Leatherworking","165","309230","Shadebound Treads","42534","1336","0","0"
"named_recipe","True","True","Leatherworking","165","309231","Shadebound Vest","42535","1336","0","0"
"named_recipe","True","True","Leatherworking","165","309232","Shadebound Gauntlets","42536","1336","0","0"
"named_recipe","True","True","Leatherworking","165","309233","Shadebound Helm","42537","1336","0","0"
"named_recipe","True","True","Leatherworking","165","309234","Shadebound Leggings","42538","1336","0","0"
"named_recipe","True","True","Leatherworking","165","309235","Shadebound Pauldrons","42539","1336","0","0"
"named_recipe","True","True","Leatherworking","165","309236","Shadebound Waistguard","42540","1336","0","0"
"named_recipe","True","True","Leatherworking","165","309237","Shadebound Armguards","42541","1336","0","0"
"named_recipe","True","True","Leatherworking","165","309238","Shadowscale Treads","42542","1339","0","0"
"named_recipe","True","True","Leatherworking","165","309239","Shadowscale Vest","42543","1339","0","0"
"named_recipe","True","True","Leatherworking","165","309240","Shadowscale Gauntlets","42544","1339","0","0"
"named_recipe","True","True","Leatherworking","165","309241","Shadowscale Helm","42545","1339","0","0"
"named_recipe","True","True","Leatherworking","165","309242","Shadowscale Leggings","42546","1339","0","0"
"named_recipe","True","True","Leatherworking","165","309243","Shadowscale Pauldrons","42547","1339","0","0"
"named_recipe","True","True","Leatherworking","165","309244","Shadowscale Waistguard","42548","1339","0","0"
"named_recipe","True","True","Leatherworking","165","309245","Shadowscale Armguards","42549","1339","0","0"
"named_recipe","True","True","Leatherworking","165","324087","Desolate Armor Kit","44560","1471","1","0"
"named_recipe","True","True","Leatherworking","165","324088","Heavy Desolate Armor Kit","44561","1471","0","0"
"named_recipe","True","True","Leatherworking","165","324735","Comfortable Rider's Barding","44652","1476","0","0"
"named_recipe","True","True","Leatherworking","165","332014","Umbrahide Treads","45208","1472","0","0"
"named_recipe","True","True","Leatherworking","165","332015","Umbrahide Vest","45209","1472","0","0"
"named_recipe","True","True","Leatherworking","165","332016","Umbrahide Gauntlets","45210","1472","0","0"
"named_recipe","True","True","Leatherworking","165","332017","Umbrahide Helm","45211","1472","0","0"
"named_recipe","True","True","Leatherworking","165","332018","Umbrahide Leggings","45212","1472","0","0"
"named_recipe","True","True","Leatherworking","165","332019","Umbrahide Pauldrons","45213","1472","0","0"
"named_recipe","True","True","Leatherworking","165","332020","Umbrahide Waistguard","45214","1472","0","0"
"named_recipe","True","True","Leatherworking","165","332021","Umbrahide Armguards","45215","1472","0","0"
"named_recipe","True","True","Leatherworking","165","332022","Boneshatter Treads","45216","1472","0","0"
"named_recipe","True","True","Leatherworking","165","332023","Boneshatter Vest","45217","1472","0","0"
"named_recipe","True","True","Leatherworking","165","332024","Boneshatter Gauntlets","45218","1472","0","0"
"named_recipe","True","True","Leatherworking","165","332025","Boneshatter Helm","45219","1472","0","0"
"named_recipe","True","True","Leatherworking","165","332026","Boneshatter Greaves","45220","1472","0","0"
"named_recipe","True","True","Leatherworking","165","332027","Boneshatter Pauldrons","45221","1472","0","0"
"named_recipe","True","True","Leatherworking","165","332028","Boneshatter Waistguard","45222","1472","0","0"
"named_recipe","True","True","Leatherworking","165","332029","Boneshatter Armguards","45223","1472","0","0"
"named_recipe","True","True","Leatherworking","165","332049","Umbrahide Treads","45224","1472","0","0"
"named_recipe","True","True","Leatherworking","165","332050","Umbrahide Vest","45225","1472","0","0"
"named_recipe","True","True","Leatherworking","165","332051","Umbrahide Gauntlets","45226","1472","0","0"
"named_recipe","True","True","Leatherworking","165","332052","Umbrahide Helm","45227","1472","0","0"
"named_recipe","True","True","Leatherworking","165","332053","Umbrahide Leggings","45228","1472","0","0"
"named_recipe","True","True","Leatherworking","165","332054","Umbrahide Pauldrons","45229","1472","0","0"
"named_recipe","True","True","Leatherworking","165","332055","Umbrahide Waistguard","45230","1472","0","0"
"named_recipe","True","True","Leatherworking","165","332056","Umbrahide Armguards","45231","1472","0","0"
"named_recipe","True","True","Leatherworking","165","332057","Boneshatter Treads","45232","1472","0","0"
"named_recipe","True","True","Leatherworking","165","332058","Boneshatter Vest","45233","1472","0","0"
"named_recipe","True","True","Leatherworking","165","332059","Boneshatter Gauntlets","45234","1472","0","0"
"named_recipe","True","True","Leatherworking","165","332060","Boneshatter Helm","45235","1472","0","0"
"named_recipe","True","True","Leatherworking","165","332061","Boneshatter Greaves","45236","1472","0","0"
"named_recipe","True","True","Leatherworking","165","332062","Boneshatter Pauldrons","45237","1472","0","0"
"named_recipe","True","True","Leatherworking","165","332063","Boneshatter Waistguard","45238","1472","0","0"
"named_recipe","True","True","Leatherworking","165","332064","Boneshatter Armguards","45239","1472","0","0"
"named_recipe","True","True","Leatherworking","165","338253","Dyed Runestag Leather","45556","1531","0","0"
"named_recipe","True","True","Leatherworking","165","338254","Runestag Leather Strap","45557","1531","0","0"
"named_recipe","True","True","Leatherworking","165","338255","Stalker's Leather Quiver","45558","1531","0","0"
"named_recipe","True","True","Leatherworking","165","338257","Steelhide Leather Harness","45561","1531","0","0"
"named_recipe","True","True","Leatherworking","165","338258","Steelhide Leather Belt","45560","1531","0","0"
"named_recipe","True","True","Leatherworking","165","338259","Steelhide Leather Strap","45559","1531","0","0"
"named_recipe","True","True","Leatherworking","165","338260","Bonestudded Fist","45564","1531","0","0"
"named_recipe","True","True","Leatherworking","165","338262","Cleaned Hide","45562","1531","0","0"
"named_recipe","True","True","Leatherworking","165","338263","Courtly Leather Boots","45567","1531","0","0"
"named_recipe","True","True","Leatherworking","165","338264","Tortured Sole","45566","1531","0","0"
"named_recipe","True","True","Leatherworking","165","338265","Softened Leather","45565","1531","0","0"
"named_recipe","True","True","Leatherworking","165","338979","Umbrahide Vest","45592","1472","0","0"
"named_recipe","True","True","Leatherworking","165","338980","Umbrahide Treads","45593","1472","0","0"
"named_recipe","True","True","Leatherworking","165","338981","Umbrahide Gauntlets","45594","1472","0","0"
"named_recipe","True","True","Leatherworking","165","338982","Umbrahide Helm","45595","1472","0","0"
"named_recipe","True","True","Leatherworking","165","338983","Umbrahide Leggings","45596","1472","0","0"
"named_recipe","True","True","Leatherworking","165","338984","Umbrahide Pauldrons","45597","1472","0","0"
"named_recipe","True","True","Leatherworking","165","338985","Umbrahide Waistguard","45598","1472","0","0"
"named_recipe","True","True","Leatherworking","165","338986","Umbrahide Armguards","45599","1472","0","0"
"named_recipe","True","True","Leatherworking","165","338987","Boneshatter Vest","45600","1472","0","0"
"named_recipe","True","True","Leatherworking","165","338988","Boneshatter Treads","45601","1472","0","0"
"named_recipe","True","True","Leatherworking","165","338989","Boneshatter Gauntlets","45602","1472","0","0"
"named_recipe","True","True","Leatherworking","165","338990","Boneshatter Helm","45603","1472","0","0"
"named_recipe","True","True","Leatherworking","165","338991","Boneshatter Greaves","45604","1472","0","0"
"named_recipe","True","True","Leatherworking","165","338992","Boneshatter Pauldrons","45605","1472","0","0"
"named_recipe","True","True","Leatherworking","165","338993","Boneshatter Waistguard","45606","1472","0","0"
"named_recipe","True","True","Leatherworking","165","338994","Boneshatter Armguards","45607","1472","0","0"
"named_recipe","True","True","Leatherworking","165","343189","Crafter's Mark of the Chained Isle","46092","1521","0","0"
"named_recipe","True","True","Leatherworking","165","343192","Crafter's Mark III","46079","1521","0","0"
"named_recipe","True","True","Leatherworking","165","343193","Crafter's Mark II","45749","1521","0","0"
"named_recipe","True","True","Leatherworking","165","343195","Crafter's Mark I","45748","1521","0","0"
"named_recipe","True","True","Leatherworking","165","343660","Novice Crafter's Mark","45769","1521","0","0"
"named_recipe","True","True","Leatherworking","165","352444","Vestige of Origins","46068","1521","0","0"
"named_recipe","True","True","Leatherworking","165","354797","Pallid Oracle Bones","46177","1335","0","0"
"named_recipe","True","True","Leatherworking","165","354800","Pallid Bone Flute","46178","1335","0","0"
"named_recipe","True","True","Leatherworking","165","355354","Elusive Pet Treat","46194","1335","0","0"
"named_recipe","True","True","Leatherworking","165","359662","Crafter's Mark IV","46268","1521","0","0"
"named_recipe","True","True","Leatherworking","165","359669","Crafter's Mark of the First Ones","46277","1521","0","0"
"named_recipe","True","True","Leatherworking","165","359702","Vestige of the Eternal","46281","1521","0","0"
"current_house_decor_recipe","True","True","Leatherworking","165","1263308","Margrave's Stitched Leather Rug","56340","2397","0","0"
"current_house_decor_recipe","True","True","Leatherworking","165","1263313","Maldraxxian Crate","56341","2397","0","0"
"named_recipe","True","True","Tailoring","197","310869","Shrouded Cloth Sandals","42800","1396","1","0"
"named_recipe","True","True","Tailoring","197","310870","Shrouded Cloth Robe","42792","1396","0","0"
"named_recipe","True","True","Tailoring","197","310871","Shrouded Cloth Cape","42793","1396","0","0"
"named_recipe","True","True","Tailoring","197","310872","Shrouded Cloth Mittens","42794","1396","0","0"
"named_recipe","True","True","Tailoring","197","310873","Shrouded Cloth Hood","42795","1396","0","0"
"named_recipe","True","True","Tailoring","197","310874","Shrouded Cloth Pants","42796","1396","0","0"
"named_recipe","True","True","Tailoring","197","310875","Shrouded Cloth Spaulders","42797","1396","0","0"
"named_recipe","True","True","Tailoring","197","310876","Shrouded Cloth Belt","42798","1396","0","0"
"named_recipe","True","True","Tailoring","197","310877","Shrouded Cloth Bracers","42799","1396","1","0"
"named_recipe","True","True","Tailoring","197","310878","Grim-Veiled Sandals","42856","1513","0","0"
"named_recipe","True","True","Tailoring","197","310879","Grim-Veiled Robe","42864","1513","0","0"
"named_recipe","True","True","Tailoring","197","310880","Grim-Veiled Cape","42863","1513","0","0"
"named_recipe","True","True","Tailoring","197","310881","Grim-Veiled Mittens","42862","1513","0","0"
"named_recipe","True","True","Tailoring","197","310882","Grim-Veiled Hood","42861","1513","0","0"
"named_recipe","True","True","Tailoring","197","310883","Grim-Veiled Pants","42860","1513","0","0"
"named_recipe","True","True","Tailoring","197","310884","Grim-Veiled Spaulders","42859","1513","0","0"
"named_recipe","True","True","Tailoring","197","310885","Grim-Veiled Belt","42858","1513","0","0"
"named_recipe","True","True","Tailoring","197","310886","Grim-Veiled Bracers","42857","1513","0","0"
"named_recipe","True","True","Tailoring","197","310896","Shadowlace Footwraps","42810","1396","0","0"
"named_recipe","True","True","Tailoring","197","310897","Shadowlace Tunic","42818","1396","0","0"
"named_recipe","True","True","Tailoring","197","310898","Shadowlace Cloak","42817","1396","0","0"
"named_recipe","True","True","Tailoring","197","310899","Shadowlace Handwraps","42816","1396","0","0"
"named_recipe","True","True","Tailoring","197","310900","Shadowlace Cowl","42815","1396","0","0"
"named_recipe","True","True","Tailoring","197","310901","Shadowlace Trousers","42814","1396","0","0"
"named_recipe","True","True","Tailoring","197","310902","Shadowlace Mantle","42813","1396","0","0"
"named_recipe","True","True","Tailoring","197","310903","Shadowlace Cord","42812","1396","0","0"
"named_recipe","True","True","Tailoring","197","310904","Shadowlace Cuffs","42811","1396","0","0"
"named_recipe","True","True","Tailoring","197","310923","Heavy Shrouded Cloth Bandage","42865","1403","0","0"
"named_recipe","True","True","Tailoring","197","310924","Shrouded Cloth Bandage","42866","1403","1","0"
"named_recipe","True","True","Tailoring","197","332030","Grim-Veiled Sandals","45244","1513","0","0"
"named_recipe","True","True","Tailoring","197","332031","Grim-Veiled Robe","45245","1513","0","0"
"named_recipe","True","True","Tailoring","197","332032","Grim-Veiled Cape","45246","1513","0","0"
"named_recipe","True","True","Tailoring","197","332033","Grim-Veiled Mittens","45247","1513","0","0"
"named_recipe","True","True","Tailoring","197","332034","Grim-Veiled Hood","45248","1513","0","0"
"named_recipe","True","True","Tailoring","197","332035","Grim-Veiled Pants","45249","1513","0","0"
"named_recipe","True","True","Tailoring","197","332036","Grim-Veiled Spaulders","45250","1513","0","0"
"named_recipe","True","True","Tailoring","197","332037","Grim-Veiled Belt","45251","1513","0","0"
"named_recipe","True","True","Tailoring","197","332038","Grim-Veiled Bracers","45252","1513","0","0"
"named_recipe","True","True","Tailoring","197","332065","Grim-Veiled Sandals","45253","1513","0","0"
"named_recipe","True","True","Tailoring","197","332066","Grim-Veiled Robe","45254","1513","0","0"
"named_recipe","True","True","Tailoring","197","332067","Grim-Veiled Cape","45255","1513","0","0"
"named_recipe","True","True","Tailoring","197","332068","Grim-Veiled Mittens","45256","1513","0","0"
"named_recipe","True","True","Tailoring","197","332069","Grim-Veiled Hood","45257","1513","0","0"
"named_recipe","True","True","Tailoring","197","332070","Grim-Veiled Pants","45258","1513","0","0"
"named_recipe","True","True","Tailoring","197","332071","Grim-Veiled Spaulders","45259","1513","0","0"
"named_recipe","True","True","Tailoring","197","332072","Grim-Veiled Belt","45260","1513","0","0"
"named_recipe","True","True","Tailoring","197","332073","Grim-Veiled Bracers","45261","1513","0","0"
"named_recipe","True","True","Tailoring","197","334499","Pink Party Hat","45348","1518","0","0"
"named_recipe","True","True","Tailoring","197","338267","Cloak of Camouflage","45570","1532","0","0"
"named_recipe","True","True","Tailoring","197","338269","Bolt of Ardensilk Cloth","45569","1532","0","0"
"named_recipe","True","True","Tailoring","197","338270","Ardensilk Cloth","45568","1532","0","0"
"named_recipe","True","True","Tailoring","197","338271","Woven Gossamer Tunic","45573","1532","0","0"
"named_recipe","True","True","Tailoring","197","338272","Bolt of Woven Gossamer","45572","1532","0","0"
"named_recipe","True","True","Tailoring","197","338273","Gossamer Cloth","45571","1532","0","0"
"named_recipe","True","True","Tailoring","197","338275","Haunting Hood","45576","1532","0","0"
"named_recipe","True","True","Tailoring","197","338276","Bolt of Bleakcloth","45575","1532","0","0"
"named_recipe","True","True","Tailoring","197","338277","Bleakcloth","45574","1532","0","0"
"named_recipe","True","True","Tailoring","197","338278","Looming Tapestry","45579","1532","0","0"
"named_recipe","True","True","Tailoring","197","338279","Bolt of Prideweave","45578","1532","0","0"
"named_recipe","True","True","Tailoring","197","338280","Prideweave Cloth","45577","1532","0","0"
"named_recipe","True","True","Tailoring","197","338995","Grim-Veiled Cape","45608","1513","0","0"
"named_recipe","True","True","Tailoring","197","338996","Grim-Veiled Robe","45609","1513","0","0"
"named_recipe","True","True","Tailoring","197","338997","Grim-Veiled Sandals","45610","1513","0","0"
"named_recipe","True","True","Tailoring","197","338998","Grim-Veiled Mittens","45611","1513","0","0"
"named_recipe","True","True","Tailoring","197","339000","Grim-Veiled Hood","45612","1513","0","0"
"named_recipe","True","True","Tailoring","197","339001","Grim-Veiled Pants","45613","1513","0","0"
"named_recipe","True","True","Tailoring","197","339002","Grim-Veiled Spaulders","45614","1513","0","0"
"named_recipe","True","True","Tailoring","197","339003","Grim-Veiled Belt","45615","1513","0","0"
"named_recipe","True","True","Tailoring","197","339004","Grim-Veiled Bracers","45616","1513","0","0"
"named_recipe","True","True","Tailoring","197","343200","Crafter's Mark of the Chained Isle","46093","1401","0","0"
"named_recipe","True","True","Tailoring","197","343201","Crafter's Mark III","46078","1401","0","0"
"named_recipe","True","True","Tailoring","197","343202","Crafter's Mark II","45753","1401","0","0"
"named_recipe","True","True","Tailoring","197","343204","Crafter's Mark I","45752","1401","0","0"
"named_recipe","True","True","Tailoring","197","343659","Novice Crafter's Mark","45770","1401","0","0"
"named_recipe","True","True","Tailoring","197","345985","Shrouded Cloth Bag","45893","1538","0","0"
"named_recipe","True","True","Tailoring","197","345986","Lightless Silk Pouch","45894","1538","0","0"
"named_recipe","True","True","Tailoring","197","352445","Vestige of Origins","46069","1401","0","0"
"named_recipe","True","True","Tailoring","197","355183","Shrouded Hand Towel","46192","1518","0","0"
"named_recipe","True","True","Tailoring","197","359661","Crafter's Mark IV","46267","1401","0","0"
"named_recipe","True","True","Tailoring","197","359670","Crafter's Mark of the First Ones","46278","1401","0","0"
"named_recipe","True","True","Tailoring","197","359703","Vestige of the Eternal","46282","1401","0","0"
"current_house_decor_recipe","True","True","Tailoring","197","1263853","Kyrian Aspirant's Rolled Cushion","56395","2398","0","0"
"current_house_decor_recipe","True","True","Tailoring","197","1272575","Heart of the Forest Banner","56993","2398","0","0"
"current_house_decor_recipe","True","True","Tailoring","197","1272578","Aspirant's Ringed Banner","56994","2398","0","0"
