decor_id,catalog_name,catalog_scope,status,acquisition_expansion,source_text,achievement_ids,quest_ids,npc_ids,spell_ids,currency_ids,item_ids,classification_note,acquisition_source_url
"755","Boralus-Style Lobster Platter","bfa_theme","acquisition_bfa_confirmed","bfa","Cooking Battle for Azeroth Cooking (140)","","","","1260337","","","Acquisition source or required content is Battle for Azeroth","https://housing.wowdb.com/decor/755/boralus-style-lobster-platter-755/"
"837","Lordaeron Banded Crate","bfa_theme","acquisition_bfa_confirmed","bfa","Azeroth at War: After Lordaeron Arcanist Peroleth (Port of Zandalar, Dazar'alor) 150 War Resources","12869","","251921","","1560","","Acquisition source or required content is Battle for Azeroth","https://housing.wowdb.com/decor/837/lordaeron-banded-crate-837/"
"838","Lordaeron Banded Barrel","bfa_theme","acquisition_bfa_confirmed","bfa","Azeroth at War: The Barrens Arcanist Peroleth (Port of Zandalar, Dazar'alor) 150 War Resources","12867","","251921","","1560","","Acquisition source or required content is Battle for Azeroth","https://housing.wowdb.com/decor/838/lordaeron-banded-barrel-838/"
"839","Inert Blight Canister","bfa_theme","acquisition_bfa_confirmed","bfa","Provisioner Mukra (Zuldazar) 200 War Resources","","","148924","","1560","","Acquisition source or required content is Battle for Azeroth","https://housing.wowdb.com/decor/839/inert-blight-canister-839/"
"840","Banshee Queen's Banner","bfa_theme","acquisition_bfa_confirmed","bfa","Darkshore Rares","","","","","","","Acquisition source or required content is Battle for Azeroth","https://housing.wowdb.com/decor/840/banshee-queens-banner-840/"
"862","Forsaken Studded Table","bfa_theme","acquisition_bfa_confirmed","bfa","Return to Zuldazar (Stormsong Valley) Arcanist Peroleth (Port of Zandalar, Dazar'alor) 300 War Resources","","51986","251921","","1560","","Acquisition source or required content is Battle for Azeroth","https://housing.wowdb.com/decor/862/forsaken-studded-table-862/"
"863","Tirisfal Wooden Chair","bfa_theme","acquisition_bfa_confirmed","bfa","Return to Zuldazar (Tiragarde Sound) Arcanist Peroleth (Port of Zandalar, Dazar'alor) 200 War Resources","","51984","251921","","1560","","Acquisition source or required content is Battle for Azeroth","https://housing.wowdb.com/decor/863/tirisfal-wooden-chair-863/"
"864","Forsaken Spiked Chair","bfa_theme","acquisition_bfa_confirmed","bfa","The Bridgeport Ride (Tiragarde Sound) To Be Forsaken (Stormsong Valley) +1","","51601;52122","","","","","Acquisition source or required content is Battle for Azeroth","https://housing.wowdb.com/decor/864/forsaken-spiked-chair-864/"
"865","Forsaken Round Rug","bfa_theme","acquisition_bfa_confirmed","bfa","Speaker of the Horde (Zuldazar) Arcanist Peroleth (Port of Zandalar, Dazar'alor) 200 War Resources","","46931","251921","","1560","","Acquisition source or required content is Battle for Azeroth","https://housing.wowdb.com/decor/865/forsaken-round-rug-865/"
"932","Forsaken War Planning Table","bfa_theme","acquisition_bfa_confirmed","bfa","Provisioner Mukra (Zuldazar) 300 War Resources","","","148924","","1560","","Acquisition source or required content is Battle for Azeroth","https://housing.wowdb.com/decor/932/forsaken-war-planning-table-932/"
"933","Lordaeron Spiked Weapon Rack","bfa_theme","acquisition_bfa_confirmed","bfa","Azeroth at War: Kalimdor on Fire Arcanist Peroleth (Port of Zandalar, Dazar'alor) 200 War Resources","12870","","251921","","1560","","Acquisition source or required content is Battle for Azeroth","https://housing.wowdb.com/decor/933/lordaeron-spiked-weapon-rack-933/"
"934","Lordaeron Lantern","bfa_theme","acquisition_bfa_confirmed","bfa","To Be Forsaken Arcanist Peroleth (Port of Zandalar, Dazar'alor) 300 War Resources","","52122","251921","","1560","","Acquisition source or required content is Battle for Azeroth","https://housing.wowdb.com/decor/934/lordaeron-lantern-934/"
"935","Forsaken Long Table","bfa_theme","acquisition_bfa_confirmed","bfa","Return to Zuldazar (Drustvar) Arcanist Peroleth (Port of Zandalar, Dazar'alor) 300 War Resources","","51985","251921","","1560","","Acquisition source or required content is Battle for Azeroth","https://housing.wowdb.com/decor/935/forsaken-long-table-935/"
"936","Lordaeron Hanging Lantern","bfa_theme","acquisition_bfa_confirmed","bfa","With Prince in Tow (The Great Sea) Arcanist Peroleth (Port of Zandalar, Dazar'alor) 300 War Resources","","52978","251921","","1560","","Acquisition source or required content is Battle for Azeroth","https://housing.wowdb.com/decor/936/lordaeron-hanging-lantern-936/"
"937","Large Forsaken War Tent","bfa_theme","acquisition_bfa_confirmed","bfa","Frontline Warrior Provisioner Mukra (Zuldazar) 300 War Resources","13284","","148924","","1560","","Acquisition source or required content is Battle for Azeroth","https://housing.wowdb.com/decor/937/large-forsaken-war-tent-937/"
"938","Small Forsaken War Tent","bfa_theme","acquisition_bfa_confirmed","bfa","Provisioner Mukra (Zuldazar) 200 War Resources","","","148924","","1560","","Acquisition source or required content is Battle for Azeroth","https://housing.wowdb.com/decor/938/small-forsaken-war-tent-938/"
"939","Blightfire Lantern","bfa_theme","acquisition_bfa_confirmed","bfa","Provisioner Mukra (Zuldazar) 150 War Resources","","","148924","","1560","","Acquisition source or required content is Battle for Azeroth","https://housing.wowdb.com/decor/939/blightfire-lantern-939/"
"940","Blightfire Hanging Lantern","bfa_theme","acquisition_bfa_confirmed","bfa","Provisioner Mukra (Zuldazar) 150 War Resources","","","148924","","1560","","Acquisition source or required content is Battle for Azeroth","https://housing.wowdb.com/decor/940/blightfire-hanging-lantern-940/"
"941","Lordaeron Sconce","bfa_theme","acquisition_bfa_confirmed","bfa","Arcanist Peroleth (Port of Zandalar, Dazar'alor) 200 War Resources","","","251921","","1560","","Acquisition source or required content is Battle for Azeroth","https://housing.wowdb.com/decor/941/lordaeron-sconce-941/"
"942","Blightfire Sconce","bfa_theme","acquisition_bfa_confirmed","bfa","Arcanist Peroleth (Port of Zandalar, Dazar'alor) 300 War Resources","","","251921","","1560","","Acquisition source or required content is Battle for Azeroth","https://housing.wowdb.com/decor/942/blightfire-sconce-942/"
"943","Undercity Spiked Chest","bfa_theme","acquisition_bfa_confirmed","bfa","Captain Zen'taga (Port of Zandalar, Dazar'alor) 250 Seafarer's Dubloon","","","148923","","1710","","Acquisition source or required content is Battle for Azeroth","https://housing.wowdb.com/decor/943/undercity-spiked-chest-943/"
"944","Lordaeron Rectangular Rug","bfa_theme","acquisition_bfa_confirmed","bfa","Ready for War Arcanist Peroleth (Port of Zandalar, Dazar'alor) 200 War Resources","12509","","251921","","1560","","Acquisition source or required content is Battle for Azeroth","https://housing.wowdb.com/decor/944/lordaeron-rectangular-rug-944/"
"945","Lordaeron Torch","bfa_theme","acquisition_bfa_confirmed","bfa","Arcanist Peroleth (Port of Zandalar, Dazar'alor) 200 War Resources","","","251921","","1560","","Acquisition source or required content is Battle for Azeroth","https://housing.wowdb.com/decor/945/lordaeron-torch-945/"
"946","Blightfire Torch","bfa_theme","acquisition_bfa_confirmed","bfa","Arcanist Peroleth (Port of Zandalar, Dazar'alor) 300 War Resources","","","251921","","1560","","Acquisition source or required content is Battle for Azeroth","https://housing.wowdb.com/decor/946/blightfire-torch-946/"
"948","Forsaken Spiked Brazier","bfa_theme","acquisition_bfa_confirmed","bfa","Darkshore Rares","","","","","","","Acquisition source or required content is Battle for Azeroth","https://housing.wowdb.com/decor/948/forsaken-spiked-brazier-948/"
"949","Large Forsaken Spiked Brazier","bfa_theme","acquisition_bfa_confirmed","bfa","Provisioner Mukra (Zuldazar) 200 War Resources","","","148924","","1560","","Acquisition source or required content is Battle for Azeroth","https://housing.wowdb.com/decor/949/large-forsaken-spiked-brazier-949/"
"1118","Dark Iron Expedition Tent","full_catalog_acquisition_match","acquisition_bfa_confirmed","bfa","Dark Iron Dwarves (Stormwind City, Blackrock Depths) Dedric Sleetshaper (Dun Morogh) 1200","","53566","253235","","","","Battle for Azeroth Dark Iron Dwarf allied-race quest 53566 is the acquisition requirement despite the Warlords of Draenor theme tag","https://housing.wowdb.com/decor/1118/dark-iron-expedition-tent-1118/"
"1161","Small Mask of Bwonsamdi, Loa of Graves","bfa_theme","acquisition_bfa_confirmed","bfa","Jewelcrafting Battle for Azeroth Jewelcrafting (140)","","","","1260501","","","Acquisition source or required content is Battle for Azeroth","https://housing.wowdb.com/decor/1161/small-mask-of-bwonsamdi-loa-of-graves-1161/"
"1168","Red Dazar'alor Rug","bfa_theme","acquisition_bfa_confirmed","bfa","Tailoring Battle for Azeroth Tailoring (140)","","","","1260458","","","Acquisition source or required content is Battle for Azeroth","https://housing.wowdb.com/decor/1168/red-dazaralor-rug-1168/"
"1170","Zandalari Rickshaw","bfa_theme","acquisition_bfa_confirmed","bfa","The Aid of the Loa (Nazmir) Provisioner Lija (Nazmir) 500 War Resources","","47188","135459","","1560","","Acquisition source or required content is Battle for Azeroth","https://housing.wowdb.com/decor/1170/zandalari-rickshaw-1170/"
"1175","Bookcase of Gonk","bfa_theme","acquisition_bfa_confirmed","bfa","Raptari Rider T'lama (Zuldazar) 500 War Resources","13038","","252326","","1560","","Acquisition source or required content is Battle for Azeroth","https://housing.wowdb.com/decor/1175/bookcase-of-gonk-1175/"
"1178","Dazar'alor Market Tent","bfa_theme","acquisition_bfa_confirmed","bfa","Provisioner Lija (Nazmir) 400 War Resources","","","135459","","1560","","Acquisition source or required content is Battle for Azeroth","https://housing.wowdb.com/decor/1178/dazaralor-market-tent-1178/"
"1179","Bwonsamdi's Golden Gong","bfa_theme","acquisition_bfa_confirmed","bfa","Halting the Empire's Fall (Nazmir) T'lama (Zuldazar) 600 War Resources","","50808","252326","","1560","","Acquisition source or required content is Battle for Azeroth","https://housing.wowdb.com/decor/1179/bwonsamdis-golden-gong-1179/"
"1180","Blue Dazar'alor Rug","bfa_theme","acquisition_bfa_confirmed","bfa","T'lama (Zuldazar) 150 War Resources","","","252326","","1560","","Acquisition source or required content is Battle for Azeroth","https://housing.wowdb.com/decor/1180/blue-dazaralor-rug-1180/"
"1183","Grand Mask of Bwonsamdi, Loa of Graves","full_catalog_acquisition_match","acquisition_bfa_confirmed","bfa","Zandalar Forever! T'lama (Zuldazar) 1200 War Resources","12479","","252326","","1560","","Acquisition source or required content is Battle for Azeroth despite another expansion theme tag","https://housing.wowdb.com/decor/1183/grand-mask-of-bwonsamdi-loa-of-graves-1183/"
"1185","Idol of Pa'ku, Master of Winds","bfa_theme","acquisition_bfa_confirmed","bfa","Paku'ai T'lama (Zuldazar) 200 War Resources","13039","","252326","","1560","","Acquisition source or required content is Battle for Azeroth","https://housing.wowdb.com/decor/1185/idol-of-paku-master-of-winds-1185/"
"1188","Golden Loa's Altar","bfa_theme","acquisition_bfa_confirmed","bfa","Loa Expectations T'lama (Zuldazar) 500 War Resources","12614","","252326","","1560","","Acquisition source or required content is Battle for Azeroth","https://housing.wowdb.com/decor/1188/golden-loas-altar-1188/"
"1189","Stone Zandalari Lamp","bfa_theme","acquisition_bfa_confirmed","bfa","T'lama (Zuldazar) 100 War Resources","","","252326","","1560","","Acquisition source or required content is Battle for Azeroth","https://housing.wowdb.com/decor/1189/stone-zandalari-lamp-1189/"
"1191","Dazar'alor Forge","bfa_theme","acquisition_bfa_confirmed","bfa","Professional Zandalari Master T'lama (Zuldazar) 600 War Resources","12733","","252326","","1560","","Acquisition source or required content is Battle for Azeroth","https://housing.wowdb.com/decor/1191/dazaralor-forge-1191/"
"1192","Zuldazar Stool","bfa_theme","acquisition_bfa_confirmed","bfa","We'll Meet Again (Nazmir) T'lama (Zuldazar) 150 War Resources","","47250","252326","","1560","","Acquisition source or required content is Battle for Azeroth","https://housing.wowdb.com/decor/1192/zuldazar-stool-1192/"
"1193","Tired Troll's Bench","bfa_theme","acquisition_bfa_confirmed","bfa","The Bargain is Struck (Zuldazar) T'lama (Zuldazar) 150 War Resources","","47432","252326","","1560","","Acquisition source or required content is Battle for Azeroth","https://housing.wowdb.com/decor/1193/tired-trolls-bench-1193/"
"1196","Idol of Rezan, Loa of Kings","bfa_theme","acquisition_bfa_confirmed","bfa","To Sacrifice a Loa T'lama (Zuldazar) 200 War Resources","","47741","252326","","1560","","Acquisition source or required content is Battle for Azeroth","https://housing.wowdb.com/decor/1196/idol-of-rezan-loa-of-kings-1196/"
"1197","Zandalari Weapon Rack","bfa_theme","acquisition_bfa_confirmed","bfa","T'lama (Zuldazar) 300 War Resources","","","252326","","1560","","Acquisition source or required content is Battle for Azeroth","https://housing.wowdb.com/decor/1197/zandalari-weapon-rack-1197/"
"1199","Zandalari Sconce","bfa_theme","acquisition_bfa_confirmed","bfa","Provisioner Lija (Nazmir) 150 War Resources","","","135459","","1560","","Acquisition source or required content is Battle for Azeroth","https://housing.wowdb.com/decor/1199/zandalari-sconce-1199/"
"1200","Zandalari Skullfire Lamp","bfa_theme","acquisition_bfa_confirmed","bfa","Jewelcrafting Battle for Azeroth Jewelcrafting (140)","","","","1260492","","","Acquisition source or required content is Battle for Azeroth","https://housing.wowdb.com/decor/1200/zandalari-skullfire-lamp-1200/"
"1205","Golden Zandalari Bed","bfa_theme","acquisition_bfa_confirmed","bfa","Of Dark Deeds and Dark Days (Zuldazar) T'lama (Zuldazar) 1000 War Resources","","50963","252326","","1560","","Acquisition source or required content is Battle for Azeroth","https://housing.wowdb.com/decor/1205/golden-zandalari-bed-1205/"
"1217","Gilded Zandalari Table","bfa_theme","acquisition_bfa_confirmed","bfa","Inscription Battle for Azeroth Inscription (140)","","","","1260577","","","Acquisition source or required content is Battle for Azeroth","https://housing.wowdb.com/decor/1217/gilded-zandalari-table-1217/"
"1218","Red Dazar'alor Tent","bfa_theme","acquisition_bfa_confirmed","bfa","Provisioner Lija (Nazmir) 400 War Resources","","","135459","","1560","","Acquisition source or required content is Battle for Azeroth","https://housing.wowdb.com/decor/1218/red-dazaralor-tent-1218/"
"1241","Zandalari Ritual Drum","bfa_theme","acquisition_bfa_confirmed","bfa","Leatherworking Battle for Azeroth Leatherworking (140)","","","","1260485","","","Acquisition source or required content is Battle for Azeroth","https://housing.wowdb.com/decor/1241/zandalari-ritual-drum-1241/"
"1310","Akunda the Tapestry","bfa_theme","acquisition_bfa_confirmed","bfa","Clearing the Fog (Vol'dun) T'lama (Zuldazar) 400 War Resources","","47874","252326","","1560","","Acquisition source or required content is Battle for Azeroth","https://housing.wowdb.com/decor/1310/akunda-the-tapestry-1310/"
"1311","Zanchuli Tapestry","bfa_theme","acquisition_bfa_confirmed","bfa","Tailoring Battle for Azeroth Tailoring (140)","","","","1260475","","","Acquisition source or required content is Battle for Azeroth","https://housing.wowdb.com/decor/1311/zanchuli-tapestry-1311/"
"1312","Zuldazar Fencepost","bfa_theme","acquisition_bfa_confirmed","bfa","Inscription Battle for Azeroth Inscription (140)","","","","1260508","","","Acquisition source or required content is Battle for Azeroth","https://housing.wowdb.com/decor/1312/zuldazar-fencepost-1312/"
"1313","Zuldazar Fence","bfa_theme","acquisition_bfa_confirmed","bfa","Inscription Battle for Azeroth Inscription (140)","","","","1260564","","","Acquisition source or required content is Battle for Azeroth","https://housing.wowdb.com/decor/1313/zuldazar-fence-1313/"
"1417","Zuldazar Cook's Griddle","bfa_theme","acquisition_bfa_confirmed","bfa","The Zandalari Menu T'lama (Zuldazar) 400 War Resources","12746","","252326","","1560","","Acquisition source or required content is Battle for Azeroth","https://housing.wowdb.com/decor/1417/zuldazar-cooks-griddle-1417/"
"1418","Zandalari Wall Shelf","bfa_theme","acquisition_bfa_confirmed","bfa","Dune Rider T'lama (Zuldazar) 150 War Resources","13018","","252326","","1560","","Acquisition source or required content is Battle for Azeroth","https://housing.wowdb.com/decor/1418/zandalari-wall-shelf-1418/"
"1697","Zocalo Drinks","bfa_theme","acquisition_bfa_confirmed","bfa","The Source of the Problem T'lama (Zuldazar) 150 War Resources","","48554","252326","","1560","","Acquisition source or required content is Battle for Azeroth","https://housing.wowdb.com/decor/1697/zocalo-drinks-1697/"
"1704","Old Salt's Fireplace","bfa_theme","acquisition_bfa_confirmed","bfa","Come Sail Away Pearl Barlow (Tiragarde Sound) 800 War Resources","12582","","252345","","1560","","Acquisition source or required content is Battle for Azeroth","https://housing.wowdb.com/decor/1704/old-salts-fireplace-1704/"
"1836","Elven Temple Brazier","full_catalog_acquisition_match","acquisition_bfa_confirmed","bfa","Darkshore Rares","","","","","","","Acquisition source or required content is Battle for Azeroth despite another expansion theme tag","https://housing.wowdb.com/decor/1836/elven-temple-brazier-1836/"
"1880","Tidesage's Fireplace","bfa_theme","acquisition_bfa_confirmed","bfa","Shrine of the Storm Vol'zith the Whisperer (Shrine of the Storm)","","","","","","","Acquisition source or required content is Battle for Azeroth","https://housing.wowdb.com/decor/1880/tidesages-fireplace-1880/"
"1900","Sagehold Window","bfa_theme","acquisition_bfa_confirmed","bfa","The Abyssal Council Caspian (Stormsong Valley) 350 War Resources","","50783","252313","","1560","","Acquisition source or required content is Battle for Azeroth","https://housing.wowdb.com/decor/1900/sagehold-window-1900/"
"2000","Filigree Moon Sconce","full_catalog_acquisition_match","acquisition_bfa_confirmed","bfa","Darkshore Rares","","","","","","","Acquisition source or required content is Battle for Azeroth despite another expansion theme tag","https://housing.wowdb.com/decor/2000/filigree-moon-sconce-2000/"
"2091","Boralus String Lights","bfa_theme","acquisition_bfa_confirmed","bfa","Provisioner Fray (Boralus) 75 War Resources","","","135808","","1560","","Acquisition source or required content is Battle for Azeroth","https://housing.wowdb.com/decor/2091/boralus-string-lights-2091/"
"2238","Stolen Ironforge Seat","full_catalog_acquisition_match","acquisition_bfa_confirmed","bfa","Freehold Harlan Sweete (Freehold)","","","","","","","Acquisition source or required content is Battle for Azeroth despite another expansion theme tag","https://housing.wowdb.com/decor/2238/stolen-ironforge-seat-2238/"
"2322","Gnomish T.O.O.L.B.O.X.","full_catalog_acquisition_match","acquisition_bfa_confirmed","bfa","M.C., Hammered Stolen Royal Vendorbot (Mechagon) 5 Community Coupons","13723","","150716","","3363","","Acquisition source or required content is Battle for Azeroth despite another expansion theme tag","https://housing.wowdb.com/decor/2322/gnomish-toolbox-2322/"
"2323","Automated Gnomeregan Guardian","full_catalog_acquisition_match","acquisition_bfa_confirmed","bfa","Stolen Royal Vendorbot (Mechagon) 800 & 5 Chain Ignitercoil & 5 Galvanic Oscillator","","","150716","","","168327;168832","Acquisition source or required content is Battle for Azeroth despite another expansion theme tag","https://housing.wowdb.com/decor/2323/automated-gnomeregan-guardian-2323/"
"2324","Retired Industrial Gnomegrabber","bfa_theme","acquisition_bfa_confirmed","bfa","Self-Assembling Homeware Kit (Mechagon)","","","","","","","Acquisition source or required content is Battle for Azeroth","https://housing.wowdb.com/decor/2324/retired-industrial-gnomegrabber-2324/"
"2325","Mechanical Gnomish Lamppost","bfa_theme","acquisition_bfa_confirmed","bfa","Junkyard Tinkering","","","","","","","Acquisition source or required content is Battle for Azeroth","https://housing.wowdb.com/decor/2325/mechanical-gnomish-lamppost-2325/"
"2326","Redundant Reclamation Rig","bfa_theme","acquisition_bfa_confirmed","bfa","Diversified Investments Stolen Royal Vendorbot (Mechagon) 400 & 1 Chain Ignitercoil & 2 Energy Cell","13473","","150716","","","168327;170500","Acquisition source or required content is Battle for Azeroth","https://housing.wowdb.com/decor/2326/redundant-reclamation-rig-2326/"
"2327","Mechagon Hanging Floodlight","bfa_theme","acquisition_bfa_confirmed","bfa","Stolen Royal Vendorbot (Mechagon) 1 Energy Cell","","","150716","","","170500","Acquisition source or required content is Battle for Azeroth","https://housing.wowdb.com/decor/2327/mechagon-hanging-floodlight-2327/"
"2328","Mechagnome Sustenance Distributor","bfa_theme","acquisition_bfa_confirmed","bfa","Junkyard Tinkering","","","","","","","Acquisition source or required content is Battle for Azeroth","https://housing.wowdb.com/decor/2328/mechagnome-sustenance-distributor-2328/"
"2329","Gnomish Tesla Mega-Coil","bfa_theme","acquisition_bfa_confirmed","bfa","Engineering Battle for Azeroth Engineering (140)","","","","1260352","","","Acquisition source or required content is Battle for Azeroth","https://housing.wowdb.com/decor/2329/gnomish-tesla-mega-coil-2329/"
"2330","Gnomish Tesla Coil","bfa_theme","acquisition_bfa_confirmed","bfa","Spare A Chair (quest 92580) requires purchasing Bolt Chair in Rustbolt, Mechagon for 10 Spare Parts; later sold by Second Chair Pawdo","","92580","252312;150716","","","166846","The quest reward is unlocked by a required BFA Mechagon purchase; the later Pawdo vendor does not change ownership","https://housing.wowdb.com/decor/2330/gnomish-tesla-coil-2330/"
"2337","Small Emergency Warning Lamp","bfa_theme","acquisition_bfa_confirmed","bfa","Stolen Royal Vendorbot (Mechagon) 1 Energy Cell","","","150716","","","170500","Acquisition source or required content is Battle for Azeroth","https://housing.wowdb.com/decor/2337/small-emergency-warning-lamp-2337/"
"2338","Emergency Warning Lamp","bfa_theme","acquisition_bfa_confirmed","bfa","Stolen Royal Vendorbot (Mechagon) 80 & 1 Energy Cell","","","150716","","","170500","Acquisition source or required content is Battle for Azeroth","https://housing.wowdb.com/decor/2338/emergency-warning-lamp-2338/"
"2339","Mechagon Eyelight Lamp","bfa_theme","acquisition_bfa_confirmed","bfa","Stolen Royal Vendorbot (Mechagon) 120 & 2 Energy Cell","","","150716","","","170500","Acquisition source or required content is Battle for Azeroth","https://housing.wowdb.com/decor/2339/mechagon-eyelight-lamp-2339/"
"2340","Mechagon Miniature Artificial Sun","bfa_theme","acquisition_bfa_confirmed","bfa","Engineering Battle for Azeroth Engineering (140)","","","","1260425","","","Acquisition source or required content is Battle for Azeroth","https://housing.wowdb.com/decor/2340/mechagon-miniature-artificial-sun-2340/"
"2341","Gnomish Safety Flamethrower","bfa_theme","acquisition_bfa_confirmed","bfa","Stolen Royal Vendorbot (Mechagon) 160 & 2 Galvanic Oscillator","","","150716","","","168832","Acquisition source or required content is Battle for Azeroth","https://housing.wowdb.com/decor/2341/gnomish-safety-flamethrower-2341/"
"2343","Large H.O.M.E. Cog","bfa_theme","acquisition_bfa_confirmed","bfa","Stolen Royal Vendorbot (Mechagon) 80 & 2 S.P.A.R.E. Crate","","","150716","","","169610","Acquisition source or required content is Battle for Azeroth","https://housing.wowdb.com/decor/2343/large-home-cog-2343/"
"2427","Gnomish Fencepost","bfa_theme","acquisition_bfa_confirmed","bfa","Junkyard Tinkering","","","","","","","Acquisition source or required content is Battle for Azeroth","https://housing.wowdb.com/decor/2427/gnomish-fencepost-2427/"
"2428","Gnomish Fence","bfa_theme","acquisition_bfa_confirmed","bfa","Junkyard Tinkering","","","","","","","Acquisition source or required content is Battle for Azeroth","https://housing.wowdb.com/decor/2428/gnomish-fence-2428/"
"2429","Perpetual Motion Crate","bfa_theme","acquisition_bfa_confirmed","bfa","Junkyard Tinkering","","","","","","","Acquisition source or required content is Battle for Azeroth","https://housing.wowdb.com/decor/2429/perpetual-motion-crate-2429/"
"2430","Screw-Sealed Stembarrel","bfa_theme","acquisition_bfa_confirmed","bfa","Junkyard Apprentice Stolen Royal Vendorbot (Mechagon) 1 S.P.A.R.E. Crate","13477","","150716","","","169610","Acquisition source or required content is Battle for Azeroth","https://housing.wowdb.com/decor/2430/screw-sealed-stembarrel-2430/"
"2431","Self-Sealing Stembarrel","bfa_theme","acquisition_bfa_confirmed","bfa","Self-Assembling Homeware Kit (Mechagon)","","","","","","","Acquisition source or required content is Battle for Azeroth","https://housing.wowdb.com/decor/2431/self-sealing-stembarrel-2431/"
"2432","Small Mechanical Crate","bfa_theme","acquisition_bfa_confirmed","bfa","Self-Assembling Homeware Kit (Mechagon)","","","","","","","Acquisition source or required content is Battle for Azeroth","https://housing.wowdb.com/decor/2432/small-mechanical-crate-2432/"
"2433","Bolt Chair","bfa_theme","acquisition_bfa_confirmed","bfa","Second Chair Pawdo (Dornogal) Stolen Royal Vendorbot (Mechagon) 10 Spare Parts","","","252312;150716","","","166846","Includes a BFA Mechagon Spare Parts acquisition path; later Dornogal path does not change earliest ownership","https://housing.wowdb.com/decor/2433/bolt-chair-2433/"
"2434","Small H.O.M.E. Cog","bfa_theme","acquisition_bfa_confirmed","bfa","Self-Assembling Homeware Kit (Mechagon)","","","","","","","Acquisition source or required content is Battle for Azeroth","https://housing.wowdb.com/decor/2434/small-home-cog-2434/"
"2435","Gnomish Cog Stack","bfa_theme","acquisition_bfa_confirmed","bfa","Junkyard Scavenger Stolen Royal Vendorbot (Mechagon) 50 Spare Parts","13475","","150716","","","166846","Acquisition source or required content is Battle for Azeroth","https://housing.wowdb.com/decor/2435/gnomish-cog-stack-2435/"
"2436","Deactivated Atomic Recalibrator","bfa_theme","acquisition_bfa_confirmed","bfa","Engineering Battle for Azeroth Engineering (140)","","","","1260349","","","Acquisition source or required content is Battle for Azeroth","https://housing.wowdb.com/decor/2436/deactivated-atomic-recalibrator-2436/"
"2437","Mecha-Storage Mecha-Chest","bfa_theme","acquisition_bfa_confirmed","bfa","Stolen Royal Vendorbot (Mechagon) 120 & 2 Chain Ignitercoil","","","150716","","","168327","Acquisition source or required content is Battle for Azeroth","https://housing.wowdb.com/decor/2437/mecha-storage-mecha-chest-2437/"
"2438","Mechagon Armory Rack","bfa_theme","acquisition_bfa_confirmed","bfa","Junkyard Tinkering","","","","","","","Acquisition source or required content is Battle for Azeroth","https://housing.wowdb.com/decor/2438/mechagon-armory-rack-2438/"
"2466","Gnomish Sprocket Table","bfa_theme","acquisition_bfa_confirmed","bfa","The Start of Something Bigger (Tiragarde Sound) To Mechagon! (Zuldazar) +1","","55651","","","","","Acquisition source or required content is Battle for Azeroth","https://housing.wowdb.com/decor/2466/gnomish-sprocket-table-2466/"
"2467","Double-Sprocket Table","bfa_theme","acquisition_bfa_confirmed","bfa","Welcome to the Resistance (Mechagon) Stolen Royal Vendorbot (Mechagon) 3 S.P.A.R.E. Crate","","55736","150716","","","169610","Acquisition source or required content is Battle for Azeroth","https://housing.wowdb.com/decor/2467/double-sprocket-table-2467/"
"3837","MOTHER's Titanic Brazier","bfa_theme","acquisition_bfa_confirmed","bfa","A Farewell to Arms MOTHER (Chamber of Heart) 10000 Echoes of Ny'alotha","40953","","152194","","1803","","Acquisition source or required content is Battle for Azeroth","https://housing.wowdb.com/decor/3837/mothers-titanic-brazier-3837/"
"3838","N'Zoth's Captured Eye","bfa_theme","acquisition_bfa_confirmed","bfa","A Farewell to Arms MOTHER (Chamber of Heart) 10000 Echoes of Ny'alotha","40953","","152194","","1803","","Acquisition source or required content is Battle for Azeroth","https://housing.wowdb.com/decor/3838/nzoths-captured-eye-3838/"
"8983","Boralus Barrel","bfa_theme","acquisition_bfa_confirmed","bfa","Inscription Battle for Azeroth Inscription (140)","","","","1260583","","","Acquisition source or required content is Battle for Azeroth","https://housing.wowdb.com/decor/8983/boralus-barrel-8983/"
"8984","Tidesage's Bookcase","bfa_theme","acquisition_bfa_confirmed","bfa","Provisioner Fray (Boralus) 500 War Resources","","","135808","","1560","","Acquisition source or required content is Battle for Azeroth","https://housing.wowdb.com/decor/8984/tidesages-bookcase-8984/"
"9035","Admiralty's Upholstered Chair","bfa_theme","acquisition_bfa_confirmed","bfa","Proudmoore's Parley Pearl Barlow (Tiragarde Sound) 400 War Resources","","50972","252345","","1560","","Acquisition source or required content is Battle for Azeroth","https://housing.wowdb.com/decor/9035/admiraltys-upholstered-chair-9035/"
"9036","Boralus Fence","bfa_theme","acquisition_bfa_confirmed","bfa","Provisioner Fray (Boralus) 100 War Resources","","","135808","","1560","","Acquisition source or required content is Battle for Azeroth","https://housing.wowdb.com/decor/9036/boralus-fence-9036/"
"9037","Boralus Fencepost","bfa_theme","acquisition_bfa_confirmed","bfa","Provisioner Fray (Boralus) 50 War Resources","","","135808","","1560","","Acquisition source or required content is Battle for Azeroth","https://housing.wowdb.com/decor/9037/boralus-fencepost-9037/"
"9038","Proudmoore Shipping Crate","bfa_theme","acquisition_bfa_confirmed","bfa","Inscription Battle for Azeroth Inscription (140)","","","","1260593","","","Acquisition source or required content is Battle for Azeroth","https://housing.wowdb.com/decor/9038/proudmoore-shipping-crate-9038/"
"9039","Small Hull'n'Home Table","bfa_theme","acquisition_bfa_confirmed","bfa","Janey Forrest (Tiragarde Sound) 450 War Resources","","","246721","","1560","","Acquisition source or required content is Battle for Azeroth","https://housing.wowdb.com/decor/9039/small-hullnhome-table-9039/"
"9040","Large Hull'n'Home Table","bfa_theme","acquisition_bfa_confirmed","bfa","Janey Forrest (Tiragarde Sound) 750 War Resources","","","246721","","1560","","Acquisition source or required content is Battle for Azeroth","https://housing.wowdb.com/decor/9040/large-hullnhome-table-9040/"
"9041","Admiral's Chandelier","bfa_theme","acquisition_bfa_confirmed","bfa","Mountain Sounds Delphine 250 War Resources","","48089","252316","","1560","","Acquisition source or required content is Battle for Azeroth","https://housing.wowdb.com/decor/9041/admirals-chandelier-9041/"
"9042","Hull'n'Home Dresser","bfa_theme","acquisition_bfa_confirmed","bfa","Janey Forrest (Tiragarde Sound) 500 War Resources","","","246721","","1560","","Acquisition source or required content is Battle for Azeroth","https://housing.wowdb.com/decor/9042/hullnhome-dresser-9042/"
"9043","Bowhull Bookcase","bfa_theme","acquisition_bfa_confirmed","bfa","Caspian (Stormsong Valley) 550 War Resources","","","252313","","1560","","Acquisition source or required content is Battle for Azeroth","https://housing.wowdb.com/decor/9043/bowhull-bookcase-9043/"
"9044","Brennadam Coop","bfa_theme","acquisition_bfa_confirmed","bfa","Carry On (Tiragarde Sound, Stormsong Valley) Caspian (Stormsong Valley) 450 War Resources","","51401","252313","","1560","","Acquisition source or required content is Battle for Azeroth","https://housing.wowdb.com/decor/9044/brennadam-coop-9044/"
"9045","Admiralty's Copper Lantern","bfa_theme","acquisition_bfa_confirmed","bfa","Caspian (Stormsong Valley) 125 War Resources","","","252313","","1560","","Acquisition source or required content is Battle for Azeroth","https://housing.wowdb.com/decor/9045/admiraltys-copper-lantern-9045/"
"9046","Brennadam Grinder","bfa_theme","acquisition_bfa_confirmed","bfa","Blacksmithing Battle for Azeroth Blacksmithing (140)","","","","1260691","","","Acquisition source or required content is Battle for Azeroth","https://housing.wowdb.com/decor/9046/brennadam-grinder-9046/"
"9047","Stormsong Water Pump","bfa_theme","acquisition_bfa_confirmed","bfa","Caspian (Stormsong Valley) 200 War Resources","","","252313","","1560","","Acquisition source or required content is Battle for Azeroth","https://housing.wowdb.com/decor/9047/stormsong-water-pump-9047/"
"9048","Stormsong Stove","bfa_theme","acquisition_bfa_confirmed","bfa","Blacksmithing Battle for Azeroth Blacksmithing (140)","","","","1260692","","","Acquisition source or required content is Battle for Azeroth","https://housing.wowdb.com/decor/9048/stormsong-stove-9048/"
"9049","Tiragarde Emblem","bfa_theme","acquisition_bfa_confirmed","bfa","War Marches On (Tiragarde Sound) Pearl Barlow (Tiragarde Sound) 500 War Resources","","53887","252345","","1560","","Acquisition source or required content is Battle for Azeroth","https://housing.wowdb.com/decor/9049/tiragarde-emblem-9049/"
"9050","Boralus Bookshelf","bfa_theme","acquisition_bfa_confirmed","bfa","Inscription Battle for Azeroth Inscription (140)","","","","1260596","","","Acquisition source or required content is Battle for Azeroth","https://housing.wowdb.com/decor/9050/boralus-bookshelf-9050/"
"9051","Tidesage's Double Bookshelves","bfa_theme","acquisition_bfa_confirmed","bfa","Provisioner Fray (Boralus) 450 War Resources","","","135808","","1560","","Acquisition source or required content is Battle for Azeroth","https://housing.wowdb.com/decor/9051/tidesages-double-bookshelves-9051/"
"9052","Admiral's Bed","bfa_theme","acquisition_bfa_confirmed","bfa","Allegiance of Kul Tiras (Stormwind City, Boralus Harbor, Stormsong Valley) Pearl Barlow (Tiragarde Sound) 550 War Resources","","53720","252345","","1560","","Acquisition source or required content is Battle for Azeroth","https://housing.wowdb.com/decor/9052/admirals-bed-9052/"
"9053","Hull'n'Home Chair","bfa_theme","acquisition_bfa_confirmed","bfa","Janey Forrest (Tiragarde Sound) 300 War Resources","","","246721","","1560","","Acquisition source or required content is Battle for Azeroth","https://housing.wowdb.com/decor/9053/hullnhome-chair-9053/"
"9054","Admiral's Low-Hanging Chandelier","bfa_theme","acquisition_bfa_confirmed","bfa","Delphine 250 War Resources","","","252316","","1560","","Acquisition source or required content is Battle for Azeroth","https://housing.wowdb.com/decor/9054/admirals-low-hanging-chandelier-9054/"
"9055","Green Boralus Market Tent","bfa_theme","acquisition_bfa_confirmed","bfa","Stow and Go Pearl Barlow (Tiragarde Sound) 375 War Resources","","47489","252345","","1560","","Acquisition source or required content is Battle for Azeroth","https://housing.wowdb.com/decor/9055/green-boralus-market-tent-9055/"
"9139","Copper Stormsong Well","bfa_theme","acquisition_bfa_confirmed","bfa","Caspian (Stormsong Valley) 800 War Resources","","","252313","","1560","","Acquisition source or required content is Battle for Azeroth","https://housing.wowdb.com/decor/9139/copper-stormsong-well-9139/"
"9140","Tiragarde Treasure Chest","bfa_theme","acquisition_bfa_confirmed","bfa","The Long Con Pearl Barlow (Tiragarde Sound) 650 War Resources","13049","","252345","","1560","","Acquisition source or required content is Battle for Azeroth","https://housing.wowdb.com/decor/9140/tiragarde-treasure-chest-9140/"
"9141","Proudmoore Green Drape","bfa_theme","acquisition_bfa_confirmed","bfa","The Pride of Kul Tiras Pearl Barlow (Tiragarde Sound) 300 War Resources","12997","","252345","","1560","","Acquisition source or required content is Battle for Azeroth","https://housing.wowdb.com/decor/9141/proudmoore-green-drape-9141/"
"9142","Copper Tidesage's Sconce","bfa_theme","acquisition_bfa_confirmed","bfa","Storm's Vengeance (Stormsong Valley) Caspian (Stormsong Valley) 175 War Resources","","50611","252313","","1560","","Acquisition source or required content is Battle for Azeroth","https://housing.wowdb.com/decor/9142/copper-tidesages-sconce-9142/"
"9166","Seaworthy Boralus Bell","bfa_theme","acquisition_bfa_confirmed","bfa","My Brother's Keeper (Dustwallow Marsh, Tiragarde Sound) Pearl Barlow (Tiragarde Sound) 800 War Resources","","55045","252345","","1560","","Acquisition source or required content is Battle for Azeroth","https://housing.wowdb.com/decor/9166/seaworthy-boralus-bell-9166/"
"10887","Gnomish Tesla Tower","bfa_theme","acquisition_bfa_confirmed","bfa","Operation: Mechagon King Mechagon","","","","","","","Acquisition source or required content is Battle for Azeroth","https://housing.wowdb.com/decor/10887/gnomish-tesla-tower-10887/"
"11319","Zandalari War Chandelier","full_catalog_acquisition_match","acquisition_bfa_confirmed","bfa","T'lama (Zuldazar) 300 War Resources","","","252326","","1560","","Acquisition source or required content is Battle for Azeroth despite another expansion theme tag","https://housing.wowdb.com/decor/11319/zandalari-war-chandelier-11319/"
"11381","Boralus Bottle Lamp","bfa_theme","acquisition_bfa_confirmed","bfa","Alchemy Battle for Azeroth Alchemy (140)","","","","1262005","","","Acquisition source or required content is Battle for Azeroth","https://housing.wowdb.com/decor/11381/boralus-bottle-lamp-11381/"
"11382","Zandalari Bottle Shipment","bfa_theme","acquisition_bfa_confirmed","bfa","Alchemy Battle for Azeroth Alchemy (140)","","","","1262151","","","Acquisition source or required content is Battle for Azeroth","https://housing.wowdb.com/decor/11382/zandalari-bottle-shipment-11382/"
"11484","Zandalari War Torch","full_catalog_acquisition_match","acquisition_bfa_confirmed","bfa","Provisioner Lija (Nazmir) 150 War Resources","","","135459","","1560","","Acquisition source or required content is Battle for Azeroth despite another expansion theme tag","https://housing.wowdb.com/decor/11484/zandalari-war-torch-11484/"
"11489","Zandalari War Brazier","full_catalog_acquisition_match","acquisition_bfa_confirmed","bfa","T'lama (Zuldazar) 300 War Resources","","","252326","","1560","","Acquisition source or required content is Battle for Azeroth despite another expansion theme tag","https://housing.wowdb.com/decor/11489/zandalari-war-brazier-11489/"
"11814","Gnomeregan Recyli-Kiln","bfa_theme","acquisition_bfa_confirmed","bfa","Strange Recycling Requisition (Mechagon)","","","","","","","Acquisition source or required content is Battle for Azeroth","https://housing.wowdb.com/decor/11814/gnomeregan-recyli-kiln-11814/"
"12162","Sandfury Diplomat's Banner","bfa_theme","acquisition_bfa_confirmed","bfa","Leatherworking Battle for Azeroth Leatherworking (140)","","","","1263859","","","Acquisition source or required content is Battle for Azeroth","https://housing.wowdb.com/decor/12162/sandfury-diplomats-banner-12162/"
"12163","Tidesage's Totem","bfa_theme","acquisition_bfa_confirmed","bfa","Enchanting Battle for Azeroth Enchanting (140)","","","","1263870","","","Acquisition source or required content is Battle for Azeroth","https://housing.wowdb.com/decor/12163/tidesages-totem-12163/"
"12164","Drust Enchanter's Rod","bfa_theme","acquisition_bfa_confirmed","bfa","Enchanting Battle for Azeroth Enchanting (140)","","","","1263877","","","Acquisition source or required content is Battle for Azeroth","https://housing.wowdb.com/decor/12164/drust-enchanters-rod-12164/"
"12210","Hull'n'Home Window","bfa_theme","acquisition_bfa_confirmed","bfa","Janey Forrest (Tiragarde Sound) 175 War Resources","","","246721","","1560","","Acquisition source or required content is Battle for Azeroth","https://housing.wowdb.com/decor/12210/hullnhome-window-12210/"
"18484","Crucible Votive Rack","bfa_theme","acquisition_bfa_confirmed","bfa","Zaxasj the Speaker (Crucible of Storms) Crucible of Storms The Restless Cabal","","","","","","","Acquisition source or required content is Battle for Azeroth","https://housing.wowdb.com/decor/18484/crucible-votive-rack-18484/"
"26198","Hatchery of Hissing Eggs","bfa_theme","acquisition_bfa_confirmed","bfa","Temple of Sethraliss Avatar of Sethraliss","","","","","","","Acquisition source or required content is Battle for Azeroth","https://housing.wowdb.com/decor/26198/hatchery-of-hissing-eggs-26198/"
"26208","Royal Attendant's Coffin","bfa_theme","acquisition_bfa_confirmed","bfa","Kings' Rest Dazar, The First King","","","","","","","Acquisition source or required content is Battle for Azeroth","https://housing.wowdb.com/decor/26208/royal-attendants-coffin-26208/"
