"decor_id","item_id","catalog_name","catalog_scope","status","acquisition_expansion","source_kind","source_text","achievement_ids","quest_ids","npc_ids","source_spell_ids","currency_ids","source_item_ids","classification_note","acquisition_source_url","classic_achievement_ids","classic_quest_ids","classic_recipe_spell_ids","classic_text_signal"
"854","245502","Brill Coffin","classic_theme","acquisition_classic_confirmed","classic","crafted","3 Brill Coffin Furnishings › Storage Crafting: Inscription Profession: Classic Inscription (240)","","","","1261572","","","Current acquisition requires original World of Warcraft content","https://housing.wowdb.com/decor/854/brill-coffin-854/","","","1261572","False"
"922","245503","Brill Coffin Lid","classic_theme","acquisition_classic_confirmed","classic","crafted","3 Brill Coffin Lid Furnishings › Storage Crafting: Inscription Profession: Classic Inscription (240)","","","","1261549","","","Current acquisition requires original World of Warcraft content","https://housing.wowdb.com/decor/922/brill-coffin-lid-922/","","","1261549","False"
"1119","242948","Loch Modan Bearskin Rug","global_acquisition_match","acquisition_classic_confirmed","classic","crafted","5 Loch Modan Bearskin Rug Accents › Floor Crafting: Leatherworking Profession: Classic Leatherworking (240)","","","","1261672","","","Current acquisition requires original World of Warcraft content","https://housing.wowdb.com/decor/1119/loch-modan-bearskin-rug-1119/","","","1261672","False"
"1282","243336","Elder Rise Rug","classic_theme","acquisition_classic_confirmed","classic","crafted","3 Elder Rise Rug Accents › Floor Crafting: Tailoring Profession: Classic Tailoring (240)","","","","1261688","","","Current acquisition requires original World of Warcraft content","https://housing.wowdb.com/decor/1282/elder-rise-rug-1282/","","","1261688","False"
"2001","246111","Shadowforge Sconce","classic_theme","acquisition_classic_confirmed","classic","crafted","1 Shadowforge Sconce Lighting › Wall Lights Crafting: Blacksmithing Profession: Classic Blacksmithing (240)","","","","1261497","","","Current acquisition requires original World of Warcraft content","https://housing.wowdb.com/decor/2001/shadowforge-sconce-2001/","","","1261497","False"
"2227","246410","Dark Iron Table Saw","classic_theme","acquisition_classic_confirmed","classic","crafted","3 Dark Iron Table Saw Furnishings › Tables and Desks Crafting: Engineering Profession: Classic Engineering (240)","","","","1261509","","","Current acquisition requires original World of Warcraft content","https://housing.wowdb.com/decor/2227/dark-iron-table-saw-2227/","","","1261509","False"
"2230","246413","Blackrock Lamppost","classic_theme","acquisition_classic_confirmed","classic","crafted","3 Blackrock Lamppost Lighting › Large Lights Crafting: Jewelcrafting Profession: Classic Jewelcrafting (240)","","","","1261667","","","Current acquisition requires original World of Warcraft content","https://housing.wowdb.com/decor/2230/blackrock-lamppost-2230/","","","1261667","False"
"2237","246420","Kharanos Bookcase","classic_theme","acquisition_classic_confirmed","classic","crafted","5 Kharanos Bookcase Furnishings › Storage Crafting: Inscription Profession: Classic Inscription (240)","","","","1261587","","","Current acquisition requires original World of Warcraft content","https://housing.wowdb.com/decor/2237/kharanos-bookcase-2237/","","","1261587","False"
"2240","246423","Wooden Ironforge Table","classic_theme","acquisition_classic_confirmed","classic","crafted","3 Wooden Ironforge Table Furnishings › Tables and Desks Crafting: Inscription Profession: Classic Inscription (240)","","","","1261644","","","Current acquisition requires original World of Warcraft content","https://housing.wowdb.com/decor/2240/wooden-ironforge-table-2240/","","","1261644","False"
"2246","246429","Dark Iron Chandelier","classic_theme","acquisition_classic_confirmed","classic","drop","1 Dark Iron Chandelier Lighting › Ceiling Lights Encounter: Emperor Dagran Thaurissan (Blackrock Depths)","","","","","","","Current acquisition requires original World of Warcraft content","https://housing.wowdb.com/decor/2246/dark-iron-chandelier-2246/","","","","True"
"2331","246488","Ironforge Chandelier","classic_theme","acquisition_classic_confirmed","classic","crafted","1 Ironforge Chandelier Lighting › Ceiling Lights Crafting: Jewelcrafting Profession: Classic Jewelcrafting (240)","","","","1261659","","","Current acquisition requires original World of Warcraft content","https://housing.wowdb.com/decor/2331/ironforge-chandelier-2331/","","","1261659","False"
"2332","246489","Steel Ironforge Emblem","classic_theme","acquisition_classic_confirmed","classic","crafted","3 Steel Ironforge Emblem Accents › Wall Hangings Crafting: Blacksmithing Profession: Classic Blacksmithing (240)","","","","1261499","","","Current acquisition requires original World of Warcraft content","https://housing.wowdb.com/decor/2332/steel-ironforge-emblem-2332/","","","1261499","False"
"2452","246685","Dwarven District Banner","classic_theme","acquisition_classic_confirmed","classic","crafted","5 Dwarven District Banner Accents › Wall Hangings Crafting: Tailoring Profession: Classic Tailoring (240)","","","","1261695","","","Current acquisition requires original World of Warcraft content","https://housing.wowdb.com/decor/2452/dwarven-district-banner-2452/","","","1261695","False"
"2465","246700","Gnomish Steam-Powered Bed","global_acquisition_match","acquisition_classic_confirmed","classic","crafted","1 Gnomish Steam-Powered Bed Furnishings › Beds Crafting: Engineering Profession: Classic Engineering (240)","","","","1261504","","","Current acquisition requires original World of Warcraft content","https://housing.wowdb.com/decor/2465/gnomish-steam-powered-bed-2465/","","","1261504","False"
"3893","247756","Challenger's Dueling Flag","classic_theme","acquisition_classic_confirmed","classic","achievement","3 Challenger's Dueling Flag Accents › Ornamental Duel-icious Joruh (Orgrimmar) 1000 Honor +1 more source","1157","","254606","","1792","","Current acquisition requires original World of Warcraft content","https://housing.wowdb.com/decor/3893/challengers-dueling-flag-3893/","1157","","","False"
"9266","253250","Tirisfal Hollow Campfire","classic_theme","acquisition_classic_confirmed","classic","crafted","1 Tirisfal Hollow Campfire Lighting › Misc Lighting Crafting: Enchanting Profession: Classic Enchanting (240)","","","","1261501","","","Current acquisition requires original World of Warcraft content","https://housing.wowdb.com/decor/9266/tirisfal-hollow-campfire-9266/","","","1261501","False"
"11274","256673","Stormwind Forge","global_acquisition_match","acquisition_classic_confirmed","classic","quest","5 Stormwind Forge Structural › Misc Structural A Binding Contract Captain Lancy Revshon (Stormwind City) 950","","7604","49877","","","","Current acquisition requires original World of Warcraft content","https://housing.wowdb.com/decor/11274/stormwind-forge-11274/","","7604","","False"
"11376","257041","Stoppered Black Potion","classic_theme","acquisition_classic_confirmed","classic","crafted","1 Stoppered Black Potion Accents › Ornamental Crafting: Alchemy Profession: Classic Alchemy (240)","","","","1261495","","","Current acquisition requires original World of Warcraft content","https://housing.wowdb.com/decor/11376/stoppered-black-potion-11376/","","","1261495","False"
"11438","257100","Apothecary's Worktable","classic_theme","acquisition_classic_confirmed","classic","crafted","3 Apothecary's Worktable Furnishings › Tables and Desks Crafting: Alchemy Profession: Classic Alchemy (240)","","","","1262829","","","Current acquisition requires original World of Warcraft content","https://housing.wowdb.com/decor/11438/apothecarys-worktable-11438/","","","1262829","False"
"11755","257725","Camp Narache Rug","classic_theme","acquisition_classic_confirmed","classic","crafted","1 Camp Narache Rug Accents › Floor Crafting: Leatherworking Profession: Classic Leatherworking (240)","","","","1263633","","","Current acquisition requires original World of Warcraft content","https://housing.wowdb.com/decor/11755/camp-narache-rug-11755/","","","1263633","False"
"11935","258289","Thunder Bluff Totem","classic_theme","acquisition_classic_confirmed","classic","crafted","1 Thunder Bluff Totem Structural › Misc Structural Crafting: Inscription Profession: Classic Inscription (240)","","","","1269495","","","Current acquisition requires original World of Warcraft content","https://housing.wowdb.com/decor/11935/thunder-bluff-totem-11935/","","","1269495","False"
"14816","263027","Darkmaster's Mystical Brazier","classic_theme","acquisition_classic_confirmed","classic","crafted","3 Darkmaster's Mystical Brazier Lighting › Large Lights Crafting: Enchanting Profession: Classic Enchanting (240)","","","","1270459","","","Current acquisition requires original World of Warcraft content","https://housing.wowdb.com/decor/14816/darkmasters-mystical-brazier-14816/","","","1270459","False"
