"acquisition_expansion","achievement_id","name","description","category","source","db2_category_id","criteria_tree_id","provider_plugins","provider_files","attribution_basis"
"battle_for_azeroth","12930","Battle Safari","Catch every battle pet on Zandalar and Kul Tiras","collections","pets","15118","68335","HandyNotes_BattleForAzeroth","HandyNotes_BattleForAzeroth:common.lua","handynotes_provider"
"battle_for_azeroth","12936","Battle on Zandalar and Kul Tiras","Complete 20 Pet Battle World Quests on Zandalar and Kul Tiras with a full team of level 25 pets.","collections","pets","15119","68379","HandyNotes_BattleForAzeroth","HandyNotes_BattleForAzeroth:zones\drustvar.lua;HandyNotes_BattleForAzeroth:zones\nazmir.lua;HandyNotes_BattleForAzeroth:zones\stormsong_valley.lua;HandyNotes_BattleForAzeroth:zones\tiragarde_sound.lua;HandyNotes_BattleForAzeroth:zones\voldun.lua;HandyNotes_BattleForAzeroth:zones\zuldazar.lua","handynotes_provider"
"battle_for_azeroth","13270","Beast Mode","Defeat 15 Master Tamers on Kul Tiras or Zandalar with a team of all level 25 Beast pets.","collections","pets","15119","71739","HandyNotes_BattleForAzeroth","HandyNotes_BattleForAzeroth:zones\drustvar.lua;HandyNotes_BattleForAzeroth:zones\nazmir.lua;HandyNotes_BattleForAzeroth:zones\stormsong_valley.lua;HandyNotes_BattleForAzeroth:zones\tiragarde_sound.lua;HandyNotes_BattleForAzeroth:zones\voldun.lua;HandyNotes_BattleForAzeroth:zones\zuldazar.lua","handynotes_provider"
"battle_for_azeroth","13271","Critters With Huge Teeth","Defeat 15 Master Tamers on Kul Tiras or Zandalar with a team of all level 25 Critter pets.","collections","pets","15119","71755","HandyNotes_BattleForAzeroth","HandyNotes_BattleForAzeroth:zones\drustvar.lua;HandyNotes_BattleForAzeroth:zones\nazmir.lua;HandyNotes_BattleForAzeroth:zones\stormsong_valley.lua;HandyNotes_BattleForAzeroth:zones\tiragarde_sound.lua;HandyNotes_BattleForAzeroth:zones\voldun.lua;HandyNotes_BattleForAzeroth:zones\zuldazar.lua","handynotes_provider"
"battle_for_azeroth","13272","Dragons Make Everything Better","Defeat 15 Master Tamers on Kul Tiras or Zandalar with a team of all level 25 Dragonkin pets.","collections","pets","15119","71757","HandyNotes_BattleForAzeroth","HandyNotes_BattleForAzeroth:zones\drustvar.lua;HandyNotes_BattleForAzeroth:zones\nazmir.lua;HandyNotes_BattleForAzeroth:zones\stormsong_valley.lua;HandyNotes_BattleForAzeroth:zones\tiragarde_sound.lua;HandyNotes_BattleForAzeroth:zones\voldun.lua;HandyNotes_BattleForAzeroth:zones\zuldazar.lua","handynotes_provider"
"battle_for_azeroth","13273","Element of Success","Defeat 15 Master Tamers on Kul Tiras or Zandalar with a team of all level 25 Elemental pets.","collections","pets","15119","71759","HandyNotes_BattleForAzeroth","HandyNotes_BattleForAzeroth:zones\drustvar.lua;HandyNotes_BattleForAzeroth:zones\nazmir.lua;HandyNotes_BattleForAzeroth:zones\stormsong_valley.lua;HandyNotes_BattleForAzeroth:zones\tiragarde_sound.lua;HandyNotes_BattleForAzeroth:zones\voldun.lua;HandyNotes_BattleForAzeroth:zones\zuldazar.lua","handynotes_provider"
"battle_for_azeroth","13274","Fun With Flying","Defeat 15 Master Tamers on Kul Tiras or Zandalar with a team of all level 25 Flying pets.","collections","pets","15119","71761","HandyNotes_BattleForAzeroth","HandyNotes_BattleForAzeroth:zones\drustvar.lua;HandyNotes_BattleForAzeroth:zones\nazmir.lua;HandyNotes_BattleForAzeroth:zones\stormsong_valley.lua;HandyNotes_BattleForAzeroth:zones\tiragarde_sound.lua;HandyNotes_BattleForAzeroth:zones\voldun.lua;HandyNotes_BattleForAzeroth:zones\zuldazar.lua","handynotes_provider"
"battle_for_azeroth","13275","Magician's Secrets","Defeat 15 Master Tamers on Kul Tiras or Zandalar with a team of all level 25 Magic pets.","collections","pets","15119","71763","HandyNotes_BattleForAzeroth","HandyNotes_BattleForAzeroth:zones\drustvar.lua;HandyNotes_BattleForAzeroth:zones\nazmir.lua;HandyNotes_BattleForAzeroth:zones\stormsong_valley.lua;HandyNotes_BattleForAzeroth:zones\tiragarde_sound.lua;HandyNotes_BattleForAzeroth:zones\voldun.lua;HandyNotes_BattleForAzeroth:zones\zuldazar.lua","handynotes_provider"
"battle_for_azeroth","13277","Machine Learning","Defeat 15 Master Tamers on Kul Tiras or Zandalar with a team of all level 25 Mechanical pets.","collections","pets","15119","71765","HandyNotes_BattleForAzeroth","HandyNotes_BattleForAzeroth:zones\drustvar.lua;HandyNotes_BattleForAzeroth:zones\nazmir.lua;HandyNotes_BattleForAzeroth:zones\stormsong_valley.lua;HandyNotes_BattleForAzeroth:zones\tiragarde_sound.lua;HandyNotes_BattleForAzeroth:zones\voldun.lua;HandyNotes_BattleForAzeroth:zones\zuldazar.lua","handynotes_provider"
"battle_for_azeroth","13278","Not Quite Dead Yet","Defeat 15 Master Tamers on Kul Tiras or Zandalar with a team of all level 25 Undead pets.","collections","pets","15119","71767","HandyNotes_BattleForAzeroth","HandyNotes_BattleForAzeroth:zones\drustvar.lua;HandyNotes_BattleForAzeroth:zones\nazmir.lua;HandyNotes_BattleForAzeroth:zones\stormsong_valley.lua;HandyNotes_BattleForAzeroth:zones\tiragarde_sound.lua;HandyNotes_BattleForAzeroth:zones\voldun.lua;HandyNotes_BattleForAzeroth:zones\zuldazar.lua","handynotes_provider"
"battle_for_azeroth","13280","Hobbyist Aquarist","Defeat 15 Master Tamers on Kul Tiras or Zandalar with a team of all level 25 Aquatic pets.","collections","pets","15119","71723","HandyNotes_BattleForAzeroth","HandyNotes_BattleForAzeroth:zones\drustvar.lua;HandyNotes_BattleForAzeroth:zones\nazmir.lua;HandyNotes_BattleForAzeroth:zones\stormsong_valley.lua;HandyNotes_BattleForAzeroth:zones\tiragarde_sound.lua;HandyNotes_BattleForAzeroth:zones\voldun.lua;HandyNotes_BattleForAzeroth:zones\zuldazar.lua","handynotes_provider"
"battle_for_azeroth","13281","Human Resources","Defeat 15 Master Tamers on Kul Tiras or Zandalar with a team of all level 25 Humanoid pets.","collections","pets","15119","71780","HandyNotes_BattleForAzeroth","HandyNotes_BattleForAzeroth:zones\drustvar.lua;HandyNotes_BattleForAzeroth:zones\nazmir.lua;HandyNotes_BattleForAzeroth:zones\stormsong_valley.lua;HandyNotes_BattleForAzeroth:zones\tiragarde_sound.lua;HandyNotes_BattleForAzeroth:zones\voldun.lua;HandyNotes_BattleForAzeroth:zones\zuldazar.lua","handynotes_provider"
"battle_for_azeroth","13625","Mighty Minions of Mechagon","Defeat the following mechanized minions on Mechagon Island.","collections","pets","15119","80464","HandyNotes_BattleForAzeroth","HandyNotes_BattleForAzeroth:zones\mechagon.lua","handynotes_provider"
"battle_for_azeroth","13626","Nautical Nuisances of Nazjatar","Defeat the following deep sea terrors of Nazjatar.","collections","pets","15119","80473","HandyNotes_BattleForAzeroth","HandyNotes_BattleForAzeroth:zones\nazjatar.lua","handynotes_provider"
"battle_for_azeroth","13693","Mecha-Safari","Catch every battle pet on Mechagon Island.","collections","pets","15118","80674","HandyNotes_BattleForAzeroth","HandyNotes_BattleForAzeroth:common.lua","handynotes_provider"
"battle_for_azeroth","13694","Nazjatari Safari","Catch every battle pet in Nazjatar.","collections","pets","15118","80725","HandyNotes_BattleForAzeroth","HandyNotes_BattleForAzeroth:common.lua","handynotes_provider"
"battle_for_azeroth","13715","From The Belly Of The Jelly","Obtain a slimy companion pet in Nazjatar.","collections","pets","15118","80990","HandyNotes_BattleForAzerothTreasures","HandyNotes_BattleForAzerothTreasures:zones\Nazjatar.lua","handynotes_provider"
"battle_for_azeroth","13708","Most Minis Wins","Collect all the figures from the Azeroth Mini: Mechagon set.","collections","toys","15247","80959","HandyNotes_BattleForAzeroth","HandyNotes_BattleForAzeroth:zones\mechagon.lua","handynotes_provider"
"battle_for_azeroth","14730","To All the Squirrels I Set Sail to See","The critters of Kul Tiras and Zandalar are worthy of /love as well.","exploration","zone","15298","88687","HandyNotes_BattleForAzeroth","HandyNotes_BattleForAzeroth:common.lua;HandyNotes_BattleForAzeroth:zones\drustvar.lua;HandyNotes_BattleForAzeroth:zones\nazmir.lua;HandyNotes_BattleForAzeroth:zones\stormsong_valley.lua;HandyNotes_BattleForAzeroth:zones\tiragarde_sound.lua;HandyNotes_BattleForAzeroth:zones\voldun.lua;HandyNotes_BattleForAzeroth:zones\zuldazar.lua","handynotes_provider"
"battle_for_azeroth","13489","Secret Fish of Mechagon","Catch and deliver each of these fish of Mechagon to Angler Danielle.","features","professions","171","79141","HandyNotes_BattleForAzerothTreasures","HandyNotes_BattleForAzerothTreasures:zones\Mechagon.lua","handynotes_provider"
"battle_for_azeroth","12572","War Supplied","Open a War Supply Crate from an air supply drop while within War Mode.","features","war_effort","15283","67909","HandyNotes_BattleForAzeroth","HandyNotes_BattleForAzeroth:common.lua;HandyNotes_BattleForAzeroth:zones\nazjatar.lua","handynotes_provider"
"battle_for_azeroth","13317","Supplied and Ready","Loot the Secret Supply Chests in Kul Tiras and Zandalar during an active Assault while in War Mode.","features","war_effort","15283","72230","HandyNotes_BattleForAzeroth","HandyNotes_BattleForAzeroth:common.lua;HandyNotes_BattleForAzeroth:zones\drustvar.lua;HandyNotes_BattleForAzeroth:zones\nazmir.lua;HandyNotes_BattleForAzeroth:zones\stormsong_valley.lua;HandyNotes_BattleForAzeroth:zones\tiragarde_sound.lua;HandyNotes_BattleForAzeroth:zones\voldun.lua;HandyNotes_BattleForAzeroth:zones\zuldazar.lua","handynotes_provider"
"battle_for_azeroth","13720","Supplying the Assassins","Loot 25 War Supply Chests in Nazjatar while an Assassin.","features","war_effort","15283","81019","HandyNotes_BattleForAzeroth","HandyNotes_BattleForAzeroth:zones\nazjatar.lua","handynotes_provider"
"cataclysm","5767","Scourer of the Eternal Sands","Obtain the reins of the Grey Riding Camel from Dormus the Camel-Hoarder.","collections","mounts","15269","19929","HandyNotes_Cataclysm","HandyNotes_Cataclysm:zones\uldum.lua","handynotes_provider"
"cataclysm","4958","The First Rule of Ring of Blood is You Don't Talk About Ring of Blood","Complete the Ring of Blood, Amphitheater of Anguish and Crucible of Carnage.","exploration","zone","96","18247","HandyNotes_Cataclysm;HandyNotes_WrathOfTheLichKing","HandyNotes_Cataclysm:zones\twilight_highlands.lua;HandyNotes_WrathOfTheLichKing:zones\zuldrak.lua","content_override"
"classic","6585","Kalimdor Safari","Catch every battle pet in Kalimdor.","collections","pets","15118","22760","HandyNotes_Cataclysm;HandyNotes_TheBurningCrusade;HandyNotes_WorldOfWarcraft;HandyNotes_WrathOfTheLichKing","HandyNotes_Cataclysm:common.lua;HandyNotes_TheBurningCrusade:common.lua;HandyNotes_WorldOfWarcraft:common.lua;HandyNotes_WrathOfTheLichKing:common.lua","content_override"
"classic","6586","Eastern Kingdoms Safari","Catch every battle pet in Eastern Kingdoms.","collections","pets","15118","28638","HandyNotes_Cataclysm;HandyNotes_TheBurningCrusade;HandyNotes_WorldOfWarcraft;HandyNotes_WrathOfTheLichKing","HandyNotes_Cataclysm:common.lua;HandyNotes_TheBurningCrusade:common.lua;HandyNotes_WorldOfWarcraft:common.lua;HandyNotes_WrathOfTheLichKing:common.lua","content_override"
"classic","17366","Relics of a Fallen Empire","Deliver a Restored Hakkari Bijou to someone with a great interest in such artifacts.","exploration","zone","14777","142996","HandyNotes_WorldOfWarcraft","HandyNotes_WorldOfWarcraft:zones\eastern_kingdoms\zul_gurub.lua","content_override"
"classic","17367","Deadliest Cache","Fish up a Gurubashi Cache in Zul'Gurub.","features","professions","171","143003","HandyNotes_WorldOfWarcraft","HandyNotes_WorldOfWarcraft:zones\eastern_kingdoms\zul_gurub.lua","content_override"
"dragonflight","16736","Grand Theft Mammoth","Liberate a Qalashi magmammoth... permanently.","collections","mounts","15248","140652","HandyNotes_Dragonflight","HandyNotes_Dragonflight:zones\waking_shores.lua","handynotes_provider"
"dragonflight","16464","Battle on the Dragon Isles","Complete 8 Pet Battle World Quests on the Dragon Isles with a full team of level 25 pets.","collections","pets","15119","138662","HandyNotes_Dragonflight","HandyNotes_Dragonflight:zones\azure_span.lua;HandyNotes_Dragonflight:zones\ohnahran_plains.lua;HandyNotes_Dragonflight:zones\thaldraszus.lua;HandyNotes_Dragonflight:zones\waking_shores.lua","handynotes_provider"
"dragonflight","16501","Aquatic Battler of the Dragon Isles","Defeat the elite pets and trainers of the Dragon Isles with a team of all level 25 Aquatic pets.","collections","pets","15119","138769","HandyNotes_Dragonflight","HandyNotes_Dragonflight:zones\azure_span.lua;HandyNotes_Dragonflight:zones\ohnahran_plains.lua;HandyNotes_Dragonflight:zones\thaldraszus.lua;HandyNotes_Dragonflight:zones\waking_shores.lua","handynotes_provider"
"dragonflight","16503","Beast Battler of the Dragon Isles","Defeat the elite pets and trainers of the Dragon Isles with a team of all level 25 Beast pets.","collections","pets","15119","138778","HandyNotes_Dragonflight","HandyNotes_Dragonflight:zones\azure_span.lua;HandyNotes_Dragonflight:zones\ohnahran_plains.lua;HandyNotes_Dragonflight:zones\thaldraszus.lua;HandyNotes_Dragonflight:zones\waking_shores.lua","handynotes_provider"
"dragonflight","16504","Critter Battler of the Dragon Isles","Defeat the elite pets and trainers of the Dragon Isles with a team of all level 25 Critter pets.","collections","pets","15119","138796","HandyNotes_Dragonflight","HandyNotes_Dragonflight:zones\azure_span.lua;HandyNotes_Dragonflight:zones\ohnahran_plains.lua;HandyNotes_Dragonflight:zones\thaldraszus.lua;HandyNotes_Dragonflight:zones\waking_shores.lua","handynotes_provider"
"dragonflight","16505","Dragonkin Battler of the Dragon Isles","Defeat the elite pets and trainers of the Dragon Isles with a team of all level 25 Dragonkin pets.","collections","pets","15119","138805","HandyNotes_Dragonflight","HandyNotes_Dragonflight:zones\azure_span.lua;HandyNotes_Dragonflight:zones\ohnahran_plains.lua;HandyNotes_Dragonflight:zones\thaldraszus.lua;HandyNotes_Dragonflight:zones\waking_shores.lua","handynotes_provider"
"dragonflight","16506","Elemental Battler of the Dragon Isles","Defeat the elite pets and trainers of the Dragon Isles with a team of all level 25 Elemental pets.","collections","pets","15119","138816","HandyNotes_Dragonflight","HandyNotes_Dragonflight:zones\azure_span.lua;HandyNotes_Dragonflight:zones\ohnahran_plains.lua;HandyNotes_Dragonflight:zones\thaldraszus.lua;HandyNotes_Dragonflight:zones\waking_shores.lua","handynotes_provider"
"dragonflight","16507","Flying Battler of the Dragon Isles","Defeat the elite pets and trainers of the Dragon Isles with a team of all level 25 Flying pets.","collections","pets","15119","138825","HandyNotes_Dragonflight","HandyNotes_Dragonflight:zones\azure_span.lua;HandyNotes_Dragonflight:zones\ohnahran_plains.lua;HandyNotes_Dragonflight:zones\thaldraszus.lua;HandyNotes_Dragonflight:zones\waking_shores.lua","handynotes_provider"
"dragonflight","16508","Humanoid Battler of the Dragon Isles","Defeat the elite pets and trainers of the Dragon Isles with a team of all level 25 Humanoid pets.","collections","pets","15119","138834","HandyNotes_Dragonflight","HandyNotes_Dragonflight:zones\azure_span.lua;HandyNotes_Dragonflight:zones\ohnahran_plains.lua;HandyNotes_Dragonflight:zones\thaldraszus.lua;HandyNotes_Dragonflight:zones\waking_shores.lua","handynotes_provider"
"dragonflight","16509","Magic Battler of the Dragon Isles","Defeat the elite pets and trainers of the Dragon Isles with a team of all level 25 Magic pets.","collections","pets","15119","138843","HandyNotes_Dragonflight","HandyNotes_Dragonflight:zones\azure_span.lua;HandyNotes_Dragonflight:zones\ohnahran_plains.lua;HandyNotes_Dragonflight:zones\thaldraszus.lua;HandyNotes_Dragonflight:zones\waking_shores.lua","handynotes_provider"
"dragonflight","16510","Mechanical Battler of the Dragon Isles","Defeat the elite pets and trainers of the Dragon Isles with a team of all level 25 Mechanical pets.","collections","pets","15119","138852","HandyNotes_Dragonflight","HandyNotes_Dragonflight:zones\azure_span.lua;HandyNotes_Dragonflight:zones\ohnahran_plains.lua;HandyNotes_Dragonflight:zones\thaldraszus.lua;HandyNotes_Dragonflight:zones\waking_shores.lua","handynotes_provider"
"dragonflight","16511","Undead Battler of the Dragon Isles","Defeat the elite pets and trainers of the Dragon Isles with a team of all level 25 Undead pets.","collections","pets","15119","138787","HandyNotes_Dragonflight","HandyNotes_Dragonflight:zones\azure_span.lua;HandyNotes_Dragonflight:zones\ohnahran_plains.lua;HandyNotes_Dragonflight:zones\thaldraszus.lua;HandyNotes_Dragonflight:zones\waking_shores.lua","handynotes_provider"
"dragonflight","16519","Dragon Isles Safari","In the Dragon Isles, catch all of the battle pets listed below.","collections","pets","15118","138897","HandyNotes_Dragonflight","HandyNotes_Dragonflight:common.lua;HandyNotes_Dragonflight:zones\azure_span.lua;HandyNotes_Dragonflight:zones\ohnahran_plains.lua;HandyNotes_Dragonflight:zones\thaldraszus.lua;HandyNotes_Dragonflight:zones\waking_shores.lua","handynotes_provider"
"dragonflight","17406","Battle on the Dragon Isles II","Complete 8 Pet Battle World Quests on the Dragon Isles with a full team of level 25 pets.","collections","pets","15119","143165","HandyNotes_Dragonflight","HandyNotes_Dragonflight:zones\azure_span.lua;HandyNotes_Dragonflight:zones\ohnahran_plains.lua;HandyNotes_Dragonflight:zones\thaldraszus.lua;HandyNotes_Dragonflight:zones\waking_shores.lua","handynotes_provider"
"dragonflight","17541","Global Swarming","Defeat Vortex, Tremblor, Wildfire, and Flow in a Pet Battle.","collections","pets","15119","143868","HandyNotes_Dragonflight","HandyNotes_Dragonflight:zones\forbidden_reach2.lua","handynotes_provider"
"dragonflight","17880","Battle in Zaralek Cavern","Complete 4 Pet Battle World Quests in Zaralek Cavern with a full team of level 25 pets.","collections","pets","15119","145109","HandyNotes_Dragonflight","HandyNotes_Dragonflight:zones\zaralek_cavern.lua","handynotes_provider"
"dragonflight","17881","Aquatic Battler of Zaralek Cavern","Defeat the pet trainers of Zaralek Cavern with a team of all level 25 Aquatic pets.","collections","pets","15119","145114","HandyNotes_Dragonflight","HandyNotes_Dragonflight:zones\zaralek_cavern.lua","handynotes_provider"
"dragonflight","17882","Beast Battler of Zaralek Cavern","Defeat the pet trainers of Zaralek Cavern with a team of all level 25 Beast pets.","collections","pets","15119","145119","HandyNotes_Dragonflight","HandyNotes_Dragonflight:zones\zaralek_cavern.lua","handynotes_provider"
"dragonflight","17883","Critter Battler of Zaralek Cavern","Defeat the pet trainers of Zaralek Cavern with a team of all level 25 Critter pets.","collections","pets","15119","145124","HandyNotes_Dragonflight","HandyNotes_Dragonflight:zones\zaralek_cavern.lua","handynotes_provider"
"dragonflight","17890","Dragonkin Battler of Zaralek Cavern","Defeat the pet trainers of Zaralek Cavern with a team of all level 25 Dragonkin pets.","collections","pets","15119","145129","HandyNotes_Dragonflight","HandyNotes_Dragonflight:zones\zaralek_cavern.lua","handynotes_provider"
"dragonflight","17904","Elemental Battler of Zaralek Cavern","Defeat the pet trainers of Zaralek Cavern with a team of all level 25 Elemental pets.","collections","pets","15119","145134","HandyNotes_Dragonflight","HandyNotes_Dragonflight:zones\zaralek_cavern.lua","handynotes_provider"
"dragonflight","17905","Flying Battler of Zaralek Cavern","Defeat the pet trainers of Zaralek Cavern with a team of all level 25 Flying pets.","collections","pets","15119","145139","HandyNotes_Dragonflight","HandyNotes_Dragonflight:zones\zaralek_cavern.lua","handynotes_provider"
"dragonflight","17915","Humanoid Battler of Zaralek Cavern","Defeat the pet trainers of Zaralek Cavern with a team of all level 25 Humanoid pets.","collections","pets","15119","145144","HandyNotes_Dragonflight","HandyNotes_Dragonflight:zones\zaralek_cavern.lua","handynotes_provider"
"dragonflight","17916","Magic Battler of Zaralek Cavern","Defeat the pet trainers of Zaralek Cavern with a team of all level 25 Magic pets.","collections","pets","15119","145149","HandyNotes_Dragonflight","HandyNotes_Dragonflight:zones\zaralek_cavern.lua","handynotes_provider"
"dragonflight","17917","Mechanical Battler of Zaralek Cavern","Defeat the pet trainers of Zaralek Cavern with a team of all level 25 Mechanical pets.","collections","pets","15119","145154","HandyNotes_Dragonflight","HandyNotes_Dragonflight:zones\zaralek_cavern.lua","handynotes_provider"
"dragonflight","17918","Undead Battler of Zaralek Cavern","Defeat the pet trainers of Zaralek Cavern with a team of all level 25 Undead pets.","collections","pets","15119","145159","HandyNotes_Dragonflight","HandyNotes_Dragonflight:zones\zaralek_cavern.lua","handynotes_provider"
"dragonflight","18384","Whelp, There It Is","Help care for whelplings at Little Scales Daycare by completing the following quests.","collections","pets","15118","146429","HandyNotes_Dragonflight","HandyNotes_Dragonflight:common.lua;HandyNotes_Dragonflight:zones\thaldraszus.lua","handynotes_provider"
"dragonflight","19401","Emerald Dream Safari","In the Emerald Dream, catch all of the battle pets listed below.","collections","pets","15118","151729","HandyNotes_Dragonflight","HandyNotes_Dragonflight:common.lua;HandyNotes_Dragonflight:zones\emerald_dream.lua","handynotes_provider"
"dragonflight","17361","Rumble Minis, All the Looks!","Upgrade all seven Warcraft Rumble Minis twice.","collections","toys","15247","142831","HandyNotes_Dragonflight","HandyNotes_Dragonflight:zones\warcraft_rumble.lua","handynotes_provider"
"dragonflight","19724","Hearthstone Card Collection","Collect all these Hearthstone cards.","collections","toys","15246","154661","HandyNotes_Dragonflight","HandyNotes_Dragonflight:zones\thaldraszus.lua","handynotes_provider"
"dragonflight","16502","Storming the Runway","Collect an armor set from the Primal Storms.","exploration","zone","15259","138767","HandyNotes_Dragonflight","HandyNotes_Dragonflight:zones\thaldraszus.lua","handynotes_provider"
"dragonflight","17736","The Gift of Cheese","Share the Recipe Rat's greatest recipe with hungry rats across Azeroth.","exploration","zone","170","144600","HandyNotes_Dragonflight","HandyNotes_Dragonflight:zones\zaralek_cavern.lua","handynotes_provider"
"dragonflight","18833","Elusive Legends of the Dragon Isles","Slay all of the following special elusive beasts hiding on the Dragon Isles as a skinner.","exploration","zone","15498","148887","HandyNotes_Dragonflight;HandyNotes_DragonflightTreasures","HandyNotes_Dragonflight:zones\azure_span.lua;HandyNotes_Dragonflight:zones\forbidden_reach2.lua;HandyNotes_Dragonflight:zones\ohnahran_plains.lua;HandyNotes_Dragonflight:zones\thaldraszus.lua;HandyNotes_Dragonflight:zones\waking_shores.lua;HandyNotes_Dragonflight:zones\zaralek_cavern.lua;HandyNotes_DragonflightTreasures:achievements\ElusiveLegends.lua","handynotes_provider"
"dragonflight","18928","Storm Rider: Bronze","Complete all Storm Gryphon races.","features","dragonriding","15268","149404","HandyNotes_Dragonflight","HandyNotes_Dragonflight:zones\skyriding_races.lua","handynotes_provider"
"dragonflight","18929","Storm Rider: Silver","Obtain silver in all the Storm Gryphon races.","features","dragonriding","15268","149411","HandyNotes_Dragonflight","HandyNotes_Dragonflight:zones\skyriding_races.lua","handynotes_provider"
"dragonflight","18931","Storm Rider: Gold","Obtain gold in all the Storm Gryphon races.","features","dragonriding","15268","149418","HandyNotes_Dragonflight","HandyNotes_Dragonflight:zones\skyriding_races.lua","handynotes_provider"
"dragonflight","16613","Finder's Keepers","Open 10 War Supply Crates in the Dragon Isles while within War Mode.","features","war_effort","15283","139613","HandyNotes_Dragonflight","HandyNotes_Dragonflight:common.lua","handynotes_provider"
"legion","11233","Broken Isles Safari","Catch every battle pet in the Broken Isles.","collections","pets","15118","53599","HandyNotes_BattleForAzeroth","HandyNotes_BattleForAzeroth:common.lua","content_override"
"legion","12088","Anomalous Animals of Argus","Defeat the following corrupted pets on Argus.","collections","pets","15119","61565","HandyNotes_LegionTreasures","HandyNotes_LegionTreasures:achievements\AnomalousAnimals.lua","handynotes_provider"
"legion","10770","The Tangerine Traveler","Find Pepe wearing his tiny, adorable goggles.","exploration","zone","15246","50208","HandyNotes_LegionTreasures","HandyNotes_LegionTreasures:zones\Dalaran.lua","handynotes_provider"
"midnight","61081","Share a Drink","Share a Toasting Brew in the Arcantina with all of the following races.","exploration","zone","15553","215683","HandyNotes_Midnight","HandyNotes_Midnight:zones\arcantina.lua","handynotes_provider"
"midnight","61455","Shadowpine Scattered","Find all of the Shadowpine Songseekers in Zul'aman.","exploration","zone","15553","218534","HandyNotes_Midnight;HandyNotes_MidnightTreasures","HandyNotes_Midnight:common.lua;HandyNotes_Midnight:zones\zul_aman.lua;HandyNotes_MidnightTreasures:zones\Zulaman.lua","handynotes_provider"
"midnight","61912","Anchoring the Defense","Construct one of each of the following defenses for the Stormarion Assault.","exploration","zone","15553","221137","HandyNotes_Midnight","HandyNotes_Midnight:zones\voidstorm.lua","handynotes_provider"
"midnight","61922","Ninety Percent is Good Enough","Finish Stormarion Assault with the Singularity Anchor at 90 percent health or higher.","exploration","zone","15553","221224","HandyNotes_Midnight","HandyNotes_Midnight:zones\voidstorm.lua","handynotes_provider"
"midnight","62188","More Than Just Their Roots","Listen to the stories of the Haranir who went to the surface, seeking the world trees.","exploration","zone","15553","222268","HandyNotes_Midnight;HandyNotes_MidnightTreasures","HandyNotes_Midnight:common.lua;HandyNotes_Midnight:zones\harandar.lua;HandyNotes_MidnightTreasures:achievements\MoreThanJustTheirRoots.lua","handynotes_provider"
"midnight","62199","Put a Pin in It","Find and join Chu'ke the possessed doll in Zul'Aman.","exploration","zone","15553","222398","HandyNotes_Midnight;HandyNotes_MidnightTreasures","HandyNotes_Midnight:common.lua;HandyNotes_Midnight:zones\zul_aman.lua;HandyNotes_MidnightTreasures:zones\Zulaman.lua","handynotes_provider"
"midnight","62200","Gnome Alone","Collect all of the lost gnome's writings in Zul'Aman.","exploration","zone","15553","222400","HandyNotes_Midnight;HandyNotes_MidnightTreasures","HandyNotes_Midnight:common.lua;HandyNotes_Midnight:zones\zul_aman.lua;HandyNotes_MidnightTreasures:zones\Zulaman.lua","handynotes_provider"
"midnight","62201","The Frog and the Princesses","/kiss all of the ""princess"" frogs in Zul'Aman.","exploration","zone","15553","222402","HandyNotes_Midnight;HandyNotes_MidnightTreasures","HandyNotes_Midnight:common.lua;HandyNotes_Midnight:zones\zul_aman.lua;HandyNotes_MidnightTreasures:zones\Zulaman.lua","handynotes_provider"
"midnight","62202","Spiritpaw Marathon","Assist the Spiritpaw Runner in Zul'Aman.","exploration","zone","15553","222404","HandyNotes_Midnight;HandyNotes_MidnightTreasures","HandyNotes_Midnight:common.lua;HandyNotes_Midnight:zones\zul_aman.lua;HandyNotes_MidnightTreasures:zones\Zulaman.lua","handynotes_provider"
"midnight","61713","Midnight Delver Damage Dealer III","Complete every Midnight delve on Tier 11 with lives remaining as a damage dealer.","features","delves","15571","220479","HandyNotes_Midnight","HandyNotes_Midnight:zones\delves.lua","handynotes_provider"
"midnight","61716","Midnight Delver Healer III","Complete every Midnight delve on Tier 11 with lives remaining as a healer.","features","delves","15571","220512","HandyNotes_Midnight","HandyNotes_Midnight:zones\delves.lua","handynotes_provider"
"midnight","61719","Midnight Delver Tank III","Complete every Midnight delve on Tier 11 with lives remaining as a tank.","features","delves","15571","220545","HandyNotes_Midnight","HandyNotes_Midnight:zones\delves.lua","handynotes_provider"
"midnight","61724","The Grudge Pit Stories","Complete each story variant of The Grudge Pit.","features","delves","15571","220564","HandyNotes_Midnight","HandyNotes_Midnight:zones\delves.lua","handynotes_provider"
"midnight","61725","Parhelion Plaza Stories","Complete each story variant of Parhelion Plaza.","features","delves","15571","220600","HandyNotes_Midnight","HandyNotes_Midnight:zones\delves.lua","handynotes_provider"
"midnight","61726","Collegiate Calamity Stories","Complete each story variant of Collegiate Calamity.","features","delves","15571","220588","HandyNotes_Midnight","HandyNotes_Midnight:zones\delves.lua","handynotes_provider"
"midnight","61727","The Shadow Enclave Stories","Complete each story variant of The Shadow Enclave.","features","delves","15571","220576","HandyNotes_Midnight","HandyNotes_Midnight:zones\delves.lua","handynotes_provider"
"midnight","61728","The Darkway Stories","Complete each story variant of The Darkway.","features","delves","15571","220568","HandyNotes_Midnight","HandyNotes_Midnight:zones\delves.lua","handynotes_provider"
"midnight","61729","Atal'Aman Stories","Complete each story variant of Atal'Aman.","features","delves","15571","220580","HandyNotes_Midnight","HandyNotes_Midnight:zones\delves.lua","handynotes_provider"
"midnight","61730","Twilight Crypts Stories","Complete each story variant of Twilight Crypts.","features","delves","15571","220572","HandyNotes_Midnight","HandyNotes_Midnight:zones\delves.lua","handynotes_provider"
"midnight","61731","The Gulf of Memory Stories","Complete each story variant of The Gulf of Memory.","features","delves","15571","220584","HandyNotes_Midnight","HandyNotes_Midnight:zones\delves.lua","handynotes_provider"
"midnight","61732","Sunkiller Sanctum Stories","Complete each story variant of Sunkiller Sanctum.","features","delves","15571","220596","HandyNotes_Midnight","HandyNotes_Midnight:zones\delves.lua","handynotes_provider"
"midnight","61733","Shadowguard Point Stories","Complete each story variant of Shadowguard Point.","features","delves","15571","220592","HandyNotes_Midnight","HandyNotes_Midnight:zones\delves.lua","handynotes_provider"
"midnight","61863","Atal'Aman Discoveries","Find and open all Sturdy Chests hidden in Atal'Aman.","features","delves","15571","220861","HandyNotes_Midnight;HandyNotes_MidnightTreasures","HandyNotes_Midnight:zones\delves.lua;HandyNotes_MidnightTreasures:shared\Delves.lua","handynotes_provider"
"midnight","61892","The Shadow Enclave Discoveries","Find and open all Sturdy Chests hidden in The Shadow Enclave.","features","delves","15571","221022","HandyNotes_Midnight;HandyNotes_MidnightTreasures","HandyNotes_Midnight:zones\delves.lua;HandyNotes_MidnightTreasures:shared\Delves.lua","handynotes_provider"
"midnight","61893","Parhelion Plaza Discoveries","Find and open all Sturdy Chests hidden in Parhelion Plaza.","features","delves","15571","221030","HandyNotes_Midnight;HandyNotes_MidnightTreasures","HandyNotes_Midnight:zones\delves.lua;HandyNotes_MidnightTreasures:shared\Delves.lua","handynotes_provider"
"midnight","61894","Collegiate Calamity Discoveries","Find and open all Sturdy Chests hidden in Collegiate Calamity.","features","delves","15571","221026","HandyNotes_Midnight;HandyNotes_MidnightTreasures","HandyNotes_Midnight:zones\delves.lua;HandyNotes_MidnightTreasures:shared\Delves.lua","handynotes_provider"
"midnight","61895","The Darkway Discoveries","Find and open all Sturdy Chests hidden in The Darkway.","features","delves","15571","221046","HandyNotes_Midnight;HandyNotes_MidnightTreasures","HandyNotes_Midnight:zones\delves.lua;HandyNotes_MidnightTreasures:shared\Delves.lua","handynotes_provider"
"midnight","61896","Twilight Crypts Discoveries","Find and open all Sturdy Chests hidden in Twilight Crypts.","features","delves","15571","221050","HandyNotes_Midnight;HandyNotes_MidnightTreasures","HandyNotes_Midnight:zones\delves.lua;HandyNotes_MidnightTreasures:shared\Delves.lua","handynotes_provider"
"midnight","61897","The Grudge Pit Discoveries","Find and open all Sturdy Chests hidden in The Grudge Pit.","features","delves","15571","221042","HandyNotes_Midnight;HandyNotes_MidnightTreasures","HandyNotes_Midnight:zones\delves.lua;HandyNotes_MidnightTreasures:shared\Delves.lua","handynotes_provider"
"midnight","61898","The Gulf of Memory Discoveries","Find and open all Sturdy Chests hidden in The Gulf of Memory.","features","delves","15571","221034","HandyNotes_Midnight;HandyNotes_MidnightTreasures","HandyNotes_Midnight:zones\delves.lua;HandyNotes_MidnightTreasures:shared\Delves.lua","handynotes_provider"
"midnight","61899","Sunkiller Sanctum Discoveries","Find and open all Sturdy Chests hidden in Sunkiller Sanctum.","features","delves","15571","221054","HandyNotes_Midnight;HandyNotes_MidnightTreasures","HandyNotes_Midnight:zones\delves.lua;HandyNotes_MidnightTreasures:shared\Delves.lua","handynotes_provider"
"midnight","61900","Shadowguard Point Discoveries","Find and open all Sturdy Chests hidden in Shadowguard Point.","features","delves","15571","221038","HandyNotes_Midnight;HandyNotes_MidnightTreasures","HandyNotes_Midnight:zones\delves.lua;HandyNotes_MidnightTreasures:shared\Delves.lua","handynotes_provider"
"midnight","61681","Abundance: You Should See Him in a Crown","Harvest a total lifetime amount of 1,000,000 Abundance.","features","events","15553","223076","HandyNotes_Midnight","HandyNotes_Midnight:zones\abundance.lua","handynotes_provider"
"midnight","61937","Abundance: Artisan of Mausoloa","Earn 250,000 Abundance at the Watha'nan Crypts in Eversong Woods.","features","events","15553","221291","HandyNotes_Midnight","HandyNotes_Midnight:zones\abundance.lua","handynotes_provider"
"midnight","61938","Abundance: Artisan of Loaknit","Earn 250,000 Abundance at the Loaknit Den in Zul'Aman.","features","events","15553","221295","HandyNotes_Midnight","HandyNotes_Midnight:zones\abundance.lua","handynotes_provider"
"midnight","61939","Abundance: Artisan of Floaret","Earn 250,000 Abundance at the Floaret Grotto in Harandar.","features","events","15553","221297","HandyNotes_Midnight","HandyNotes_Midnight:zones\abundance.lua;HandyNotes_Midnight:zones\harandar.lua","handynotes_provider"
"midnight","61940","Abundance: Artisan of Loanite","Earn 250,000 Abundance at the Abundant Voidburrow in Voidstorm.","features","events","15553","221299","HandyNotes_Midnight","HandyNotes_Midnight:zones\abundance.lua","handynotes_provider"
"midnight","62266","Abundance: An Acolyte no Longer","Harvest a total lifetime amount of 10,000,000 Abundance.","features","events","15553","221272","HandyNotes_Midnight","HandyNotes_Midnight:zones\abundance.lua","handynotes_provider"
"midnight","62324","Abundance: Loa of all Trades","Complete an Abundance event having earned points in every score catagory.","features","events","15553","223262","HandyNotes_Midnight","HandyNotes_Midnight:zones\abundance.lua","handynotes_provider"
"midnight","62325","Abundance: Treasures Aplenty","Trigger the Treasure Dundun Bonus in each Abundance location.","features","events","15553","223264","HandyNotes_Midnight","HandyNotes_Midnight:zones\abundance.lua;HandyNotes_Midnight:zones\harandar.lua","handynotes_provider"
"midnight","62326","Abundance: Golden Opportunities","Trigger the Golden Glow Bonus in each Abundance location.","features","events","15553","223269","HandyNotes_Midnight","HandyNotes_Midnight:zones\abundance.lua;HandyNotes_Midnight:zones\harandar.lua","handynotes_provider"
"midnight","62329","Abundance: Squash the Competition","Trigger the Runaways Bonus in each Abundance location.","features","events","15553","223274","HandyNotes_Midnight","HandyNotes_Midnight:zones\abundance.lua;HandyNotes_Midnight:zones\harandar.lua","handynotes_provider"
"midnight","62330","Abundance: One Bite at a Time","Trigger the Gigantic Harvest Bonus in each Abundance location.","features","events","15553","223279","HandyNotes_Midnight","HandyNotes_Midnight:zones\abundance.lua;HandyNotes_Midnight:zones\harandar.lua","handynotes_provider"
"midnight","62331","Abundance: Drops of Prosperity","Trigger the Rain of Abundance Bonus in each Abundance location.","features","events","15553","223284","HandyNotes_Midnight","HandyNotes_Midnight:zones\abundance.lua;HandyNotes_Midnight:zones\harandar.lua","handynotes_provider"
"midnight","62333","Abundance: Harvester","Complete an Abundance event having earned a score of at least 10,000 in the Materials Harvested catagory.","features","events","15553","223295","HandyNotes_Midnight","HandyNotes_Midnight:zones\abundance.lua","handynotes_provider"
"midnight","62336","Abundance: Contributor","Complete an Abundance event having earned a score of at least 10,000 in the Materials Contributed catagory.","features","events","15553","223297","HandyNotes_Midnight","HandyNotes_Midnight:zones\abundance.lua","handynotes_provider"
"midnight","62337","Abundance: Professional","Complete an Abundance event having earned a score of at least 10,000 in the Basic Nodes catagory.","features","events","15553","223299","HandyNotes_Midnight","HandyNotes_Midnight:zones\abundance.lua","handynotes_provider"
"midnight","62338","Abundance: Artisan","Complete an Abundance event having earned a score of at least 10,000 in the Artisan Nodes catagory.","features","events","15553","223301","HandyNotes_Midnight","HandyNotes_Midnight:zones\abundance.lua","handynotes_provider"
"midnight","62339","Abundance: Gambler","Complete an Abundance event having earned a score of at least 10,000 in the Bonus Events catagory.","features","events","15553","223305","HandyNotes_Midnight","HandyNotes_Midnight:zones\abundance.lua","handynotes_provider"
"midnight","62340","Abundance: Investor","Complete an Abundance event having earned a score of at least 10,000 in the Large Orbs catagory.","features","events","15553","223303","HandyNotes_Midnight","HandyNotes_Midnight:zones\abundance.lua","handynotes_provider"
"mists_of_pandaria","6589","Pandaria Safari","Catch every battle pet in Pandaria.","collections","pets","15118","29306","HandyNotes_Cataclysm;HandyNotes_WorldOfWarcraft;HandyNotes_WrathOfTheLichKing","HandyNotes_Cataclysm:common.lua;HandyNotes_WorldOfWarcraft:common.lua;HandyNotes_WrathOfTheLichKing:common.lua","content_override"
"mists_of_pandaria","8397","Crazy for Cats","Obtain 20 of the cats listed below.","collections","pets","15118","33277","HandyNotes_TheBurningCrusade;HandyNotes_WorldOfWarcraft","HandyNotes_TheBurningCrusade:zones\netherstorm.lua;HandyNotes_WorldOfWarcraft:common.lua;HandyNotes_WorldOfWarcraft:zones\eastern_kingdoms\dun_morogh_ironforge.lua;HandyNotes_WorldOfWarcraft:zones\eastern_kingdoms\elwynn_forest_stormwind.lua;HandyNotes_WorldOfWarcraft:zones\eastern_kingdoms\hillsbrad_foothills.lua;HandyNotes_WorldOfWarcraft:zones\kalimdor\winterspring.lua","content_override"
"mists_of_pandaria","6350","To All the Squirrels I Once Caressed?","There are even more critters in Pandaria. They also need /love.","exploration","zone","15113","19968","HandyNotes_MistsOfPandaria","HandyNotes_MistsOfPandaria:zones\dread_wastes.lua;HandyNotes_MistsOfPandaria:zones\jade_forest.lua;HandyNotes_MistsOfPandaria:zones\krasarang_wilds.lua;HandyNotes_MistsOfPandaria:zones\townlong_steppes.lua;HandyNotes_MistsOfPandaria:zones\vale_of_eternal_blossoms.lua;HandyNotes_MistsOfPandaria:zones\valley_of_the_four_winds.lua","handynotes_provider"
"mists_of_pandaria","6926","Tranquil Master","Purge Pandaria of Sha corruption, defeating each known manifestation of negative emotion.","exploration","zone","168","22885","HandyNotes_MistsOfPandaria","HandyNotes_MistsOfPandaria:common.lua","handynotes_provider"
"mists_of_pandaria","8533","Ordos","Defeat Ordos, Fire-God of the Yaungol, atop the Timeless Isle.","exploration","zone","15278","33648","HandyNotes_MistsOfPandaria;HandyNotes_MistsOfPandariaTreasures","HandyNotes_MistsOfPandaria:common.lua;HandyNotes_MistsOfPandariaTreasures:zones\TimelessIsle.lua","handynotes_provider"
"mists_of_pandaria","8728","Going To Need A Bigger Bag","Obtain all of the rare items from the Timeless Isle listed below.","exploration","zone","15246","34193","HandyNotes_MistsOfPandaria","HandyNotes_MistsOfPandaria:zones\timeless_isle.lua","handynotes_provider"
"shadowlands","14625","Battle in the Shadowlands","Complete 14 Pet Battle World Quests throughout the Shadowlands with a full team of level 25 pets.","collections","pets","15119","87483","HandyNotes_Shadowlands","HandyNotes_Shadowlands:zones\ardenweald.lua;HandyNotes_Shadowlands:zones\bastion.lua;HandyNotes_Shadowlands:zones\maldraxxus.lua;HandyNotes_Shadowlands:zones\revendreth.lua","handynotes_provider"
"shadowlands","14867","Shadowlands Safari","Catch every battle pet in the Shadowlands.","collections","pets","15118","89868","HandyNotes_Shadowlands","HandyNotes_Shadowlands:common.lua","handynotes_provider"
"shadowlands","14868","Aquatic Apparitions","Defeat 9 Master Tamers in the Shadowlands with a team of all level 25 Aquatic pets.","collections","pets","15119","89900","HandyNotes_Shadowlands","HandyNotes_Shadowlands:zones\ardenweald.lua;HandyNotes_Shadowlands:zones\bastion.lua;HandyNotes_Shadowlands:zones\maldraxxus.lua;HandyNotes_Shadowlands:zones\revendreth.lua","handynotes_provider"
"shadowlands","14869","Beast Busters","Defeat 9 Master Tamers in the Shadowlands with a team of all level 25 Beast pets.","collections","pets","15119","89912","HandyNotes_Shadowlands","HandyNotes_Shadowlands:zones\ardenweald.lua;HandyNotes_Shadowlands:zones\bastion.lua;HandyNotes_Shadowlands:zones\maldraxxus.lua;HandyNotes_Shadowlands:zones\revendreth.lua","handynotes_provider"
"shadowlands","14870","Creepy Critters","Defeat 9 Master Tamers in the Shadowlands with a team of all level 25 Critter pets.","collections","pets","15119","89924","HandyNotes_Shadowlands","HandyNotes_Shadowlands:zones\ardenweald.lua;HandyNotes_Shadowlands:zones\bastion.lua;HandyNotes_Shadowlands:zones\maldraxxus.lua;HandyNotes_Shadowlands:zones\revendreth.lua","handynotes_provider"
"shadowlands","14871","Deathly Dragonkin","Defeat 9 Master Tamers in the Shadowlands with a team of all level 25 Dragonkin pets.","collections","pets","15119","89936","HandyNotes_Shadowlands","HandyNotes_Shadowlands:zones\ardenweald.lua;HandyNotes_Shadowlands:zones\bastion.lua;HandyNotes_Shadowlands:zones\maldraxxus.lua;HandyNotes_Shadowlands:zones\revendreth.lua","handynotes_provider"
"shadowlands","14872","Eerie Elementals","Defeat 9 Master Tamers in the Shadowlands with a team of all level 25 Elemental pets.","collections","pets","15119","89948","HandyNotes_Shadowlands","HandyNotes_Shadowlands:zones\ardenweald.lua;HandyNotes_Shadowlands:zones\bastion.lua;HandyNotes_Shadowlands:zones\maldraxxus.lua;HandyNotes_Shadowlands:zones\revendreth.lua","handynotes_provider"
"shadowlands","14873","Flickering Fliers","Defeat 9 Master Tamers in the Shadowlands with a team of all level 25 Flying pets.","collections","pets","15119","89960","HandyNotes_Shadowlands","HandyNotes_Shadowlands:zones\ardenweald.lua;HandyNotes_Shadowlands:zones\bastion.lua;HandyNotes_Shadowlands:zones\maldraxxus.lua;HandyNotes_Shadowlands:zones\revendreth.lua","handynotes_provider"
"shadowlands","14874","Haunted Humanoids","Defeat 9 Master Tamers in the Shadowlands with a team of all level 25 Humanoid pets.","collections","pets","15119","89972","HandyNotes_Shadowlands","HandyNotes_Shadowlands:zones\ardenweald.lua;HandyNotes_Shadowlands:zones\bastion.lua;HandyNotes_Shadowlands:zones\maldraxxus.lua;HandyNotes_Shadowlands:zones\revendreth.lua","handynotes_provider"
"shadowlands","14875","Mummified Magics","Defeat 9 Master Tamers in the Shadowlands with a team of all level 25 Magic pets.","collections","pets","15119","89984","HandyNotes_Shadowlands","HandyNotes_Shadowlands:zones\ardenweald.lua;HandyNotes_Shadowlands:zones\bastion.lua;HandyNotes_Shadowlands:zones\maldraxxus.lua;HandyNotes_Shadowlands:zones\revendreth.lua","handynotes_provider"
"shadowlands","14876","Macabre Mechanicals","Defeat 9 Master Tamers in the Shadowlands with a team of all level 25 Mechanical pets.","collections","pets","15119","89996","HandyNotes_Shadowlands","HandyNotes_Shadowlands:zones\ardenweald.lua;HandyNotes_Shadowlands:zones\bastion.lua;HandyNotes_Shadowlands:zones\maldraxxus.lua;HandyNotes_Shadowlands:zones\revendreth.lua","handynotes_provider"
"shadowlands","14877","Unholy Undead","Defeat 9 Master Tamers in the Shadowlands with a team of all level 25 Undead pets.","collections","pets","15119","90008","HandyNotes_Shadowlands","HandyNotes_Shadowlands:zones\ardenweald.lua;HandyNotes_Shadowlands:zones\bastion.lua;HandyNotes_Shadowlands:zones\maldraxxus.lua;HandyNotes_Shadowlands:zones\revendreth.lua","handynotes_provider"
"shadowlands","14881","Abhorrent Adversaries of the Afterlife","Defeat the following afterlife atrocities of the Shadowlands.","collections","pets","15119","90031","HandyNotes_Shadowlands","HandyNotes_Shadowlands:zones\ardenweald.lua;HandyNotes_Shadowlands:zones\bastion.lua;HandyNotes_Shadowlands:zones\maldraxxus.lua;HandyNotes_Shadowlands:zones\revendreth.lua","handynotes_provider"
"shadowlands","15004","A Sly Fox","Find ""Sly"" each time he runs away.","collections","pets","15118","91194","HandyNotes_Shadowlands;HandyNotes_ShadowlandsTreasures","HandyNotes_Shadowlands:zones\the_maw.lua;HandyNotes_ShadowlandsTreasures:zones\Maw.lua","handynotes_provider"
"tbc","6587","Outland Safari","Catch every battle pet in Outland.","collections","pets","15118","29245","HandyNotes_Cataclysm;HandyNotes_TheBurningCrusade;HandyNotes_WorldOfWarcraft;HandyNotes_WrathOfTheLichKing","HandyNotes_Cataclysm:common.lua;HandyNotes_TheBurningCrusade:common.lua;HandyNotes_WorldOfWarcraft:common.lua;HandyNotes_WrathOfTheLichKing:common.lua","content_override"
"tbc","1257","The Scavenger","Successfully fish in each of the junk nodes listed below.","features","professions","171","5049","HandyNotes_TheBurningCrusade;HandyNotes_WorldOfWarcraft","HandyNotes_TheBurningCrusade:zones\zangarmarsh.lua;HandyNotes_WorldOfWarcraft:common.lua","content_override"
"tww","40153","Battle on Khaz Algar","Complete 8 Pet Battle World Quests on Khaz Algar with a full team of level 25 pets.","collections","pets","15119","161720","HandyNotes_TheWarWithin","HandyNotes_TheWarWithin:zones\azj_kahet.lua;HandyNotes_TheWarWithin:zones\hallowfall.lua;HandyNotes_TheWarWithin:zones\isle_of_dorn.lua;HandyNotes_TheWarWithin:zones\ringing_deeps.lua","handynotes_provider"
"tww","40154","Aquatic Battler of Khaz Algar","Defeat the pet trainers of Khaz Algar with a team of all level 25 Aquatic pets.","collections","pets","15119","161729","HandyNotes_TheWarWithin","HandyNotes_TheWarWithin:zones\azj_kahet.lua;HandyNotes_TheWarWithin:zones\hallowfall.lua;HandyNotes_TheWarWithin:zones\isle_of_dorn.lua;HandyNotes_TheWarWithin:zones\ringing_deeps.lua","handynotes_provider"
"tww","40155","Beast Battler of Khaz Algar","Defeat the pet trainers of Khaz Algar with a team of all level 25 Beast pets.","collections","pets","15119","161734","HandyNotes_TheWarWithin","HandyNotes_TheWarWithin:zones\azj_kahet.lua;HandyNotes_TheWarWithin:zones\hallowfall.lua;HandyNotes_TheWarWithin:zones\isle_of_dorn.lua;HandyNotes_TheWarWithin:zones\ringing_deeps.lua","handynotes_provider"
"tww","40156","Critter Battler of Khaz Algar","Defeat the pet trainers of Khaz Algar with a team of all level 25 Critter pets.","collections","pets","15119","161739","HandyNotes_TheWarWithin","HandyNotes_TheWarWithin:zones\azj_kahet.lua;HandyNotes_TheWarWithin:zones\hallowfall.lua;HandyNotes_TheWarWithin:zones\isle_of_dorn.lua;HandyNotes_TheWarWithin:zones\ringing_deeps.lua","handynotes_provider"
"tww","40157","Dragonkin Battler of Khaz Algar","Defeat the pet trainers of Khaz Algar with a team of all level 25 Dragonkin pets.","collections","pets","15119","161744","HandyNotes_TheWarWithin","HandyNotes_TheWarWithin:zones\azj_kahet.lua;HandyNotes_TheWarWithin:zones\hallowfall.lua;HandyNotes_TheWarWithin:zones\isle_of_dorn.lua;HandyNotes_TheWarWithin:zones\ringing_deeps.lua","handynotes_provider"
"tww","40158","Elemental Battler of Khaz Algar","Defeat the pet trainers of Khaz Algar with a team of all level 25 Elemental pets.","collections","pets","15119","161749","HandyNotes_TheWarWithin","HandyNotes_TheWarWithin:zones\azj_kahet.lua;HandyNotes_TheWarWithin:zones\hallowfall.lua;HandyNotes_TheWarWithin:zones\isle_of_dorn.lua;HandyNotes_TheWarWithin:zones\ringing_deeps.lua","handynotes_provider"
"tww","40161","Flying Battler of Khaz Algar","Defeat the pet trainers of Khaz Algar with a team of all level 25 Flying pets.","collections","pets","15119","161754","HandyNotes_TheWarWithin","HandyNotes_TheWarWithin:zones\azj_kahet.lua;HandyNotes_TheWarWithin:zones\hallowfall.lua;HandyNotes_TheWarWithin:zones\isle_of_dorn.lua;HandyNotes_TheWarWithin:zones\ringing_deeps.lua","handynotes_provider"
"tww","40162","Humanoid Battler of Khaz Algar","Defeat the pet trainers of Khaz Algar with a team of all level 25 Humanoid pets.","collections","pets","15119","161759","HandyNotes_TheWarWithin","HandyNotes_TheWarWithin:zones\azj_kahet.lua;HandyNotes_TheWarWithin:zones\hallowfall.lua;HandyNotes_TheWarWithin:zones\isle_of_dorn.lua;HandyNotes_TheWarWithin:zones\ringing_deeps.lua","handynotes_provider"
"tww","40163","Magic Battler of Khaz Algar","Defeat the pet trainers of Khaz Algar with a team of all level 25 Magic pets.","collections","pets","15119","161764","HandyNotes_TheWarWithin","HandyNotes_TheWarWithin:zones\azj_kahet.lua;HandyNotes_TheWarWithin:zones\hallowfall.lua;HandyNotes_TheWarWithin:zones\isle_of_dorn.lua;HandyNotes_TheWarWithin:zones\ringing_deeps.lua","handynotes_provider"
"tww","40164","Mechanical Battler of Khaz Algar","Defeat the pet trainers of Khaz Algar with a team of all level 25 Mechanical pets.","collections","pets","15119","161769","HandyNotes_TheWarWithin","HandyNotes_TheWarWithin:zones\azj_kahet.lua;HandyNotes_TheWarWithin:zones\hallowfall.lua;HandyNotes_TheWarWithin:zones\isle_of_dorn.lua;HandyNotes_TheWarWithin:zones\ringing_deeps.lua","handynotes_provider"
"tww","40165","Undead Battler of Khaz Algar","Defeat the pet trainers of Khaz Algar with a team of all level 25 Undead pets.","collections","pets","15119","161774","HandyNotes_TheWarWithin","HandyNotes_TheWarWithin:zones\azj_kahet.lua;HandyNotes_TheWarWithin:zones\hallowfall.lua;HandyNotes_TheWarWithin:zones\isle_of_dorn.lua;HandyNotes_TheWarWithin:zones\ringing_deeps.lua","handynotes_provider"
"tww","40166","Isle of Dorn Glyph Hunter","Discover the following Skyriding Glyphs in Isle of Dorn:","exploration","glyphs","15462","161779","HandyNotes_TheWarWithin;HandyNotes_WarWithin","HandyNotes_TheWarWithin:zones\isle_of_dorn.lua;HandyNotes_WarWithin:achievements\GlyphHunter.lua","handynotes_provider"
"tww","40703","The Ringing Deeps Glyph Hunter","Discover the following Skyriding Glyphs in The Ringing Deeps:","exploration","glyphs","15462","166384","HandyNotes_TheWarWithin;HandyNotes_WarWithin","HandyNotes_TheWarWithin:zones\ringing_deeps.lua;HandyNotes_WarWithin:achievements\GlyphHunter.lua","handynotes_provider"
"tww","40704","Hallowfall Glyph Hunter","Discover the following Skyriding Glyphs in Hallowfall:","exploration","glyphs","15462","166373","HandyNotes_TheWarWithin;HandyNotes_WarWithin","HandyNotes_TheWarWithin:zones\hallowfall.lua;HandyNotes_WarWithin:achievements\GlyphHunter.lua","handynotes_provider"
"tww","40705","Azj-Kahet Glyph Hunter","Discover the following Skyriding Glyphs in Azj-Kahet:","exploration","glyphs","15462","166361","HandyNotes_TheWarWithin;HandyNotes_WarWithin","HandyNotes_TheWarWithin:zones\azj_kahet.lua;HandyNotes_WarWithin:achievements\GlyphHunter.lua","handynotes_provider"
"tww","42727","K'aresh Glyph Hunter","Discover the following Skyriding Glyphs in K'aresh:","exploration","glyphs","15462","212042","HandyNotes_TheWarWithin;HandyNotes_WarWithin","HandyNotes_TheWarWithin:zones\karesh.lua;HandyNotes_WarWithin:achievements\GlyphHunter.lua","handynotes_provider"
"tww","40967","Ratts' Revenge","Uncover Ratts' story and take back her stolen prize.","exploration","zone","81","168787","HandyNotes_TheWarWithin","HandyNotes_TheWarWithin:zones\ratts_revenge.lua","handynotes_provider"
"tww","40979","No Crate Left Behind","Find and return all Celebration Crates.","exploration","zone","15532","168921","HandyNotes_TheWarWithin","HandyNotes_TheWarWithin:zones\secrets_of_azeroth.lua","handynotes_provider"
"tww","40316","Isle of Dorn: Bronze","Complete all normal races in the Isle of Dorn.","features","dragonriding","15462","162581","HandyNotes_TheWarWithin","HandyNotes_TheWarWithin:zones\skyriding_races.lua","handynotes_provider"
"tww","40317","Isle of Dorn: Silver","Obtain silver in all normal races in the Isle of Dorn.","features","dragonriding","15462","162583","HandyNotes_TheWarWithin","HandyNotes_TheWarWithin:zones\skyriding_races.lua","handynotes_provider"
"tww","40318","Isle of Dorn: Gold","Obtain gold in all normal races in the Isle of Dorn.","features","dragonriding","15462","162595","HandyNotes_TheWarWithin","HandyNotes_TheWarWithin:zones\skyriding_races.lua","handynotes_provider"
"tww","40319","Isle of Dorn Advanced: Bronze","Complete all advanced races in the Isle of Dorn.","features","dragonriding","15462","162602","HandyNotes_TheWarWithin","HandyNotes_TheWarWithin:zones\skyriding_races.lua","handynotes_provider"
"tww","40320","Isle of Dorn Advanced: Silver","Obtain silver in all advanced races in the Isle of Dorn.","features","dragonriding","15462","162609","HandyNotes_TheWarWithin","HandyNotes_TheWarWithin:zones\skyriding_races.lua","handynotes_provider"
"tww","40321","Isle of Dorn Advanced: Gold","Obtain gold in all advanced races in the Isle of Dorn.","features","dragonriding","15462","162616","HandyNotes_TheWarWithin","HandyNotes_TheWarWithin:zones\skyriding_races.lua","handynotes_provider"
"tww","40322","Isle of Dorn Reverse: Bronze","Complete all reverse races in the Isle of Dorn.","features","dragonriding","15462","162623","HandyNotes_TheWarWithin","HandyNotes_TheWarWithin:zones\skyriding_races.lua","handynotes_provider"
"tww","40323","Isle of Dorn Reverse: Silver","Obtain silver in all reverse races in the Isle of Dorn.","features","dragonriding","15462","162630","HandyNotes_TheWarWithin","HandyNotes_TheWarWithin:zones\skyriding_races.lua","handynotes_provider"
"tww","40324","Isle of Dorn Reverse: Gold","Obtain gold in all reverse races in the Isle of Dorn.","features","dragonriding","15462","162637","HandyNotes_TheWarWithin","HandyNotes_TheWarWithin:zones\skyriding_races.lua","handynotes_provider"
"tww","40325","The Ringing Deeps: Bronze","Complete all normal races in The Ringing Deeps.","features","dragonriding","15462","162644","HandyNotes_TheWarWithin","HandyNotes_TheWarWithin:zones\skyriding_races.lua","handynotes_provider"
"tww","40326","The Ringing Deeps: Silver","Obtain silver in all normal races in The Ringing Deeps.","features","dragonriding","15462","162651","HandyNotes_TheWarWithin","HandyNotes_TheWarWithin:zones\skyriding_races.lua","handynotes_provider"
"tww","40327","The Ringing Deeps: Gold","Obtain gold in all normal races in The Ringing Deeps.","features","dragonriding","15462","162658","HandyNotes_TheWarWithin","HandyNotes_TheWarWithin:zones\skyriding_races.lua","handynotes_provider"
"tww","40328","The Ringing Deeps Advanced: Bronze","Complete all advanced races in The Ringing Deeps.","features","dragonriding","15462","162665","HandyNotes_TheWarWithin","HandyNotes_TheWarWithin:zones\skyriding_races.lua","handynotes_provider"
"tww","40329","The Ringing Deeps Advanced: Silver","Obtain silver in all advanced races in The Ringing Deeps.","features","dragonriding","15462","162672","HandyNotes_TheWarWithin","HandyNotes_TheWarWithin:zones\skyriding_races.lua","handynotes_provider"
"tww","40330","The Ringing Deeps Advanced: Gold","Obtain gold in all advanced races in The Ringing Deeps.","features","dragonriding","15462","162679","HandyNotes_TheWarWithin","HandyNotes_TheWarWithin:zones\skyriding_races.lua","handynotes_provider"
"tww","40331","The Ringing Deeps Reverse: Bronze","Complete all reverse races in The Ringing Deeps.","features","dragonriding","15462","162686","HandyNotes_TheWarWithin","HandyNotes_TheWarWithin:zones\skyriding_races.lua","handynotes_provider"
"tww","40332","The Ringing Deeps Reverse: Silver","Obtain silver in all reverse races in The Ringing Deeps.","features","dragonriding","15462","162693","HandyNotes_TheWarWithin","HandyNotes_TheWarWithin:zones\skyriding_races.lua","handynotes_provider"
"tww","40333","The Ringing Deeps Reverse: Gold","Obtain gold in all reverse races in The Ringing Deeps.","features","dragonriding","15462","162700","HandyNotes_TheWarWithin","HandyNotes_TheWarWithin:zones\skyriding_races.lua","handynotes_provider"
"tww","40334","Hallowfall: Bronze","Complete all normal races in Hallowfall.","features","dragonriding","15462","162707","HandyNotes_TheWarWithin","HandyNotes_TheWarWithin:zones\skyriding_races.lua","handynotes_provider"
"tww","40335","Hallowfall: Silver","Obtain silver in all normal races in Hallowfall.","features","dragonriding","15462","162714","HandyNotes_TheWarWithin","HandyNotes_TheWarWithin:zones\skyriding_races.lua","handynotes_provider"
"tww","40336","Hallowfall: Gold","Obtain gold in all normal races in Hallowfall.","features","dragonriding","15462","162721","HandyNotes_TheWarWithin","HandyNotes_TheWarWithin:zones\skyriding_races.lua","handynotes_provider"
"tww","40337","Hallowfall Advanced: Bronze","Complete all advanced races in Hallowfall.","features","dragonriding","15462","162728","HandyNotes_TheWarWithin","HandyNotes_TheWarWithin:zones\skyriding_races.lua","handynotes_provider"
"tww","40338","Hallowfall Advanced: Silver","Obtain silver in all advanced races in Hallowfall.","features","dragonriding","15462","162735","HandyNotes_TheWarWithin","HandyNotes_TheWarWithin:zones\skyriding_races.lua","handynotes_provider"
"tww","40339","Hallowfall Advanced: Gold","Obtain gold in all advanced races in Hallowfall.","features","dragonriding","15462","162742","HandyNotes_TheWarWithin","HandyNotes_TheWarWithin:zones\skyriding_races.lua","handynotes_provider"
"tww","40340","Hallowfall Reverse: Bronze","Complete all reverse races in Hallowfall.","features","dragonriding","15462","162749","HandyNotes_TheWarWithin","HandyNotes_TheWarWithin:zones\skyriding_races.lua","handynotes_provider"
"tww","40341","Hallowfall Reverse: Silver","Obtain silver in all reverse races in Hallowfall.","features","dragonriding","15462","162756","HandyNotes_TheWarWithin","HandyNotes_TheWarWithin:zones\skyriding_races.lua","handynotes_provider"
"tww","40342","Hallowfall Reverse: Gold","Obtain gold in all reverse races in Hallowfall.","features","dragonriding","15462","162763","HandyNotes_TheWarWithin","HandyNotes_TheWarWithin:zones\skyriding_races.lua","handynotes_provider"
"tww","40343","Azj-Kahet: Bronze","Complete all normal races in Azj-Kahet.","features","dragonriding","15462","162770","HandyNotes_TheWarWithin","HandyNotes_TheWarWithin:zones\skyriding_races.lua","handynotes_provider"
"tww","40344","Azj-Kahet: Silver","Obtain silver in all normal races in Azj-Kahet.","features","dragonriding","15462","162777","HandyNotes_TheWarWithin","HandyNotes_TheWarWithin:zones\skyriding_races.lua","handynotes_provider"
"tww","40345","Azj-Kahet: Gold","Obtain gold in all normal races in Azj-Kahet.","features","dragonriding","15462","162784","HandyNotes_TheWarWithin","HandyNotes_TheWarWithin:zones\skyriding_races.lua","handynotes_provider"
"tww","40346","Azj-Kahet Advanced: Bronze","Complete all advanced races in Azj-Kahet.","features","dragonriding","15462","162791","HandyNotes_TheWarWithin","HandyNotes_TheWarWithin:zones\skyriding_races.lua","handynotes_provider"
"tww","40347","Azj-Kahet Advanced: Silver","Obtain silver in all advanced races in Azj-Kahet.","features","dragonriding","15462","162798","HandyNotes_TheWarWithin","HandyNotes_TheWarWithin:zones\skyriding_races.lua","handynotes_provider"
"tww","40348","Azj-Kahet Advanced: Gold","Obtain gold in all advanced races in Azj-Kahet.","features","dragonriding","15462","162805","HandyNotes_TheWarWithin","HandyNotes_TheWarWithin:zones\skyriding_races.lua","handynotes_provider"
"tww","40349","Azj-Kahet Reverse: Bronze","Complete all reverse races in Azj-Kahet.","features","dragonriding","15462","162812","HandyNotes_TheWarWithin","HandyNotes_TheWarWithin:zones\skyriding_races.lua","handynotes_provider"
"tww","40350","Azj-Kahet Reverse: Silver","Obtain silver in all reverse races in Azj-Kahet.","features","dragonriding","15462","162819","HandyNotes_TheWarWithin","HandyNotes_TheWarWithin:zones\skyriding_races.lua","handynotes_provider"
"tww","40351","Azj-Kahet Reverse: Gold","Obtain gold in all reverse races in Azj-Kahet.","features","dragonriding","15462","162826","HandyNotes_TheWarWithin","HandyNotes_TheWarWithin:zones\skyriding_races.lua","handynotes_provider"
"tww","40936","Undermine Skyrocketing: Bronze","Complete all Skyrocketing races in Undermine.","features","dragonriding","15462","168495","HandyNotes_TheWarWithin","HandyNotes_TheWarWithin:zones\skyriding_races.lua","handynotes_provider"
"tww","40937","Undermine Skyrocketing: Silver","Obtain silver in all Skyrocketing races in Undermine.","features","dragonriding","15462","168504","HandyNotes_TheWarWithin","HandyNotes_TheWarWithin:zones\skyriding_races.lua","handynotes_provider"
"tww","40938","Undermine Skyrocketing: Gold","Obtain gold in all Skyrocketing races in Undermine.","features","dragonriding","15462","168513","HandyNotes_TheWarWithin","HandyNotes_TheWarWithin:zones\skyriding_races.lua","handynotes_provider"
"tww","41081","Undermine Breaknecking: Bronze","Complete all normal Breakneck races in Undermine.","features","dragonriding","15462","169700","HandyNotes_TheWarWithin","HandyNotes_TheWarWithin:zones\skyriding_races.lua","handynotes_provider"
"tww","41083","Undermine Breaknecking: Silver","Obtain silver in all Breakneck races in Undermine.","features","dragonriding","15462","169713","HandyNotes_TheWarWithin","HandyNotes_TheWarWithin:zones\skyriding_races.lua","handynotes_provider"
"tww","41084","Undermine Breaknecking: Gold","Obtain gold in all Breakneck races in Undermine.","features","dragonriding","15462","169722","HandyNotes_TheWarWithin","HandyNotes_TheWarWithin:zones\skyriding_races.lua","handynotes_provider"
"wod","9713","Awake the Drakes","Collect the following drake mounts.","collections","mounts","15248","40595","HandyNotes_TheBurningCrusade","HandyNotes_TheBurningCrusade:zones\shadowmoon_valley.lua","content_override"
"wod","9724","Taming Draenor","Defeat all of the Pet Tamers in Draenor listed below.","collections","pets","15119","40948","HandyNotes_WarlordsOfDraenor","HandyNotes_WarlordsOfDraenor:zones\frostfire.lua;HandyNotes_WarlordsOfDraenor:zones\gorgrond.lua;HandyNotes_WarlordsOfDraenor:zones\nagrand.lua;HandyNotes_WarlordsOfDraenor:zones\shadowmoon.lua;HandyNotes_WarlordsOfDraenor:zones\spires.lua;HandyNotes_WarlordsOfDraenor:zones\talador.lua","handynotes_provider"
"wod","10052","Tiny Terrors in Tanaan","Defeat the following fel-corrupted pets in Tanaan Jungle.","collections","pets","15119","44000","HandyNotes_WarlordsOfDraenor","HandyNotes_WarlordsOfDraenor:zones\tanaan_jungle.lua","handynotes_provider"
"wod","10353","Iron Armada","Collect all five toys that are part of the Crashin' Thrashin' ""Iron Armada"" set.","collections","toys","156","45702","HandyNotes_WarlordsOfDraenor","HandyNotes_WarlordsOfDraenor:zones\tanaan_jungle.lua","handynotes_provider"
"wod","9838","What A Strange, Interdimensional Trip It's Been","Defeat the following Draenor bosses while being accompanied by Pepe.","exploration","zone","15246","42808","HandyNotes_WarlordsOfDraenor","HandyNotes_WarlordsOfDraenor:common.lua","handynotes_provider"
"wod","10053","I Found Pepe!","Find Pepe wearing his viking, ninja, knight, and pirate outfits.","exploration","zone","15246","44030","HandyNotes_TreasureHunter;HandyNotes_WarlordsOfDraenor","HandyNotes_TreasureHunter:features\Pepe.lua;HandyNotes_WarlordsOfDraenor:zones\gorgrond.lua;HandyNotes_WarlordsOfDraenor:zones\nagrand.lua;HandyNotes_WarlordsOfDraenor:zones\spires.lua;HandyNotes_WarlordsOfDraenor:zones\talador.lua","handynotes_provider"
"wod","10334","Predator","Defeat Xemirkol in Tanaan Jungle.","exploration","zone","81","45263","HandyNotes_WarlordsOfDraenor","HandyNotes_WarlordsOfDraenor:zones\tanaan_jungle.lua","handynotes_provider"
"wod","14728","To All the Squirrels Through Time and Space","Draenor is home to many familiar, but different critters, who have been waiting to get some /love.","exploration","zone","15235","88034","HandyNotes_WarlordsOfDraenor","HandyNotes_WarlordsOfDraenor:zones\frostfire.lua;HandyNotes_WarlordsOfDraenor:zones\gorgrond.lua;HandyNotes_WarlordsOfDraenor:zones\nagrand.lua;HandyNotes_WarlordsOfDraenor:zones\shadowmoon.lua;HandyNotes_WarlordsOfDraenor:zones\spires.lua;HandyNotes_WarlordsOfDraenor:zones\talador.lua;HandyNotes_WarlordsOfDraenor:zones\tanaan_jungle.lua","handynotes_provider"
"wrath","6588","Northrend Safari","Catch every battle pet in Northrend.","collections","pets","15118","29272","HandyNotes_Cataclysm;HandyNotes_TheBurningCrusade;HandyNotes_WorldOfWarcraft;HandyNotes_WrathOfTheLichKing","HandyNotes_Cataclysm:common.lua;HandyNotes_TheBurningCrusade:common.lua;HandyNotes_WorldOfWarcraft:common.lua;HandyNotes_WrathOfTheLichKing:common.lua","content_override"
"wrath","1206","To All The Squirrels I've Loved Before","Show the critters of Azeroth how much you /love them.","exploration","zone","14777","1631","HandyNotes_WrathOfTheLichKing","HandyNotes_WrathOfTheLichKing:zones\howling_fjord.lua","handynotes_provider"
"wrath","1254","Friend or Fowl?","Slay 15 turkeys in 3 minutes.","exploration","zone","14780","451","HandyNotes_WrathOfTheLichKing","HandyNotes_WrathOfTheLichKing:zones\howling_fjord.lua","handynotes_provider"
"wrath","2556","Pest Control","Slay the following pests.","exploration","zone","97","12388","HandyNotes_WrathOfTheLichKing","HandyNotes_WrathOfTheLichKing:zones\borean_tundra.lua;HandyNotes_WrathOfTheLichKing:zones\dalaran.lua;HandyNotes_WrathOfTheLichKing:zones\howling_fjord.lua;HandyNotes_WrathOfTheLichKing:zones\zuldrak.lua","handynotes_provider"
"wrath","2557","To All The Squirrels Who Shared My Life","Show more critters of Azeroth how much you /love them.","exploration","zone","14780","8808","HandyNotes_WrathOfTheLichKing","HandyNotes_WrathOfTheLichKing:zones\borean_tundra.lua;HandyNotes_WrathOfTheLichKing:zones\dragonblight.lua;HandyNotes_WrathOfTheLichKing:zones\grizzly_hills.lua;HandyNotes_WrathOfTheLichKing:zones\howling_fjord.lua;HandyNotes_WrathOfTheLichKing:zones\icecrown.lua;HandyNotes_WrathOfTheLichKing:zones\sholazar_basin.lua;HandyNotes_WrathOfTheLichKing:zones\zuldrak.lua","handynotes_provider"
"wrath","2096","The Coin Master","Complete the coin fishing achievements listed below.","features","professions","171","8797","HandyNotes_WrathOfTheLichKing","HandyNotes_WrathOfTheLichKing:zones\dalaran.lua","handynotes_provider"
