"status","current_exists","achievement_id","title","description","category_id","category_name","criteria_tree_id","flags","points"
"wod_category_confirmed","True","8671","You'll Get Caught Up In The... Frostfire!","Complete the Frostfire Ridge storylines listed below.","15220","Draenor","33931","0","10"
"wod_category_confirmed","True","8843","Skyreach","Defeat High Sage Viryx in Skyreach.","15228","Draenor Dungeon","36075","0","10"
"wod_category_confirmed","True","8844","Heroic: Skyreach","Defeat High Sage Viryx in Skyreach on Heroic difficulty.","15228","Draenor Dungeon","36080","0","10"
"wod_category_confirmed","True","8845","As I Walk Through the Valley of the Shadow of Moon","Complete the Shadowmoon Valley storylines listed below.","15220","Draenor","34963","0","10"
"wod_category_confirmed","True","8919","Don't Let the Tala-door Hit You on the Way Out","Complete the Talador storylines listed below.","15220","Draenor","35781","0","10"
"wod_category_confirmed","True","8920","Don't Let the Tala-door Hit You on the Way Out","Complete the Talador storylines listed below.","15220","Draenor","35783","0","10"
"wod_category_confirmed","True","8921","Welcome to Draenor","Complete the Assault on the Dark Portal.","15220","Draenor","35791","0","10"
"wod_category_confirmed","True","8922","Welcome to Draenor","Complete the Assault on the Dark Portal.","15220","Draenor","35789","0","10"
"wod_category_confirmed","True","8923","Putting the Gore in Gorgrond","Complete the Gorgrond storylines listed below.","15220","Draenor","35779","0","10"
"wod_category_confirmed","True","8924","Putting the Gore in Gorgrond","Complete the Gorgrond storylines listed below.","15220","Draenor","35777","0","10"
"wod_category_confirmed","True","8925","Between Arak and a Hard Place","Complete the Spires of Arak storylines listed below.","15220","Draenor","35787","0","10"
"wod_category_confirmed","True","8926","Between Arak and a Hard Place","Complete the Spires of Arak storylines listed below.","15220","Draenor","39401","0","10"
"wod_category_confirmed","True","8927","Nagrandeur","Complete the Nagrand storylines listed below.","15220","Draenor","35795","0","10"
"wod_category_confirmed","True","8928","Nagrandeur","Complete the Nagrand storylines listed below.","15220","Draenor","35793","0","10"
"wod_category_confirmed","True","8929","The Steel Has Been Brought","Defeat Flamebender Ka'graz in Blackrock Foundry without killing Aknor Steelbringer on Normal difficulty or higher.","15231","Draenor Raid","35930","0","10"
"wod_category_confirmed","True","8930","Ya, We've Got Time...","Complete the Blast Furnace encounter in Blackrock Foundry after defeating all four Primal Elementalists within 10 seconds of each other, on Normal difficulty or higher.","15231","Draenor Raid","35932","0","10"
"wod_category_confirmed","True","8932","Mythic: Flamebender Ka'graz","Defeat Flamebender Ka'graz in Blackrock Foundry on Mythic difficulty.","15231","Draenor Raid","35936","0","10"
"wod_category_confirmed","True","8933","Staying Regular","Relieve yourself in the garrison outhouse.","15237","Draenor Garrison","35938","0","5"
"wod_category_confirmed","True","8937","Explore Frostfire Ridge","Explore Frostfire Ridge, revealing the covered areas of the world map.","15235","Draenor","35948","0","10"
"wod_category_confirmed","True","8938","Explore Shadowmoon Valley","Explore Shadowmoon Valley, revealing the covered areas of the world map.","15235","Draenor","35949","0","10"
"wod_category_confirmed","True","8939","Explore Gorgrond","Explore Gorgrond, revealing the covered areas of the world map.","15235","Draenor","35950","0","10"
"wod_category_confirmed","True","8940","Explore Talador","Explore Talador, revealing the covered areas of the world map.","15235","Draenor","35951","0","10"
"wod_category_confirmed","True","8941","Explore Spires of Arak","Explore Spires of Arak, revealing the covered areas of the world map.","15235","Draenor","35952","0","10"
"wod_category_confirmed","True","8942","Explore Nagrand","Explore Nagrand, revealing the covered areas of the world map.","15235","Draenor","35953","0","10"
"wod_category_confirmed","True","8947","Hurry Up, Maggot!","Cause the Butcher in Highmaul to slay 6 Maggots before defeating him on Normal difficulty or higher.","15231","Draenor Raid","35956","0","10"
"wod_category_confirmed","True","8948","Flame On!","Defeat Kargath Bladefist in Highmaul without destroying any Fire Pillars on Normal difficulty or higher.","15231","Draenor Raid","35958","0","10"
"wod_category_confirmed","True","8949","Mythic: Kargath Bladefist","Defeat Kargath Bladefist in Highmaul on Mythic difficulty.","15231","Draenor Raid","35962","0","10"
"wod_category_confirmed","True","8952","Ashes, Ashes...","Defeat Blackhand in Blackrock Foundry after catching 20 Falling Ashes on Normal difficulty or higher.","15231","Draenor Raid","35966","0","10"
"wod_category_confirmed","True","8956","Mythic: Beastlord Darmac","Defeat Beastlord Darmac in Blackrock Foundry on Mythic difficulty.","15231","Draenor Raid","35983","0","10"
"wod_category_confirmed","True","8958","Brothers in Arms","Defeat the Twin Ogron in Highmaul without their Disposition ever exceeding 30% on Normal difficulty or higher.","15231","Draenor Raid","35985","0","10"
"wod_category_confirmed","True","8960","Mythic: The Butcher","Defeat The Butcher in Highmaul on Mythic difficulty.","15231","Draenor Raid","35987","0","10"
"wod_category_confirmed","True","8961","Mythic: Tectus","Defeat Tectus in Highmaul on Mythic difficulty.","15231","Draenor Raid","35989","0","10"
"wod_category_confirmed","True","8962","Mythic: Brackenspore","Defeat Brackenspore in Highmaul on Mythic difficulty.","15231","Draenor Raid","37106","0","10"
"wod_category_confirmed","True","8963","Mythic: Twin Ogron","Defeat the Twin Ogron in Highmaul on Mythic difficulty.","15231","Draenor Raid","37108","0","10"
"wod_category_confirmed","True","8964","Mythic: Ko'ragh","Defeat Ko'ragh in Highmaul on Mythic difficulty.","15231","Draenor Raid","37104","0","10"
"wod_category_confirmed","True","8965","Mythic: Imperator's Fall","Complete the Imperator Mar'gok encounter in Highmaul on Mythic difficulty.","15231","Draenor Raid","37110","0","10"
"wod_category_confirmed","True","8966","Mythic: Gruul","Defeat Gruul in Blackrock Foundry on Mythic difficulty.","15231","Draenor Raid","35990","0","10"
"wod_category_confirmed","True","8967","Mythic: Oregorger","Defeat Oregorger in Blackrock Foundry on Mythic difficulty.","15231","Draenor Raid","35992","0","10"
"wod_category_confirmed","True","8968","Mythic: Hans'gar and Franzok","Defeat Hans'gar and Franzok in Blackrock Foundry on Mythic difficulty.","15231","Draenor Raid","37112","0","10"
"wod_category_confirmed","True","8969","Mythic: Operator Thogar","Defeat Operator Thogar in Blackrock Foundry on Mythic difficulty.","15231","Draenor Raid","35994","0","10"
"wod_category_confirmed","True","8970","Mythic: Blast Furnace","Complete the Blast Furnace encounter in Blackrock Foundry on Mythic difficulty.","15231","Draenor Raid","36033","0","10"
"wod_category_confirmed","True","8971","Mythic: Kromog","Defeat Kromog in Blackrock Foundry on Mythic difficulty.","15231","Draenor Raid","35996","0","10"
"wod_category_confirmed","True","8972","Mythic: Iron Maidens","Defeat the Iron Maidens in Blackrock Foundry on Mythic difficulty.","15231","Draenor Raid","37114","0","10"
"wod_category_confirmed","True","8973","Mythic: Blackhand's Crucible","Defeat Warlord Blackhand in Blackrock Foundry on Mythic difficulty.","15231","Draenor Raid","35999","0","10"
"wod_category_confirmed","True","8974","More Like Wrecked-us","Defeat Tectus in Highmaul by destroying all eight Motes of Tectus within 10 seconds of each other on Normal difficulty or higher.","15231","Draenor Raid","39612","0","10"
"wod_category_confirmed","True","8975","A Fungus Among Us","Gain 15 stacks of Burning Infusion and then defeat Brackenspore in Highmaul on Normal difficulty or higher.","15231","Draenor Raid","36365","0","10"
"wod_category_confirmed","True","8976","Pair Annihilation","Defeat Ko'ragh in Highmaul with fewer than 15 Overflowing Energy orbs touching the ground or players without Nullification Barrier, on Normal difficulty or higher.","15231","Draenor Raid","36057","0","10"
"wod_category_confirmed","True","8977","Lineage of Power","Empower and defeat a Fortified Replicating Gorian Warmage and then defeat Imperator Mar'gok in Highmaul on Normal difficulty or higher.","15231","Draenor Raid","37072","0","10"
"wod_category_confirmed","True","8978","The Iron Price","Collect 3 Pristine True Iron Ores and then defeat Gruul in Blackrock Foundry in Normal difficulty or higher.","15231","Draenor Raid","36337","0","10"
"wod_category_confirmed","True","8979","He Shoots, He Ores","Deposit the Volatile Ore in the Ore Grinder, and then defeat Oregorger in Blackrock Foundry on Normal difficulty or higher.","15231","Draenor Raid","36059","0","10"
"wod_category_confirmed","True","8980","Stamp Stamp Revolution","Defeat Hans'gar and Franzok in Blackrock Foundry without any raid member being crushed by a stamping press on Normal difficulty or higher.","15231","Draenor Raid","36029","0","10"
"wod_category_confirmed","True","8981","Fain Would Lie Down","Defeat Beastlord Darmac in Blackrock Foundry on Normal difficulty or higher after causing him to mount each beast first:","15231","Draenor Raid","36019","0","10"
"wod_category_confirmed","True","8982","There's Always a Bigger Train","Engineer the ironic demise of an Exulting Wind-Up Train Wrecker in Blackrock Foundry on Normal difficulty or higher.","15231","Draenor Raid","36165","0","10"
"wod_category_confirmed","True","8983","Would You Give Me a Hand?","Defeat 10 Grasping Earth hands within 5 seconds and then defeat Kromog in Blackrock Foundry on Normal difficulty or higher.","15231","Draenor Raid","36254","0","10"
"wod_category_confirmed","True","8984","Be Quick or Be Dead","Defeat the Iron Maidens within 10 seconds of each other in Blackrock Foundry on Normal difficulty or higher.","15231","Draenor Raid","37464","0","10"
"wod_category_confirmed","True","8986","The Walled City","Defeat the bosses in the city section at the base of Highmaul.","15231","Draenor Raid","37116","0","10"
"wod_category_confirmed","True","8987","Arcane Sanctum","Defeat the bosses barring the way from the beach into the interior of the Arcane Sanctum in Highmaul.","15231","Draenor Raid","37120","0","10"
"wod_category_confirmed","True","8988","Imperator's Fall","Defeat Imperator Mar'gok atop his citadel in Highmaul.","15231","Draenor Raid","37125","0","10"
"wod_category_confirmed","True","8989","Slagworks","Defeat the bosses in the Slagworks in Blackrock Foundry.","15231","Draenor Raid","37127","0","10"
"wod_category_confirmed","True","8990","Black Forge","Defeat the bosses in the Black Forge in Blackrock Foundry.","15231","Draenor Raid","37131","0","10"
"wod_category_confirmed","True","8991","Iron Assembly","Defeat the bosses in the Iron Assembly in Blackrock Foundry.","15231","Draenor Raid","37135","0","10"
"wod_category_confirmed","True","8992","Blackhand's Crucible","Defeat Blackhand in Blackrock Foundry.","15231","Draenor Raid","37058","0","10"
"wod_category_confirmed","True","8993","A Gift of Earth and Fire","Defeat Magmolatus while Calamity and Ruination are still alive in Bloodmaul Slag Mines on Heroic difficulty.","15228","Draenor Dungeon","36031","0","10"
"wod_category_confirmed","True","9005","Come With Me If You Want to Live","Defeat Gug'rokk alongside Croman the Barbarian after finding his sword in Bloodmaul Slag Mines on Heroic difficulty.","15228","Draenor Dungeon","36055","0","10"
"wod_category_confirmed","True","9007","No Ticket","Defeat Nitrogg Thundertower after abruptly removing 20 enemies from the Grimrail in Grimrail Depot on Heroic difficulty.","15228","Draenor Dungeon","36200","0","10"
"wod_category_confirmed","True","9008","Is Draenor on Fire?","Defeat Gug'rokk without killing any Unstable Slag in Bloodmaul Slag Mines on Heroic difficulty.","15228","Draenor Dungeon","36073","0","10"
"wod_category_confirmed","True","9017","Water Management","Defeat Witherbark without allowing him to replenish any of his Aqueous Energy in The Everbloom on Heroic difficulty.","15228","Draenor Dungeon","36194","0","10"
"wod_category_confirmed","True","9018","What's Your Sign?","Defeat Sadana Bloodfury while only having the runes that correspond to her active lunar cycle lit in Shadowmoon Burial Grounds on Heroic difficulty.","15228","Draenor Dungeon","36196","0","10"
"wod_category_confirmed","True","9023","...They All Fall Down","Defeat Soulbinder Nyami after defeating 12 fallen Auchenai protectors within 3 seconds in Auchindoun on Heroic difficulty.","15228","Draenor Dungeon","36198","0","10"
"wod_category_confirmed","True","9024","This Is Why We Can't Have Nice Things","Defeat Railmaster Rocketspark and Borka the Brute after destroying all of the Priceless Paraphernalia in Grimrail Depot on Heroic difficulty.","15228","Draenor Dungeon","36214","0","10"
"wod_category_confirmed","True","9025","Icky Ichors","Defeat Bonemaw after having fed him 25 Corpse Skitterlings in Shadowmoon Burial Grounds on Heroic difficulty.","15228","Draenor Dungeon","36218","0","10"
"wod_category_confirmed","True","9026","Souls of the Lost","Defeat Ner'zhul after slaying 2 Ritual of Bones skeletons within 5 seconds of each other in Shadowmoon Burial Grounds on Heroic difficulty.","15228","Draenor Dungeon","36220","0","10"
"wod_category_confirmed","True","9033","Ready for Raiding IV","Defeat Ranjit without taking damage from any of the following abilities in Skyreach on Heroic difficulty: Spinning Blade, Windwall, Four Winds, Lens Flare.","15228","Draenor Dungeon","36833","0","10"
"wod_category_confirmed","True","9034","Magnify... Enhance","Defeat the Empowered Construct in Skyreach on Heroic difficulty.","15228","Draenor Dungeon","36846","0","10"
"wod_category_confirmed","True","9035","I Saw Solis","Cause three Piles of Ash to form Solar Flares at the same time during the Rukhran encounter in Skyreach on Heroic difficulty.","15228","Draenor Dungeon","36848","0","10"
"wod_category_confirmed","True","9036","Monomania","Defeat High Sage Viryx without killing any of the Shield Constructs in Skyreach on Heroic difficulty.","15228","Draenor Dungeon","36920","0","10"
"wod_category_confirmed","True","9037","Bloodmaul Slag Mines","Defeat Gug'rokk in the Bloodmaul Slag Mines.","15228","Draenor Dungeon","37074","0","10"
"wod_category_confirmed","True","9038","Iron Docks","Defeat Skulloc in the Iron Docks.","15228","Draenor Dungeon","38121","0","10"
"wod_category_confirmed","True","9039","Auchindoun","Defeat Teron'gor in Auchindoun.","15228","Draenor Dungeon","37078","0","10"
"wod_category_confirmed","True","9041","Shadowmoon Burial Grounds","Defeat Ner'zhul in Shadowmoon Burial Grounds.","15228","Draenor Dungeon","37086","0","10"
"wod_category_confirmed","True","9042","Upper Blackrock Spire","Defeat Warlord Zaela in Upper Blackrock Spire.","15228","Draenor Dungeon","37090","0","10"
"wod_category_confirmed","True","9043","Grimrail Depot","Defeat Skylord Tovra in Grimrail Depot.","15228","Draenor Dungeon","37082","0","10"
"wod_category_confirmed","True","9044","The Everbloom","Defeat Yalnu in The Everbloom.","15228","Draenor Dungeon","37964","0","10"
"wod_category_confirmed","True","9045","Magnets, How Do They Work?","Defeat Orebender Gor'ashan without allowing him to cast Thundering Cacophony 4 times in Upper Blackrock Spire on Heroic difficulty.","15228","Draenor Dungeon","37070","0","10"
"wod_category_confirmed","True","9046","Heroic: Bloodmaul Slag Mines","Defeat Gug'rokk in the Bloodmaul Slag Mines on Heroic difficulty.","15228","Draenor Dungeon","37076","0","10"
"wod_category_confirmed","True","9047","Heroic: Iron Docks","Defeat Skulloc in the Iron Docks on Heroic difficulty.","15228","Draenor Dungeon","38123","0","10"
"wod_category_confirmed","True","9049","Heroic: Auchindoun","Defeat Teron'gor in Auchindoun on Heroic difficulty.","15228","Draenor Dungeon","37080","0","10"
"wod_category_confirmed","True","9052","Heroic: Grimrail Depot","Defeat Skylord Tovra in Grimrail Depot on Heroic difficulty.","15228","Draenor Dungeon","37084","0","10"
"wod_category_confirmed","True","9053","Heroic: The Everbloom","Defeat Yalnu in The Everbloom on Heroic difficulty.","15228","Draenor Dungeon","37966","0","10"
"wod_category_confirmed","True","9054","Heroic: Shadowmoon Burial Grounds","Defeat Ner'zhul in Shadowmoon Burial Grounds on Heroic difficulty.","15228","Draenor Dungeon","37088","0","10"
"wod_category_confirmed","True","9055","Heroic: Upper Blackrock Spire","Defeat Warlord Zaela in Upper Blackrock Spire on Heroic difficulty.","15228","Draenor Dungeon","37092","0","10"
"wod_category_confirmed","True","9056","Bridge Over Troubled Fire","Kill 20 Ragewing Whelps in 10 seconds while fighting Ragewing the Untamed in Upper Blackrock Spire on Heroic difficulty.","15228","Draenor Dungeon","37094","0","10"
"wod_category_confirmed","True","9057","Dragonmaw? More Like Dragonfall!","Kill 5 Emberscale Ironflight before defeating Warlord Zaela in Upper Blackrock Spire on Heroic difficulty.","15228","Draenor Dungeon","37096","0","10"
"wod_category_confirmed","True","9058","Leeeeeeeeeeeeeroy...?","Assist Leeroy Jenkins in recovering his Devout shoulders in Upper Blackrock Spire on Heroic difficulty.","15228","Draenor Dungeon","37099","0","10"
"wod_category_confirmed","True","9072","Mantle of the Talon King","Complete the Terokk's Legacy storyline and earn Exalted status with the Arakkoa Outcasts.","15232","Draenor","39415","131072","5"
"wod_category_confirmed","True","9076","Choppin' Some Logs","Place 10 Work Orders at the Lumber Mill.","15238","Buildings","37479","131072","5"
"wod_category_confirmed","True","9077","Choppin' Some More Logs","Place 50 Work Orders at the Lumber Mill.","15238","Buildings","37481","131072","5"
"wod_category_confirmed","True","9078","Choppin' Even More Logs","Place 100 Work Orders at the Lumber Mill.","15238","Buildings","37483","131072","5"
"wod_category_confirmed","True","9080","Choppin' Even More Logs","Place 100 Work Orders at the Lumber Mill.","15238","Buildings","37485","131072","5"
"wod_category_confirmed","True","9081","Expert Timing","Slay 4 Ogron Laborers that are not in combat using a single Iron Star in Iron Docks on Heroic Difficulty.","15228","Draenor Dungeon","37551","0","10"
"wod_category_confirmed","True","9082","Take Cover!","Defeat Skulloc in Iron Docks on Heroic difficulty without any players getting hit by Cannon Barrage or Backdraft.","15228","Draenor Dungeon","37553","0","10"
"wod_category_confirmed","True","9083","Militaristic, Expansionist","Defeat Fleshrender Nok'gar in Iron Docks on Heroic difficulty, while Siegemaster Olugar, Pitwarden Gwarnok, and Champion Druna remain alive and in the fight.","15228","Draenor Dungeon","37555","0","10"
"wod_category_confirmed","True","9094","Garrison Architect","Complete the garrison building achievements listed below.","15238","Buildings","37590","0","10"
"wod_category_confirmed","True","9095","Builder","Upgrade all the buildings on your garrison plots to level 2.","15238","Buildings","37622","0","5"
"wod_category_confirmed","True","9096","Master Builder","Upgrade all the buildings on your garrison plots to level 3.","15238","Buildings","37646","0","5"
"wod_category_confirmed","True","9097","Keepin' Busy","Construct all the preset buildings listed below.","15238","Buildings","37614","0","5"
"wod_category_confirmed","True","9098","Movin' On Up","Upgrade any garrison building to level 3.","15238","Buildings","37672","0","5"
"wod_category_confirmed","True","9099","Time for an Upgrade","Upgrade any garrison building to level 2.","15238","Buildings","37670","0","5"
"wod_category_confirmed","True","9100","More Plots","Upgrade your garrison to tier 2.","15237","Draenor Garrison","37674","0","5"
"wod_category_confirmed","True","9101","Even More Plots","Upgrade your garrison to tier 3.","15237","Draenor Garrison","37676","0","5"
"wod_category_confirmed","True","9102","Ashran Victory","Kill the opposing faction Commander while controlling all points on the Road of Glory.","15241","Ashran","37596","0","10"
"wod_category_confirmed","True","9103","Bounty Hunter","Loot all the following off Alliance player corpses:","15241","Ashran","37598","0","10"
"wod_category_confirmed","True","9104","Bounty Hunter","Loot all the following off Horde player corpses:","15241","Ashran","37606","0","10"
"wod_category_confirmed","True","9105","Tour of Duty","Complete each PvP Event at the following areas listed below.","15241","Ashran","37619","0","10"
"wod_category_confirmed","True","9106","Just for Me","Activate a Class Specific Book Epic Item found within Ashran.","15241","Ashran","38948","0","10"
"wod_category_confirmed","True","9107","Follow the Leader","Recruit 5 followers.","15239","Followers","37678","0","5"
"wod_category_confirmed","True","9108","Where You Go, They Will Follow","Recruit 10 followers.","15239","Followers","37680","0","5"
"wod_category_confirmed","True","9109","Fearless Leader","Recruit 25 followers.","15239","Followers","37682","0","5"
"wod_category_confirmed","True","9110","Following Up","Raise a follower to level 100.","15239","Followers","37684","0","5"
"wod_category_confirmed","True","9111","Raising the Bar","Raise 10 garrison followers to level 100.","15239","Followers","37686","0","5"
"wod_category_confirmed","True","9125","Draftsman","Learn 20 garrison blueprints.","15238","Buildings","37688","0","5"
"wod_category_confirmed","True","9126","Master Draftsman","Learn 40 garrison blueprints.","15238","Buildings","37690","0","5"
"wod_category_confirmed","True","9128","Grand Master Draftsman","Learn 60 garrison blueprints.","15238","Buildings","37692","0","5"
"wod_category_confirmed","True","9129","Filling the Ranks","Raise 20 garrison followers to level 100.","15239","Followers","37697","131072","5"
"wod_category_confirmed","True","9130","A Rare Friend","Recruit a Rare follower.","15239","Followers","37699","0","5"
"wod_category_confirmed","True","9131","An Epic Buddy","Recruit an Epic follower.","15239","Followers","37701","0","5"
"wod_category_confirmed","True","9132","Garrison Buddies","Visit a friend's garrison and /wave.","15237","Draenor Garrison","37703","0","5"
"wod_category_confirmed","True","9133","On a Mission","Complete 10 garrison missions.","15240","Missions","37707","0","5"
"wod_category_confirmed","True","9134","On a Few Missions","Complete 50 garrison missions.","15240","Missions","37709","0","5"
"wod_category_confirmed","True","9138","On a Lot of Missions","Complete 100 garrison missions.","15240","Missions","37711","0","5"
"wod_category_confirmed","True","9139","On a Massive Number of Missions","Complete 500 garrison missions.","15240","Missions","37713","0","5"
"wod_category_confirmed","True","9140","On a Metric Ton of Missions","Complete 1000 garrison missions.","15240","Missions","37715","0","5"
"wod_category_confirmed","True","9141","A Rare Mission","Complete a Rare garrison mission.","15240","Missions","37717","0","5"
"wod_category_confirmed","True","9142","Keeping It Rare","Complete 50 Rare garrison missions.","15240","Missions","37719","0","5"
"wod_category_confirmed","True","9143","The Rarer the Better","Complete 300 Rare garrison missions.","15240","Missions","37721","0","5"
"wod_category_confirmed","True","9145","Treasure Mission Specialist","Complete a garrison treasure mission.","15240","Missions","37956","0","5"
"wod_category_confirmed","True","9146","Patrol Mission Specialist","Complete a garrison patrol mission.","15240","Missions","37727","0","5"
"wod_category_confirmed","True","9147","Mission Specialist","Complete the Mission Specialist achievements listed below.","15240","Missions","37944","0","5"
"wod_category_confirmed","True","9150","Exploration Mission Specialist","Complete a garrison exploration mission.","15240","Missions","37725","0","10"
"wod_category_confirmed","True","9152","It's an Invasion!","Successfully complete a garrison invasion.","15249","Invasions","37753","0","5"
"wod_category_confirmed","True","9162","Bronze Defender","Successfully complete a garrison invasion with a Bronze rating or better.","15249","Invasions","37760","0","5"
"wod_category_confirmed","True","9164","Silver Defender","Successfully complete a garrison invasion with a Silver rating or better.","15249","Invasions","37763","0","5"
"wod_category_confirmed","True","9165","Golden Defender","Successfully complete a garrison invasion with a Gold rating or better.","15249","Invasions","37766","0","5"
"wod_category_confirmed","True","9167","Invasion Specialist","Successfully complete 10 garrison invasions.","15249","Invasions","37773","128","5"
"wod_category_confirmed","True","9181","Save Those Buildings!","Complete the invasions listed below without letting any buildings get destroyed.","15249","Invasions","37878","0","5"
"wod_category_confirmed","True","9203","Shadow Council Invasion","Successfully complete a Shadow Council garrison invasion.","15249","Invasions","37902","0","5"
"wod_category_confirmed","True","9204","Ogre Invasion","Successfully complete an Ogre garrison invasion.","15249","Invasions","37904","0","5"
"wod_category_confirmed","True","9205","Iron Horde Invasion","Successfully complete an Iron Horde garrison invasion.","15249","Invasions","37906","0","5"
"wod_category_confirmed","True","9206","Shadowmoon Clan Invasion","Successfully complete a Shadowmoon Clan garrison invasion.","15249","Invasions","37908","0","5"
"wod_category_confirmed","True","9207","Goren Invasion","Successfully complete a Goren garrison invasion.","15249","Invasions","37910","0","5"
"wod_category_confirmed","True","9208","Botani Invasion","Successfully complete a Botani garrison invasion.","15249","Invasions","37912","0","5"
"wod_category_confirmed","True","9209","Master Defender","Earn a Gold rating in each max-level invasion.","15249","Invasions","41495","0","10"
"wod_category_confirmed","True","9210","Garrison Buddies","Visit a friend's garrison and /wave.","15237","Draenor Garrison","37922","0","5"
"wod_category_confirmed","True","9211","My Item Level Is Higher than Yours","Raise a follower's item level to 625.","15239","Followers","37950","0","5"
"wod_category_confirmed","True","9212","My Item Level Is Way Higher than Yours","Raise a follower's item level to 650.","15239","Followers","37952","0","5"
"wod_category_confirmed","True","9213","Item Level Army","Raise 10 followers' item level to 650.","15239","Followers","37954","0","5"
"wod_category_confirmed","True","9214","Hero of Stormshield","Gain exalted reputation with Wrynn's Vanguard.","15241","Ashran","37958","0","10"
"wod_category_confirmed","True","9215","Hero of Warspear","Gain exalted reputation with Vol'jin's Spear.","15241","Ashran","37960","0","10"
"wod_category_confirmed","True","9216","High-value Targets","Defeat all of the creatures within Ashran listed below.","15241","Ashran","39071","0","10"
"wod_category_confirmed","True","9217","Operation Counterattack","Defeat Fangraal within 8 minutes of it being summoned by the Alliance.","15241","Ashran","39067","0","10"
"wod_category_confirmed","True","9218","Grand Theft, 1st Degree","Loot 100 Artifact Fragments from enemy players.","15241","Ashran","38013","0","10"
"wod_category_confirmed","True","9219","Grand Theft, 2nd Degree","Loot 500 Artifact Fragments from enemy players.","15241","Ashran","38023","0","10"
"wod_category_confirmed","True","9220","Grand Theft, 3rd Degree","Loot 1000 Artifact Fragments from enemy players.","15241","Ashran","38025","0","10"
"wod_category_confirmed","True","9222","Divide and Conquer","Kill 5000 enemy players anywhere outside the Road of Glory within Ashran.","15241","Ashran","38946","0","10"
"wod_category_confirmed","True","9223","Weed Whacker","Defeat Yalnu without any Kirin Tor Battle-Mages dying in The Everbloom on Heroic difficulty.","15228","Draenor Dungeon","37968","0","10"
"wod_category_confirmed","True","9224","Take Them Out","Defeat all of the Alliance Captains listed below within The Road of Glory.","15241","Ashran","39897","0","10"
"wod_category_confirmed","True","9225","Take Them Out","Defeat all of the Horde Captains listed below within The Road of Glory.","15241","Ashran","39913","0","10"
"wod_category_confirmed","True","9228","Down Goes Van Rook","Kill Elliott Van Rook before he remembers how to use Ice Block.","15241","Ashran","37983","0","10"
"wod_category_confirmed","True","9243","Item Level Force","Raise 20 followers' item level to 650.","15239","Followers","38059","0","5"
"wod_category_confirmed","True","9244","Invasions Are Better with Friends","Successfully complete a garrison invasion in a party of 3 players.","15249","Invasions","38061","0","5"
"wod_category_confirmed","True","9246","Master Draenor Crafter","Craft 50 Epic items with an item level of at least 600.","15242","Monuments","38068","0","10"
"wod_category_confirmed","True","9248","Defender of Draenor","Get 5000 honorable kills in Draenor.","15242","Monuments","38070","131072","10"
"wod_category_confirmed","True","9255","Mythic Draenor Raider","Complete the Mythic raiding achievements listed below.","15242","Monuments","38097","0","10"
"wod_category_confirmed","True","9256","Rescue Operation","Release the following captured prisoners from the Horde Prison:","15241","Ashran","38115","0","10"
"wod_category_confirmed","True","9257","Rescue Operation","Release the following captured prisoners from the Alliance Prison:","15241","Ashran","38206","0","10"
"wod_category_confirmed","True","9264","Draenor Pet Brawler","Win 2000 pet battles in Draenor.","15242","Monuments","38135","131072","10"
"wod_category_confirmed","True","9265","Master of Apexis","Collect 100,000 Apexis Crystals.","15242","Monuments","38137","131072","10"
"wod_category_confirmed","True","9400","Gorgrond Monster Hunter","Slay each of the following rare elites in Gorgrond.","15235","Draenor","38467","131072","10"
"wod_category_confirmed","True","9401","Shredder Maniac","Loot 12 or more Hardened Thornvines in Gorgrond.","15235","Draenor","38476","131200","10"
"wod_category_confirmed","True","9402","Prove Your Strength","Complete the following Proofs of Strength in Gorgrond.","15235","Draenor","38495","131072","10"
"wod_category_confirmed","True","9405","Working Some Orders","Complete 125 Work Orders at your garrison.","15238","Buildings","38559","128","5"
"wod_category_confirmed","True","9406","Working More Orders","Complete 250 Work Orders at your garrison.","15238","Buildings","38572","128","5"
"wod_category_confirmed","True","9407","Working Many Orders","Complete 750 Work Orders at your garrison.","15238","Buildings","38585","128","5"
"wod_category_confirmed","True","9408","Operation Counterattack","Defeat Kronus within 8 minutes of it being summoned by the Horde.","15241","Ashran","39069","0","10"
"wod_category_confirmed","True","9423","Goliaths of Gorgrond","Defeat Tarlna the Ageless and Drov the Ruiner in Gorgrond.","15231","Draenor Raid","38881","0","10"
"wod_category_confirmed","True","9425","So Grossly Incandescent","Defeat Rukhmar in Spires of Arak.","15231","Draenor Raid","38756","0","10"
"wod_category_confirmed","True","9429","Upgrading the Mill","Place 75 Work Orders at the Lumber Mill and complete the quests listed below.","15238","Buildings","38801","131072","5"
"wod_category_confirmed","True","9432","Would You Like a Pamphlet?","Have all three incantations found in Forbidden Tomes active at once in the Shadowmoon Enclave.","15220","Draenor","38834","0","10"
"wod_category_confirmed","True","9433","A-VOID-ance","Defeat Kenos without using Void Implosion to slay any Coalesced Void Fragments in the Shadowmoon Enclave.","15220","Draenor","38838","0","10"
"wod_category_confirmed","True","9434","One of Us! One of Us!","Gain Power Overwhelming while inside the realm of the void in the Shadowmoon Enclave.","15220","Draenor","38840","0","10"
"wod_category_confirmed","True","9435","Take From Them Everything","Maintain one of the beneficial effects from destroying Sargerei supplies for 10 minutes in Socrethar's Rise.","15220","Draenor","38842","0","10"
"wod_category_confirmed","True","9436","It's the Stones!","Destroy 5 Draenic Darkstones in Socrethar's Rise.","15220","Draenor","38844","0","10"
"wod_category_confirmed","True","9437","A Demidos of Reality","Defeat Demidos, Devourer of Lights in Socrethar's Rise.","15220","Draenor","38846","0","10"
"wod_category_confirmed","True","9450","The Trap Game","Place 50 Work Orders at the Barn by trapping creatures in the world.","15238","Buildings","38950","131200","5"
"wod_category_confirmed","True","9451","Trapper's Delight","Place 250 Work Orders at the Barn by trapping creatures in the world.","15238","Buildings","41428","131200","5"
"wod_category_confirmed","True","9452","Trap Superstar","Place 500 Work Orders at the Barn by trapping creatures in the world.","15238","Buildings","41435","131200","5"
"wod_category_confirmed","True","9468","Salvaging Pays Off","Open 100 pieces of Salvage from missions.","15238","Buildings","39018","131200","5"
"wod_category_confirmed","True","9469","Arakkoa Outcasts","Earn Exalted status with the Arakkoa Outcasts.","15232","Draenor","39022","0","5"
"wod_category_confirmed","True","9470","Council of Exarchs","Earn Exalted status with the Council of Exarchs.","15232","Draenor","39026","0","10"
"wod_category_confirmed","True","9471","Frostwolf Orcs","Earn Exalted status with the Frostwolf Orcs.","15232","Draenor","39024","0","10"
"wod_category_confirmed","True","9472","Steamwheedle Preservation Society","Earn Exalted status with the Steamwheedle Preservation Society.","15232","Draenor","39028","0","10"
"wod_category_confirmed","True","9473","Vol'jin's Spear","Earn Exalted status with Vol'jin's Spear.","15232","Draenor","39030","0","10"
"wod_category_confirmed","True","9474","Wrynn's Vanguard","Earn Exalted status with Wrynn's Vanguard.","15232","Draenor","39032","0","10"
"wod_category_confirmed","True","9475","Laughing Skull Orcs","Earn Exalted status with Laughing Skull Orcs.","15232","Draenor","39034","0","10"
"wod_category_confirmed","True","9476","Sha'tari Defense","Earn Exalted status with Sha'tari Defense.","15232","Draenor","39036","0","10"
"wod_category_confirmed","True","9477","Savage Friends","Earn Exalted with 1 Draenor reputation.","15232","Draenor","39038","131200","5"
"wod_category_confirmed","True","9478","Savage Friends","Earn Exalted with 1 Draenor reputation.","15232","Draenor","39045","131200","5"
"wod_category_confirmed","True","9479","You Can't Make a Giant Omelette...","Break the Giant Rylak Egg in Darktide Roost.","15220","Draenor","39052","0","10"
"wod_category_confirmed","True","9481","You Have Been Rylakinated!","Defeat 10 Darkwing Adolescents within 3 minutes while driving a Rylakinator-3000 in Darktide Roost.","15220","Draenor","39054","0","10"
"wod_category_confirmed","True","9483","I Was Framed!","Bait Darkwing Matron into ambushing a Darktide Rylakinator-3000 in Darktide Roost.","15220","Draenor","39056","0","10"
"wod_category_confirmed","True","9486","Goodness Gracious","Activate 12 different Fel Runes within 6 seconds and live to tell the tale in Shattrath City.","15220","Draenor","39081","0","10"
"wod_category_confirmed","True","9491","The Garrison Campaign","Complete the Garrison Campaign chapters listed below.","15220","Draenor","39085","0","10"
"wod_category_confirmed","True","9492","The Garrison Campaign","Complete the Garrison Campaign chapters listed below.","15220","Draenor","39101","0","10"
"wod_category_confirmed","True","9493","They Burn, Burn, Burn","Successfully jump over 5 of Archmage Sol's Firebloom explosion rings within 5 seconds in The Everbloom on Heroic difficulty.","15228","Draenor Dungeon","39117","0","10"
"wod_category_confirmed","True","9494","Commander","Recruit 40 followers.","15239","Followers","39140","0","5"
"wod_category_confirmed","True","9495","The Bone Collector","Collect Broken Bones from other players in Player versus Player combat across Draenor.","15238","Buildings","39142","131072","5"
"wod_category_confirmed","True","9497","Finding Your Waystones","Loot 500 Ogre Waystones.","15238","Buildings","39146","131072","5"
"wod_category_confirmed","True","9498","Wingman","Become a Personal Wingman with one of your Barracks Bodyguards.","15238","Buildings","39148","0","5"
"wod_category_confirmed","True","9499","Wingmen","Become a Personal Wingman with all of your Barracks Bodyguards.","15238","Buildings","39156","0","5"
"wod_category_confirmed","True","9508","Warlord of Draenor","Complete all of the Nemesis quests at the Gladiator's Sanctum and the quest Fight, Kill, Salute! at the Highmaul Coliseum.","15238","Buildings","39270","143360","10"
"wod_category_confirmed","True","9509","Nemesis: Draenei Destroyer","Complete the quest Nemesis: Draenei Destroyer at the Gladiator's Sanctum.","15238","Buildings","39256","4096","5"
"wod_category_confirmed","True","9510","Nemesis: Dwarfstalker","Complete the quest Nemesis: Dwarfstalker at the Gladiator's Sanctum.","15238","Buildings","39258","4096","5"
"wod_category_confirmed","True","9511","Nemesis: Gnomebane","Complete the quest Nemesis: Gnomebane at the Gladiator's Sanctum.","15238","Buildings","39260","4096","5"
"wod_category_confirmed","True","9512","Nemesis: Manslayer","Complete the quest Nemesis: Manslayer at the Gladiator's Sanctum.","15238","Buildings","39262","4096","5"
"wod_category_confirmed","True","9513","Nemesis: Scourge of the Kaldorei","Complete the quest Nemesis: Scourge of the Kaldorei at the Gladiator's Sanctum.","15238","Buildings","39264","4096","5"
"wod_category_confirmed","True","9514","Nemesis: Terror of the Tushui","Complete the quest Nemesis: Terror of the Tushui at the Gladiator's Sanctum.","15238","Buildings","39266","4096","5"
"wod_category_confirmed","True","9515","Nemesis: Worgen Hunter","Complete the quest Nemesis: Worgen Hunter at the Gladiator's Sanctum.","15238","Buildings","39268","4096","5"
"wod_category_confirmed","True","9516","Nemesis: Slayer of Sin'dorei","Complete the quest Nemesis: Slayer of Sin'dorei at the Gladiator's Sanctum.","15238","Buildings","39278","4096","5"
"wod_category_confirmed","True","9517","Nemesis: Death Stalker","Complete the quest Nemesis: Death Stalker at the Gladiator's Sanctum.","15238","Buildings","39280","4096","5"
"wod_category_confirmed","True","9518","Nemesis: Killer of Kezan","Complete the quest Nemesis: Killer of Kezan at the Gladiator's Sanctum.","15238","Buildings","39282","4096","5"
"wod_category_confirmed","True","9519","Nemesis: Orcslayer","Complete the quest Nemesis: Orcslayer at the Gladiator's Sanctum.","15238","Buildings","39284","4096","5"
"wod_category_confirmed","True","9520","Nemesis: Huojin's Fall","Complete the quest Nemesis: Huojin's Fall at the Gladiator's Sanctum.","15238","Buildings","39286","4096","5"
"wod_category_confirmed","True","9521","Nemesis: The Butcher","Complete the quest Nemesis: The Butcher at the Gladiator's Sanctum.","15238","Buildings","39288","4096","5"
"wod_category_confirmed","True","9522","Nemesis: Troll Hunter","Complete the quest Nemesis: Troll Hunter at the Gladiator's Sanctum.","15238","Buildings","39290","4096","5"
"wod_category_confirmed","True","9523","Patrolling Draenor","Complete 50 garrison patrol missions.","15240","Missions","39301","131072","5"
"wod_category_confirmed","True","9524","Treasure Master","Complete 50 garrison treasure missions.","15240","Missions","39303","0","5"
"wod_category_confirmed","True","9526","Master of Mounts","Fully train all six mounts at your Stables.","15238","Buildings","39447","131072","5"
"wod_category_confirmed","True","9527","Terrific Technology","Use at least 6 of the inventions available at the Workshop specified below.","15238","Buildings","39319","131072","5"
"wod_category_confirmed","True","9528","On the Shadow's Trail","Complete the Shadowmoon Valley storyline listed below.","15220","Draenor","39353","0","10"
"wod_category_confirmed","True","9529","On the Shadow's Trail","Complete the Frostfire Ridge storyline listed below.","15220","Draenor","39355","0","10"
"wod_category_confirmed","True","9530","Writing in the Snow","Find Bodrick Grey's tattered journal page in the Bloodmaul Stronghold.","15220","Draenor","41504","0","10"
"wod_category_confirmed","True","9531","Writing in the Snow","Find Shadow Hunter Bwu'ja's tattered journal page in the Bloodmaul Stronghold.","15220","Draenor","41506","0","10"
"wod_category_confirmed","True","9533","Breaker of Chains","Free 50 slaves from captivity in the Bloodmaul Stronghold.","15220","Draenor","41502","0","10"
"wod_category_confirmed","True","9534","Delectable Ogre Delicacies","Gain the well fed effects from Toasted Roach Crunchies, Pickled Rat Skewers, and Charred Boar Chops at the same time in the Bloodmaul Stronghold.","15220","Draenor","40343","0","10"
"wod_category_confirmed","True","9535","That Was Entirely Unnecessary","Punt 100 Goren Eggs in Magnarok.","15220","Draenor","39971","0","10"
"wod_category_confirmed","True","9536","Slagnarok","Defeat 20 creatures after slagging them with goren acid in Magnarok.","15220","Draenor","39969","0","10"
"wod_category_confirmed","True","9537","By Fire Be... Merged?","Complete the quest ""Rekindling an Old Flame"" without using a Kindling Flame to rekindle the essence in Magnarok.","15220","Draenor","39967","0","10"
"wod_category_confirmed","True","9538","Intro to Husbandry","Complete all of the capture quests at the Stables.","15238","Buildings","39428","0","5"
"wod_category_confirmed","True","9539","Advanced Husbandry","Defeat all mount-in-training targets in Nagrand while carrying the Black Claw of Sethe.","15238","Buildings","39483","131072","10"
"wod_category_confirmed","True","9540","The Stable Master","Defeat all mount-in-training targets in Nagrand while carrying the Garn-Tooth Necklace.","15238","Buildings","39526","131072","10"
"wod_category_confirmed","True","9541","The Song of Silence","Defeat the elite Warsong of Mok'gol Watchpost.","15220","Draenor","39579","0","10"
"wod_category_confirmed","True","9543","Invasion? What Invasion?","Successfully complete 50 garrison invasions.","15249","Invasions","39584","128","5"
"wod_category_confirmed","True","9545","More Plots","Upgrade your garrison to tier 2.","15237","Draenor Garrison","39597","0","5"
"wod_category_confirmed","True","9546","Even More Plots","Upgrade your garrison to tier 3.","15237","Draenor Garrison","39599","0","5"
"wod_category_confirmed","True","9548","Buried Treasures","Find all of the Warsong objects within Mok'gol Watchpost","15220","Draenor","39603","0","10"
"wod_category_confirmed","True","9551","Demon's Souls","Defeat Azzakel in Auchindoun on Heroic difficulty without killing any other demons during the encounter.","15228","Draenor Dungeon","39614","0","10"
"wod_category_confirmed","True","9552","No Tag-backs!","Defeat Teron'gor in Auchindoun on Heroic difficulty while under the effects of Curtain of Flame.","15228","Draenor Dungeon","39616","0","10"
"wod_category_confirmed","True","9562","Securing Draenor","Complete the Draenor bonus objectives listed below.","15220","Draenor","39832","0","10"
"wod_category_confirmed","True","9564","Securing Draenor","Complete the Draenor bonus objectives listed below.","15220","Draenor","39849","0","10"
"wod_category_confirmed","True","9565","Master Trapper","Place 125 Work Orders at the Barn by trapping creatures in the world.","15238","Buildings","41421","131200","5"
"wod_category_confirmed","True","9571","Broke Back Precipice","Defeat the powerful foes within Broken Precipice.","15220","Draenor","39933","0","10"
"wod_category_confirmed","True","9600","Monster Mash","Successfully complete both of the following evolutions within the Lost Veil Anzu:","15220","Draenor","39998","0","10"
"wod_category_confirmed","True","9601","King of the Monsters","Defeat each of the following creatures while evolved in the Lost Veil Anzu.","15220","Draenor","39996","0","10"
"wod_category_confirmed","True","9602","Shoot For the Moon","Complete the Shadowmoon Valley bonus objectives below.","15220","Draenor","40004","0","10"
"wod_category_confirmed","True","9605","Arak Star","Complete the Spires of Arak bonus objectives listed below.","15220","Draenor","40018","0","10"
"wod_category_confirmed","True","9606","Frostfire Fridge","Complete the Frostfire Ridge bonus objectives listed below.","15220","Draenor","40023","0","10"
"wod_category_confirmed","True","9607","Make It a Bonus","Complete the Gorgrond bonus objectives below.","15220","Draenor","40027","0","10"
"wod_category_confirmed","True","9610","History of Violence","Unearth all the ancient ogre relics within Broken Precipice.","15220","Draenor","40029","0","10"
"wod_category_confirmed","True","9612","Eggs in One Basket","Escort Arakkoa Outcasts to an Outcast Darkscryer with a total of 100 morale during Operation: Skettis Ruins.","15220","Draenor","40048","0","10"
"wod_category_confirmed","True","9613","Fish Gotta Swim, Birds Gotta Eat","Steal a fish from a Kaliri before it successfully eats it and consume it yourself in Skettis Ruins.","15220","Draenor","40050","0","10"
"wod_category_confirmed","True","9615","With a Nagrand Cherry On Top","Complete the Nagrand bonus objectives below.","15220","Draenor","40052","0","10"
"wod_category_confirmed","True","9617","Making the Cut","Defeat Krud the Eviscerator within Gorian Proving Grounds.","15220","Draenor","40089","0","10"
"wod_category_confirmed","True","9630","Defender of Draenor","Get 5000 honorable kills in Draenor.","15242","Monuments","40162","131072","10"
"wod_category_confirmed","True","9631","Mythic Draenor Raider","Complete the Mythic raiding achievements listed below.","15242","Monuments","40144","0","10"
"wod_category_confirmed","True","9632","The Power Is Yours","Combine the effects of all three types of Rune Crystals in Shattrath City.","15220","Draenor","40164","0","10"
"wod_category_confirmed","True","9633","Cut off the Head","Defeat all of the rare creatures in Shattrath City listed below.","15220","Draenor","40166","0","10"
"wod_category_confirmed","True","9634","Charged Up","Defeat 30 Shadow Council members while under the effects of Arkonite Empowerment in Shattrath City.","15220","Draenor","40196","0","10"
"wod_category_confirmed","True","9635","Bobbing for Orcs","Dispose of 40 floating orcs in Shattrath City.","15220","Draenor","40190","0","10"
"wod_category_confirmed","True","9636","United We Stand","Free 10 captured guards in Shattrath City.","15220","Draenor","40194","0","10"
"wod_category_confirmed","True","9637","Poor Communication","Burn 30 Sargerei Missives in Shattrath City.","15220","Draenor","40198","0","10"
"wod_category_confirmed","True","9638","Heralds of the Legion","Defeat all the rare creatures in Shattrath City listed below.","15220","Draenor","40200","0","10"
"wod_category_confirmed","True","9639","Fight, Kill, Salute!","Complete the quest Fight, Kill, Salute at the Highmaul Coliseum.","15238","Buildings","40207","4096","10"
"wod_category_confirmed","True","9654","Mean and Green","Reach 10 stacks of Mutagen in the Everbloom Wilds.","15220","Draenor","40301","0","10"
"wod_category_confirmed","True","9655","Fight the Power","Defeat all of the rare creatures in The Pit listed below.","15220","Draenor","40303","0","10"
"wod_category_confirmed","True","9656","In Plain Sight","Find the Iron Horde Attack Plans in The Pit.","15220","Draenor","41508","0","10"
"wod_category_confirmed","True","9658","Pillars of Draenor","Hold the power of all 3 pillars of power in the Everbloom Wilds simultaneously.","15220","Draenor","40325","0","10"
"wod_category_confirmed","True","9659","Iron Wings","Use the Iron Troop Launcher in The Pit to get launched through four rings in 3 minutes.","15220","Draenor","41510","0","10"
"wod_category_confirmed","True","9663","Picky Palate","Benefit from the effects of a Lovely Coconut, a Prickly Guava and a Handful of Gorgraberries simultaneously in the Everbloom Wilds.","15220","Draenor","40344","0","10"
"wod_category_confirmed","True","9667","Burn It to the Ground","Burn 100 trees in the Everbloom Wilds.","15220","Draenor","40389","0","10"
"wod_category_confirmed","True","9674","I Want More Talador","Complete the Talador bonus objectives listed below.","15220","Draenor","40382","0","10"
"wod_category_confirmed","True","9678","Ancient No More","Defeat all of the rare creatures in the Everbloom Wilds listed below.","15220","Draenor","40396","0","10"
"wod_category_confirmed","True","9703","Stay Awhile and Listen","Complete at least 10 of the Inn quests listed below.","15238","Buildings","40417","131072","5"
"wod_category_confirmed","True","9705","Advanced Husbandry","Defeat all mount-in-training targets in Nagrand while carrying the Black Claw of Sethe.","15238","Buildings","40457","131072","10"
"wod_category_confirmed","True","9706","The Stable Master","Defeat all mount-in-training targets in Nagrand while carrying the Garn-Tooth Necklace.","15238","Buildings","40500","131072","10"
"wod_category_confirmed","True","9710","Poisoning the Well","Poison 10 Kegs of Impaler Ale in Iron Siegeworks.","15220","Draenor","40580","0","10"
"wod_category_confirmed","True","9711","Planned to Fail","Destroy 10 Secret Warplans in Iron Siegeworks.","15220","Draenor","40582","0","10"
"wod_category_confirmed","True","9714","Thy Kingdom Come","Win Kor'lok's favor for your faction by defeating his bodyguard, Muk'Mar Raz.","15241","Ashran","40666","0","10"
"wod_category_confirmed","True","9715","Thy Kingdom Come","Win Kor'lok's favor for your faction by defeating his bodyguard, Gaul Dun Firok.","15241","Ashran","40668","0","10"
"wod_category_confirmed","True","9726","Treasure Hunter","Discover 10 treasures of Draenor (excluding Tanaan Jungle).","15235","Draenor","40973","128","10"
"wod_category_confirmed","True","9727","Expert Treasure Hunter","Discover 50 treasures of Draenor (excluding Tanaan Jungle).","15235","Draenor","41533","128","10"
"wod_category_confirmed","True","9728","Grand Treasure Hunter","Discover 200 treasures of Draenor (excluding Tanaan Jungle).","15235","Draenor","41840","128","10"
"wod_category_confirmed","True","9738","Warlord of Draenor","Complete all of the Nemesis quests at the Gladiator's Sanctum and the quest Fight, Kill, Salute! at the Highmaul Coliseum.","15238","Buildings","41512","143360","10"
"wod_category_confirmed","True","9825","Master Relic Hunter","Complete all 6 Relic Hunter Quests offered by Harrison Jones in your Garrison.","15220","Draenor","42684","0","10"
"wod_category_confirmed","True","9826","Platinum Defender","Successfully complete a garrison invasion with a Platinum rating.","15249","Invasions","42700","0","5"
"wod_category_confirmed","True","9827","Impervious Defender","Earn a Platinum rating in each max-level invasion.","15249","Invasions","42707","0","10"
"wod_category_confirmed","True","9828","Ten Hit Tunes","Collect ten Music Rolls for your garrison's jukebox.","15237","Draenor Garrison","42726","0","5"
"wod_category_confirmed","True","9833","Loremaster of Draenor","Complete the Draenor quest achievements listed below.","15220","Draenor","42728","131072","10"
"wod_category_confirmed","True","9836","Master Relic Hunter","Complete all 6 Relic Hunter Quests offered by Harrison Jones in your Garrison.","15220","Draenor","42761","0","10"
"wod_category_confirmed","True","9858","Master and Commander","Defeat all of the summonable Garrison raid bosses.","15249","Invasions","42928","0","10"
"wod_category_confirmed","True","9897","Ten Hit Tunes","Collect ten Music Rolls for your garrison's jukebox.","15237","Draenor Garrison","43299","0","5"
"wod_category_confirmed","True","9900","Exploration Mission Master","Complete all of the garrison exploration missions listed below.","15240","Missions","43091","0","10"
"wod_category_confirmed","True","9901","Don't Call Me Junior","Complete the achievements listed below:","15237","Draenor Garrison","43117","0","10"
"wod_category_confirmed","True","9912","Azeroth's Top Twenty Tunes","Collect twenty Music Rolls for your garrison's jukebox.","15237","Draenor Garrison","43267","0","5"
"wod_category_confirmed","True","9914","Azeroth's Top Twenty Tunes","Collect twenty Music Rolls for your garrison's jukebox.","15237","Draenor Garrison","43331","0","5"
"wod_category_confirmed","True","9923","Loremaster of Draenor","Complete the Draenor quest achievements listed below.","15220","Draenor","43363","131072","10"
"wod_category_confirmed","True","9928","Don't Call Me Junior","Complete the achievements listed below:","15237","Draenor Garrison","43417","0","10"
"wod_category_confirmed","True","9972","A Race Against Slime","Defeat Kilrogg Deadeye in Hellfire Citadel with Ariok surviving the encounter on Normal difficulty or higher.","15231","Draenor Raid","43508","0","10"
"wod_category_confirmed","True","9979","Get In My Belly!","Defeat Gorefiend after killing the Soul of the Crone in Hellfire Citadel on Normal difficulty or higher.","15231","Draenor Raid","43556","0","10"
"wod_category_confirmed","True","9988","Pro Toss","Defeat Shadow-Lord Iskar in Hellfire Citadel without anyone holding the Eye of Anzu for more that 5 seconds in a row, on Normal difficulty or higher.","15231","Draenor Raid","43583","0","10"
"wod_category_confirmed","True","9989","Non-Lethal Enforcer","Defeat Tyrant Velhari in Hellfire Citadel without killing the Ancient Enforcer on Normal difficulty or higher.","15231","Draenor Raid","43591","0","10"
"wod_category_confirmed","True","10012","This Land Was Green and Good Until...","Defeat Fel Lord Zakuun in Hellfire Citadel without absorbing any Rumbling Fissures on Normal difficulty or higher.","15231","Draenor Raid","43691","0","10"
"wod_category_confirmed","True","10013","Waves Came Crashing Down All Around","Defeat Kormrok in Hellfire Citadel without taking damage from any of the waves on Normal difficulty or higher.","15231","Draenor Raid","43693","0","10"
"wod_category_confirmed","True","10015","Full Discography","Collect all of the Music Rolls available for your garrison's jukebox.","15237","Draenor Garrison","43701","0","5"
"wod_category_confirmed","True","10016","Full Discography","Collect all of the Music Rolls available for your garrison's jukebox.","15237","Draenor Garrison","43733","0","5"
"wod_category_confirmed","True","10017","Naval Bonus Specialist","Complete 10 Naval Bonus Missions.","15250","Shipyard","44520","0","5"
"wod_category_confirmed","True","10018","Draenor Pathfinder","Complete the Draenor achievements listed below:","15235","Draenor","43781","393216","25"
"wod_category_confirmed","True","10019","The Black Gate","Defeat Archimonde in Hellfire Citadel.","15231","Draenor Raid","43782","0","10"
"wod_category_confirmed","True","10020","Destructor's Rise","Defeat the following bosses in the upper reaches of Hellfire Citadel:","15231","Draenor Raid","43791","0","10"
"wod_category_confirmed","True","10023","Hellbreach","Defeat the following bosses at the entrance to Hellfire Citadel:","15231","Draenor Raid","43809","0","10"
"wod_category_confirmed","True","10024","Halls of Blood","Defeat the following bosses in the depths of Hellfire Citadel:","15231","Draenor Raid","43813","0","10"
"wod_category_confirmed","True","10025","Bastion of Shadows","Defeat the following bosses in the upper reaches of Hellfire Citadel:","15231","Draenor Raid","43817","0","10"
"wod_category_confirmed","True","10026","Nearly Indestructible","Complete the Hellfire Assault encounter in Hellfire Citadel while keeping the Hellfire Cannons above 90% health on Normal difficulty or higher.","15231","Draenor Raid","43821","0","10"
"wod_category_confirmed","True","10027","Mythic: Hellfire Assault","Complete the Hellfire Assault encounter in Hellfire Citadel on Mythic difficulty.","15231","Draenor Raid","43825","0","10"
"wod_category_confirmed","True","10030","Bad Manner(oth)","Kill a Doom Lord using Empowered Felseeker, then defeat Mannoroth in Hellfire Citadel on Normal difficulty or higher.","15231","Draenor Raid","43849","0","10"
"wod_category_confirmed","True","10032","Mythic: Iron Reaver","Defeat the Iron Reaver in Hellfire Citadel on Mythic difficulty.","15231","Draenor Raid","43831","0","10"
"wod_category_confirmed","True","10033","Mythic: Kormrok","Defeat Kormrok in Hellfire Citadel on Mythic difficulty.","15231","Draenor Raid","43833","0","10"
"wod_category_confirmed","True","10034","Mythic: Hellfire High Council","Defeat the Hellfire High Council in Hellfire Citadel on Mythic difficulty.","15231","Draenor Raid","43835","0","10"
"wod_category_confirmed","True","10035","Mythic: Kilrogg Deadeye","Defeat Kilrogg Deadeye in Hellfire Citadel on Mythic difficulty.","15231","Draenor Raid","43837","0","10"
"wod_category_confirmed","True","10036","Naval Bonus Expert","Complete 25 Naval Bonus Missions.","15250","Shipyard","44522","0","5"
"wod_category_confirmed","True","10037","Mythic: Shadow-Lord Iskar","Defeat Shadow-Lord Iskar in Hellfire Citadel on Mythic difficulty.","15231","Draenor Raid","43853","0","10"
"wod_category_confirmed","True","10038","Mythic: Fel Lord Zakuun","Defeat Fel Lord Zakuun in Hellfire Citadel on Mythic difficulty.","15231","Draenor Raid","43855","0","10"
"wod_category_confirmed","True","10039","Mythic: Xhul'horac","Defeat Xhul'horac in Hellfire Citadel on Mythic difficulty.","15231","Draenor Raid","43857","0","10"
"wod_category_confirmed","True","10040","Mythic: Socrethar the Eternal","Defeat Socrethar the Eternal in Hellfire Citadel on Mythic difficulty.","15231","Draenor Raid","43859","0","10"
"wod_category_confirmed","True","10041","Mythic: Tyrant Velhari","Defeat Tyrant Velhari in Hellfire Citadel on Mythic difficulty.","15231","Draenor Raid","43861","0","10"
"wod_category_confirmed","True","10042","Mythic: Mannoroth","Defeat Mannoroth in Hellfire Citadel on Mythic difficulty.","15231","Draenor Raid","43863","0","10"
"wod_category_confirmed","True","10043","Mythic: Archimonde","Defeat Archimonde in Hellfire Citadel on Mythic difficulty.","15231","Draenor Raid","43865","0","10"
"wod_category_confirmed","True","10054","Don't Fear the Reaper","Defeat all 3 members of the Hellfire High Council in Hellfire Citadel within 10 seconds of each other on Normal difficulty or higher.","15231","Draenor Raid","44041","0","10"
"wod_category_confirmed","True","10057","Turning the Tide","Kill 10 Hellfire Guardians, then defeat the Iron Reaver in Hellfire Citadel on Normal difficulty or higher.","15231","Draenor Raid","44059","0","10"
"wod_category_confirmed","True","10061","Hellbane","Defeat all of the champions of Hellfire Citadel in Tanaan Jungle.","15235","Draenor","44086","0","10"
"wod_category_confirmed","True","10067","In Pursuit of Gul'dan","Complete the Garrison Campaign chapters listed below.","15220","Draenor","44192","0","10"
"wod_category_confirmed","True","10068","Draenor's Last Stand","Complete the Tanaan Jungle daily objectives listed below.","15220","Draenor","44208","0","10"
"wod_category_confirmed","True","10069","I Came, I Clawed, I Conquered","Loot 5000 Blackfang Claws from saberon at Fang'rila in Tanaan Jungle.","15235","Draenor","44291","0","10"
"wod_category_confirmed","True","10070","Jungle Stalker","Defeat all of the rare creatures in Tanaan Jungle.","15235","Draenor","44241","0","10"
"wod_category_confirmed","True","10071","The Legion Will NOT Conquer All","Defeat Supreme Lord Kazzak in Tanaan Jungle.","15231","Draenor Raid","44168","0","10"
"wod_category_confirmed","True","10072","Rumble in the Jungle","Complete all of the Tanaan Jungle achievements listed below.","15220","Draenor","44170","131072","25"
"wod_category_confirmed","True","10073","Echoes of Doomfire","Defeat Archimonde in Hellfire Citadel with Doomfire still active on Normal difficulty or higher.","15231","Draenor Raid","44176","0","10"
"wod_category_confirmed","True","10074","In Pursuit of Gul'dan","Complete the Garrison Campaign chapters listed below.","15220","Draenor","44199","0","10"
"wod_category_confirmed","True","10075","Draenor's Last Stand","Complete the Tanaan Jungle daily objectives listed below.","15220","Draenor","44233","0","10"
"wod_category_confirmed","True","10076","Mythic: Bloodmaul Slag Mines","Defeat Gug'rokk in the Bloodmaul Slag Mines on Mythic difficulty.","15228","Draenor Dungeon","44209","0","10"
"wod_category_confirmed","True","10079","Mythic: Iron Docks","Defeat Skulloc in the Iron Docks on Mythic difficulty.","15228","Draenor Dungeon","44212","0","10"
"wod_category_confirmed","True","10080","Mythic: Auchindoun","Defeat Teron'gor in Auchindoun on Mythic difficulty.","15228","Draenor Dungeon","44214","0","10"
"wod_category_confirmed","True","10081","Mythic: Skyreach","Defeat High Sage Viryx in Skyreach on Mythic difficulty.","15228","Draenor Dungeon","44216","0","10"
"wod_category_confirmed","True","10082","Mythic: Grimrail Depot","Defeat Skylord Tovra in Grimrail Depot on Mythic difficulty.","15228","Draenor Dungeon","44218","0","10"
"wod_category_confirmed","True","10083","Mythic: The Everbloom","Defeat Yalnu in The Everbloom on Mythic difficulty.","15228","Draenor Dungeon","44220","0","10"
"wod_category_confirmed","True","10084","Mythic: Shadowmoon Burial Grounds","Defeat Ner'zhul in Shadowmoon Burial Grounds on Mythic difficulty.","15228","Draenor Dungeon","44222","0","10"
"wod_category_confirmed","True","10085","Mythic: Upper Blackrock Spire","Defeat Warlord Zaela in Upper Blackrock Spire on Mythic difficulty.","15228","Draenor Dungeon","44224","0","10"
"wod_category_confirmed","True","10086","I'm a Soul Man","Defeat Socrethar the Eternal in Hellfire Citadel after killing 20 Haunting Souls within 10 seconds on Normal difficulty or higher.","15231","Draenor Raid","44293","0","10"
"wod_category_confirmed","True","10087","You Gotta Keep 'em Separated","Defeat Xhul'horac in Hellfire Citadel without triggering any Shadowfel Annihilations on Normal difficulty or higher.","15231","Draenor Raid","44299","0","10"
"wod_category_confirmed","True","10154","Naval Combat Expert","Complete 50 Naval Combat Missions.","15250","Shipyard","44512","0","5"
"wod_category_confirmed","True","10155","Naval Siege Expert","Complete 25 Naval Siege Missions.","15250","Shipyard","44510","0","5"
"wod_category_confirmed","True","10156","Naval Combat Specialist","Complete 25 Naval Combat Missions.","15250","Shipyard","44514","0","5"
"wod_category_confirmed","True","10159","Naval Treasure Specialist","Complete 25 Naval Treasure Missions.","15250","Shipyard","44524","0","5"
"wod_category_confirmed","True","10160","Naval Treasure Expert","Complete 50 Naval Treasure Missions.","15250","Shipyard","44526","0","5"
"wod_category_confirmed","True","10161","Naval Siege Specialist","Complete 10 Naval Siege Missions.","15250","Shipyard","44528","0","5"
"wod_category_confirmed","True","10162","Naval Training Specialist","Complete 10 Naval Training Missions.","15250","Shipyard","43839","0","5"
"wod_category_confirmed","True","10163","Naval Training Expert","Complete 25 Naval Training Missions.","15250","Shipyard","43769","0","5"
"wod_category_confirmed","True","10164","Master of the Seas","Complete the naval mission achievments listed below.","15250","Shipyard","44530","0","5"
"wod_category_confirmed","True","10165","Ironsides","Upgrade a ship of every type to Epic quality.","15250","Shipyard","44536","0","5"
"wod_category_confirmed","True","10166","Naval Mechanics","Obtain all of the naval equipment blueprints listed below.","15250","Shipyard","44542","131072","5"
"wod_category_confirmed","True","10167","Exploring the High Seas","Complete all of the Rare Naval Missions listed below.","15250","Shipyard","44812","0","10"
"wod_category_confirmed","True","10168","Naval Armada","Upgrade your shipyard to level 3.","15250","Shipyard","44604","0","5"
"wod_category_confirmed","True","10169","Naval Fleet","Upgrade your shipyard to level 2.","15250","Shipyard","44602","0","5"
"wod_category_confirmed","True","10170","Seaman","Complete 50 Naval Missions.","15250","Shipyard","44606","0","5"
"wod_category_confirmed","True","10172","Petty Officer","Complete 100 Naval Missions.","15250","Shipyard","44608","0","5"
"wod_category_confirmed","True","10173","Fleet Commander","Complete 500 Naval Missions.","15250","Shipyard","44610","0","5"
"wod_category_confirmed","True","10174","Admiral","Complete 1000 Naval Missions.","15250","Shipyard","44612","0","10"
"wod_category_confirmed","True","10177","Set Sail!","Construct a shipyard for your garrison.","15250","Shipyard","44600","0","5"
"wod_category_confirmed","True","10253","Mythic: Gorefiend","Defeat Gorefiend in Hellfire Citadel on Mythic difficulty.","15231","Draenor Raid","44750","0","10"
"wod_category_confirmed","True","10255","Petty Officer","Complete 100 Naval Missions.","15250","Shipyard","44810","0","5"
"wod_category_confirmed","True","10256","Charting a Course","Complete three of the Rare Naval Missions listed below.","15250","Shipyard","44559","0","10"
"wod_category_confirmed","True","10258","Charting a Course","Complete three of the Rare Naval Missions listed below.","15250","Shipyard","44819","0","10"
"wod_category_confirmed","True","10259","Jungle Hunter","Defeat 25 rare creatures in Tanaan Jungle.","15235","Draenor","44826","0","10"
"wod_category_confirmed","True","10260","Explore Tanaan Jungle","Explore Tanaan Jungle, revealing the covered areas of the world map.","15235","Draenor","44877","0","10"
"wod_category_confirmed","True","10261","Jungle Treasure Hunter","Discover 20 treasures in Tanaan Jungle.","15235","Draenor","44892","128","5"
"wod_category_confirmed","True","10262","Jungle Treasure Master","Discover all of the treasures in Tanaan Jungle.","15235","Draenor","44933","128","5"
"wod_category_confirmed","True","10265","Rumble in the Jungle","Complete all of the Tanaan Jungle achievements listed below.","15220","Draenor","45001","131072","25"
"wod_category_confirmed","True","10275","Fleet Commander","Complete 500 Naval Missions.","15250","Shipyard","45014","0","5"
"wod_category_confirmed","True","10276","Admiral","Complete 1000 Naval Missions.","15250","Shipyard","45012","0","10"
"wod_category_confirmed","True","10307","Exploring the High Seas","Complete all of the Rare Naval Missions listed below.","15250","Shipyard","45104","0","10"
"wod_category_confirmed","True","10348","Master Treasure Hunter","Discover 100 treasures of Draenor (excluding Tanaan Jungle).","15235","Draenor","45378","128","10"
"wod_category_confirmed","True","10349","Tanaan Diplomat","Earn Revered reputation with all three factions in Tanaan Jungle.","15232","Draenor","45688","0","10"
"wod_category_confirmed","True","10350","Tanaan Diplomat","Earn Revered reputation with all three factions in Tanaan Jungle.","15232","Draenor","45692","0","10"
