"achievement_id","title","category_id","order_path","tree_id","description","criteria_id","criteria_type","asset_id","amount","operator"
"208","Eye of the Storm Victory","14803","0","1764","Win Eye of the Storm.","5897","1","566","1","0"
"208","Eye of the Storm Victory","14803","1","60217","Win Eye of the Storm.","5745","1","968","1","0"
"209","Eye of the Storm Veteran","14803","0","1767","Complete 100 victories in Eye of the Storm","5897","1","566","100","0"
"209","Eye of the Storm Veteran","14803","1","60220","Complete 100 victories in Eye of the Storm","5745","1","968","100","0"
"211","Storm Glory","14803","0","184","Capture a flag with 4 bases held","3693","30","183","1","0"
"212","Storm Capper","14803","0","5266","Capture the flag","438","30","183","1","0"
"212","Storm Capper","14803","1","53568","Capture the flag","33092","30","393","1","0"
"213","Stormtrooper","14803","0","5779","5 Flag Carriers","3685","70","0","5","0"
"213","Stormtrooper","14803","1","45066","5 Flag Carriers","28767","70","0","5","0"
"214","Flurry","14803","0","3146","Win in 6 minutes","1240","1","566","1","0"
"214","Flurry","14803","1","60218","Win in 6 minutes","37103","1","968","1","0"
"216","Bound for Glory","14803","0","5269","3 caps and no death","3353","30","183","3","0"
"216","Bound for Glory","14803","1","45067","3 caps and no death","28768","30","393","3","0"
"233","Bloodthirsty Berserker","14803","0","5216","Berserking killing blow","3684","56","0","1","0"
"233","Bloodthirsty Berserker","14803","1","60222","Berserking killing blow","37106","56","0","1","0"
"587","Stormy Assassin","14803","1","4062","Kill 5 people at the Blood Elf Tower","441","31","3870","5","0"
"587","Stormy Assassin","14803","2","4063","Kill 5 people at the Draenei Ruins","442","31","3871","5","0"
"587","Stormy Assassin","14803","3","4061","Kill 5 people at the Fel Reaver ruins","443","31","3872","5","0"
"587","Stormy Assassin","14803","4","4064","Kill 5 people at the Mage Tower","444","31","3869","5","0"
"647","Hellfire Ramparts","14805","1","958","Omor the Unscarred","18536","0","17308","1","0"
"647","Hellfire Ramparts","14805","2","960","Weaken the Ramparts","4461","27","9575","1","0"
"647","Hellfire Ramparts","14805","3","959","Weaken the Ramparts","4462","27","9572","1","0"
"648","The Blood Furnace","14805","1","963","Keli'dan the Breaker","3239","0","17377","1","0"
"649","The Slave Pens","14805","1","1223","Quagmirran","3240","0","17942","1","0"
"650","Underbog","14805","1","5291","The Black Stalker","3243","0","17882","1","0"
"650","Underbog","14805","2","5292","Stalk the Stalker","4463","27","9719","1","0"
"651","Mana-Tombs","14805","1","2495","Nexus-Prince Shaffar","3241","0","18344","1","0"
"651","Mana-Tombs","14805","2","2496","Undercutting the Competition","4464","27","10165","1","0"
"652","The Escape From Durnholde","14805","1","1226","Epoch Hunter","3242","0","18096","1","0"
"652","The Escape From Durnholde","14805","2","1227","Escape from Durnholde","4467","27","10284","1","0"
"653","Sethekk Halls","14805","1","1231","Talon King Ikiss","3245","0","18473","1","0"
"653","Sethekk Halls","14805","2","1230","Terokk's Legacy","4468","27","10098","1","0"
"654","Shadow Labyrinth","14805","1","2499","Murmur","3246","0","18708","1","0"
"654","Shadow Labyrinth","14805","2","2500","Into the Heart of the Labyrinth","4469","27","10095","1","0"
"654","Shadow Labyrinth","14805","3","2501","Trial of the Naaru: Strength","4474","27","10885","1","0"
"655","Opening of the Dark Portal","14805","1","1234","Aeonus","3247","0","17881","1","0"
"655","Opening of the Dark Portal","14805","2","1235","The Master's Touch","4471","27","9836","1","0"
"655","Opening of the Dark Portal","14805","3","1236","The Opening of the Dark Portal","4472","27","10297","1","0"
"656","The Steamvault","14805","1","1149","Warlord Kalithresh","3248","0","17798","1","0"
"656","The Steamvault","14805","2","1151","The Warlord's Hideout","4473","27","9763","1","0"
"656","The Steamvault","14805","3","1150","Trial of the Naaru: Strength","4474","27","10885","1","0"
"657","The Shattered Halls","14805","1","2687","Warchief Kargath Bladefist","3249","0","16808","1","0"
"657","The Shattered Halls","14805","2","2688","Turning the Tide ","4475","27","9492","1","0"
"657","The Shattered Halls","14805","3","2690","The Will of the Warchief","4476","27","9495","1","0"
"657","The Shattered Halls","14805","4","2691","Imprisoned in the Citadel","4487","27","9524","1","0"
"657","The Shattered Halls","14805","5","2692","Imprisoned in the Citadel","4488","27","9525","1","0"
"657","The Shattered Halls","14805","6","2689","Trial of the Naaru: Mercy","4489","27","10884","1","0"
"658","The Mechanar","14805","1","1239","Pathaleon the Calculator","3250","0","19220","1","0"
"658","The Mechanar","14805","2","1240","How to Break Into the Arcatraz","4480","27","10704","1","0"
"659","The Botanica","14805","1","3593","Warp Splinter","3251","0","17977","1","0"
"659","The Botanica","14805","2","3594","How to Break Into the Arcatraz","4480","27","10704","1","0"
"660","The Arcatraz","14805","1","4323","Harbinger Skyriss","3252","0","20912","1","0"
"660","The Arcatraz","14805","2","4324","Harbinger of Doom","4482","27","10882","1","0"
"660","The Arcatraz","14805","3","4325","Trial of the Naaru: Tenacity","4490","27","10886","1","0"
"661","Magister's Terrace","14805","1","4320","Kael'thas Sunstrider","3253","0","24664","1","0"
"661","Magister's Terrace","14805","2","4319","Hard to Kill","4484","27","11492","1","0"
"666","Auchenai Crypts","14805","1","1038","Exarch Maladaar","3244","0","18373","1","0"
"666","Auchenai Crypts","14805","2","1036","Auchindoun...","4465","27","10167","1","0"
"666","Auchenai Crypts","14805","3","1037","Everything Will Be Alright","4466","27","10164","1","0"
"667","Heroic: Hellfire Ramparts","14805","1","8030","Omor the Unscarred","3705","0","17308","1","0"
"667","Heroic: Hellfire Ramparts","14805","2","8031","Nazan","3706","0","17536","1","0"
"667","Heroic: Hellfire Ramparts","14805","3","8032","Vazruden the Herald","3816","0","17537","1","0"
"668","Heroic: The Blood Furnace","14805","1","530","Keli'dan the Breaker","3710","0","17377","1","0"
"669","Heroic: The Slave Pens","14805","1","1041","Quagmirran","3711","0","17942","1","0"
"670","Heroic: Underbog","14805","1","2371","The Black Stalker","3712","0","17882","1","0"
"671","Heroic: Mana-Tombs","14805","1","4439","Nexus-Prince Shaffar","3713","0","18344","1","0"
"672","Heroic: Auchenai Crypts","14805","1","2739","Exarch Maladaar","3714","0","18373","1","0"
"673","Heroic: The Escape From Durnholde","14805","1","5804","Epoch Hunter","3715","0","18096","1","0"
"674","Heroic: Sethekk Halls","14805","1","4976","Talon King Ikiss","3708","0","18473","1","0"
"675","Heroic: Shadow Labyrinth","14805","1","6196","Murmur","3716","0","18708","1","0"
"675","Heroic: Shadow Labyrinth","14805","2","6197","Trial of the Naaru: Strength","4474","27","10885","1","0"
"676","Heroic: Opening of the Dark Portal","14805","1","6167","Aeonus","3717","0","17881","1","0"
"677","Heroic: The Steamvault","14805","1","2374","Warlord Kalithresh","3718","0","17798","1","0"
"677","Heroic: The Steamvault","14805","2","2375","Trial of the Naaru: Strength","4474","27","10885","1","0"
"678","Heroic: The Shattered Halls","14805","1","939","Warchief Kargath Bladefist","3719","0","16808","1","0"
"678","Heroic: The Shattered Halls","14805","2","937","Imprisoned in the Citadel","4487","27","9524","1","0"
"678","Heroic: The Shattered Halls","14805","3","940","Imprisoned in the Citadel","4488","27","9525","1","0"
"678","Heroic: The Shattered Halls","14805","4","938","Trial of the Naaru: Mercy","4489","27","10884","1","0"
"679","Heroic: The Mechanar","14805","1","426","Pathaleon the Calculator","3720","0","19220","1","0"
"680","Heroic: The Botanica","14805","1","6208","Warp Splinter","3721","0","17977","1","0"
"681","Heroic: The Arcatraz","14805","1","2237","Harbinger Skyriss","3722","0","20912","1","0"
"681","Heroic: The Arcatraz","14805","2","2236","Trial of the Naaru: Tenacity","4490","27","10886","1","0"
"682","Heroic: Magister's Terrace","14805","1","3433","Kael'thas Sunstrider","3709","0","24664","1","0"
"690","Karazhan","14805","1","2556","Prince Malchezaar","3254","0","15690","1","0"
"690","Karazhan","14805","2","2557","A Demonic Presence","4491","27","9844","1","0"
"692","Gruul's Lair","14805","1","3706","Gruul the Dragonkiller","3256","0","19044","1","0"
"692","Gruul's Lair","14805","2","3719","The Cudgel of Kar'desh","4493","27","10901","1","0"
"692","Gruul's Lair","14805","3","3733","Aldori Legacy Defender","4908","36","28825","1","0"
"692","Gruul's Lair","14805","4","3718","Axe of the Gronn Lords","4909","36","28794","1","0"
"692","Gruul's Lair","14805","5","3734","Bloodmaw Magus-Blade","4910","36","28802","1","0"
"692","Gruul's Lair","14805","6","3728","Collar of Cho'gall","4911","36","28804","1","0"
"692","Gruul's Lair","14805","7","3725","Cowl of Nature's Breath","4912","36","28803","1","0"
"692","Gruul's Lair","14805","8","3726","Dragonspine Trophy","4913","36","28830","1","0"
"692","Gruul's Lair","14805","9","3727","Eye of Gruul","4914","36","28823","1","0"
"692","Gruul's Lair","14805","10","3729","Gauntlets of Martial Perfection","4915","36","28824","1","0"
"692","Gruul's Lair","14805","11","3730","Gauntlets of the Dragonslayer","4916","36","28827","1","0"
"692","Gruul's Lair","14805","12","3731","Gronn-Stitched Girdle","4917","36","28828","1","0"
"692","Gruul's Lair","14805","13","3732","Shuriken of Negation","4918","36","28826","1","0"
"692","Gruul's Lair","14805","14","3707","Teeth of Gruul","4919","36","28822","1","0"
"692","Gruul's Lair","14805","15","3708","Windshear Boots","4920","36","28810","1","0"
"692","Gruul's Lair","14805","16","3709","Cyclone Kilt","4921","36","29030","1","0"
"692","Gruul's Lair","14805","17","3710","Cyclone Legguards","4922","36","29036","1","0"
"692","Gruul's Lair","14805","18","3711","Cyclone War-Kilt","4923","36","29042","1","0"
"692","Gruul's Lair","14805","19","3735","Justicar Greaves","4924","36","29074","1","0"
"692","Gruul's Lair","14805","20","3712","Justicar Leggings","4925","36","29063","1","0"
"692","Gruul's Lair","14805","21","3713","Justicar Legguards","4926","36","29069","1","0"
"692","Gruul's Lair","14805","22","3714","Netherblade Breeches","4927","36","29046","1","0"
"692","Gruul's Lair","14805","23","3715","Britches of Malorne","4928","36","29094","1","0"
"692","Gruul's Lair","14805","24","3716","Greaves of Malorne","4929","36","29099","1","0"
"692","Gruul's Lair","14805","25","3717","Legguards of Malorne","4930","36","29088","1","0"
"692","Gruul's Lair","14805","26","3736","Leggings of the Incarnate","4931","36","29059","1","0"
"692","Gruul's Lair","14805","27","3724","Trousers of the Incarnate","4932","36","29053","1","0"
"692","Gruul's Lair","14805","28","3720","Warbringer Greaves","4933","36","29022","1","0"
"692","Gruul's Lair","14805","29","3721","Warbringer Legguards","4934","36","29015","1","0"
"692","Gruul's Lair","14805","30","3722","Demon Stalker Greaves","4935","36","29083","1","0"
"692","Gruul's Lair","14805","31","3737","Legwraps of the Aldor","4936","36","29078","1","0"
"692","Gruul's Lair","14805","32","3723","Voidheart Leggings","4937","36","28966","1","0"
"692","Gruul's Lair","14805","33","3738","Earthen Signet","9079","36","31750","1","0"
"693","Magtheridon's Lair","14805","1","2562","Magtheridon","3257","0","17257","1","0"
"693","Magtheridon's Lair","14805","2","2564","Trial of the Naaru: Magtheridon","4494","27","10888","1","0"
"693","Magtheridon's Lair","14805","3","2568","Trial of the Naaru: Magtheridon","4939","27","11116","1","0"
"693","Magtheridon's Lair","14805","4","2565","The Fall of Magtheridon","4495","27","11002","1","0"
"693","Magtheridon's Lair","14805","5","2584","The Fall of Magtheridon","4496","27","11003","1","0"
"693","Magtheridon's Lair","14805","6","2583","Aegis of the Vindicator","4879","36","29458","1","0"
"693","Magtheridon's Lair","14805","7","2580","Cloak of the Pit Stalker","4880","36","28777","1","0"
"693","Magtheridon's Lair","14805","8","2588","Crystalheart Pulse-Staff","4881","36","28782","1","0"
"693","Magtheridon's Lair","14805","9","2589","Eredar Wand of Obliteration","4882","36","28783","1","0"
"693","Magtheridon's Lair","14805","10","2566","Eye of Magtheridon","4883","36","28789","1","0"
"693","Magtheridon's Lair","14805","11","2567","Glaive of the Pit","4884","36","28774","1","0"
"693","Magtheridon's Lair","14805","12","2590","Karaborian Talisman","4885","36","28781","1","0"
"693","Magtheridon's Lair","14805","13","2593","Liar's Tongue Gloves","4886","36","28776","1","0"
"693","Magtheridon's Lair","14805","14","2591","Soul-Eater's Handwraps","4887","36","28780","1","0"
"693","Magtheridon's Lair","14805","15","2581","Terror Pit Girdle","4888","36","28778","1","0"
"693","Magtheridon's Lair","14805","16","2586","Thundering Greathelm","4889","36","28775","1","0"
"693","Magtheridon's Lair","14805","17","2570","Cyclone Breastplate","4890","36","29038","1","0"
"693","Magtheridon's Lair","14805","18","2571","Cyclone Chestguard","4891","36","29033","1","0"
"693","Magtheridon's Lair","14805","19","2572","Cyclone Hauberk","4892","36","29029","1","0"
"693","Magtheridon's Lair","14805","20","2573","Justicar Breastplate","4893","36","29071","1","0"
"693","Magtheridon's Lair","14805","21","2585","Justicar Chestguard","4894","36","29066","1","0"
"693","Magtheridon's Lair","14805","22","2574","Justicar Chestpiece","4895","36","29062","1","0"
"693","Magtheridon's Lair","14805","23","2587","Netherblade Chestpiece","4896","36","29045","1","0"
"693","Magtheridon's Lair","14805","24","2594","Breastplate of Malorne","4897","36","29096","1","0"
"693","Magtheridon's Lair","14805","25","2575","Chestguard of Malorne","4898","36","29087","1","0"
"693","Magtheridon's Lair","14805","26","2592","Chestpiece of Malorne","4899","36","29091","1","0"
"693","Magtheridon's Lair","14805","27","2582","Robes of the Incarnate","4900","36","29050","1","0"
"693","Magtheridon's Lair","14805","28","2563","Shroud of the Incarnate","4901","36","29056","1","0"
"693","Magtheridon's Lair","14805","29","2576","Warbringer Breastplate","4902","36","29019","1","0"
"693","Magtheridon's Lair","14805","30","2596","Warbringer Chestguard","4903","36","29012","1","0"
"693","Magtheridon's Lair","14805","31","2577","Demon Stalker Harness","4904","36","29082","1","0"
"693","Magtheridon's Lair","14805","32","2595","Vestments of the Aldor","4905","36","29077","1","0"
"693","Magtheridon's Lair","14805","33","2578","Voidheart Robe","4906","36","28964","1","0"
"693","Magtheridon's Lair","14805","34","2579","Pit Lord's Satchel","4907","36","34845","1","0"
"693","Magtheridon's Lair","14805","35","2569","Girdle of the Endless Pit","4942","36","28779","1","0"
"694","Serpentshrine Cavern","14805","0","2704","Lady Vashj","3258","0","21212","1","0"
"694","Serpentshrine Cavern","14805","1","2718","The Vials of Eternity","744","27","10445","1","0"
"694","Serpentshrine Cavern","14805","2","2709","Cobra-Lash Boots","4850","36","30104","1","0"
"694","Serpentshrine Cavern","14805","3","2708","Belt of One-Hundred Deaths","4849","36","30106","1","0"
"694","Serpentshrine Cavern","14805","4","2717","Cobra-Lash Boots","4851","36","33482","1","0"
"694","Serpentshrine Cavern","14805","5","2710","Coral Band of the Revived","4852","36","30110","1","0"
"694","Serpentshrine Cavern","14805","6","2711","Fang of Vashj","4853","36","30103","1","0"
"694","Serpentshrine Cavern","14805","7","2725","Glorious Gauntlets of Crestfall","4854","36","30112","1","0"
"694","Serpentshrine Cavern","14805","8","2734","Krakken-Heart Breastplate","4855","36","30102","1","0"
"694","Serpentshrine Cavern","14805","9","2722","Lightfathom Scepter","4856","36","30108","1","0"
"694","Serpentshrine Cavern","14805","10","2730","Prism of Inner Calm","4857","36","30621","1","0"
"694","Serpentshrine Cavern","14805","11","2720","Ring of Endless Coils","4858","36","30109","1","0"
"694","Serpentshrine Cavern","14805","12","2712","Runetotem's Mantle","4859","36","30111","1","0"
"694","Serpentshrine Cavern","14805","13","2728","Serpent Spine Longbow","4860","36","30105","1","0"
"694","Serpentshrine Cavern","14805","14","2716","Vestments of the Sea-Witch","4861","36","30107","1","0"
"694","Serpentshrine Cavern","14805","15","2705","Cataclysm Headguard","4862","36","30166","1","0"
"694","Serpentshrine Cavern","14805","16","2726","Cataclysm Headpiece","4863","36","30171","1","0"
"694","Serpentshrine Cavern","14805","17","2706","Cataclysm Helm","4864","36","30190","1","0"
"694","Serpentshrine Cavern","14805","18","2723","Crystalforge Faceguard","4865","36","30125","1","0"
"694","Serpentshrine Cavern","14805","19","2731","Crystalforge Greathelm","4866","36","30136","1","0"
"694","Serpentshrine Cavern","14805","20","2732","Crystalforge War-Helm","4867","36","30131","1","0"
"694","Serpentshrine Cavern","14805","21","2735","Deathmantle Helm","4868","36","30146","1","0"
"694","Serpentshrine Cavern","14805","22","2707","Cowl of the Avatar","4869","36","30152","1","0"
"694","Serpentshrine Cavern","14805","23","2733","Destroyer Battle-Helm","4870","36","30120","1","0"
"694","Serpentshrine Cavern","14805","24","2713","Destroyer Greathelm","4871","36","30115","1","0"
"694","Serpentshrine Cavern","14805","25","2727","Hood of the Avatar","4872","36","30161","1","0"
"694","Serpentshrine Cavern","14805","26","2729","Hood of the Corruptor","4873","36","30212","1","0"
"694","Serpentshrine Cavern","14805","27","2714","Rift Stalker Helm","4874","36","30141","1","0"
"694","Serpentshrine Cavern","14805","28","2724","Nordrassil Headdress","4875","36","30228","1","0"
"694","Serpentshrine Cavern","14805","29","2715","Nordrassil Headguard","4876","36","30219","1","0"
"694","Serpentshrine Cavern","14805","30","2719","Nordrassil Headpiece","4877","36","30233","1","0"
"694","Serpentshrine Cavern","14805","31","2736","Cowl of Tirisfal","4878","36","30206","1","0"
"694","Serpentshrine Cavern","14805","32","2721","Vashj's Vial Remnant","7871","36","29906","1","0"
"695","The Battle for Mount Hyjal","14805","1","1490","Archimonde","18537","0","17968","1","0"
"695","The Battle for Mount Hyjal","14805","2","1513","Antonidas's Aegis of Rapt Concentration","4618","36","30909","1","0"
"695","The Battle for Mount Hyjal","14805","3","1495","Apostle of Argus","4619","36","30908","1","0"
"695","The Battle for Mount Hyjal","14805","4","1492","Bristleblitz Striker","4620","36","30906","1","0"
"695","The Battle for Mount Hyjal","14805","5","1493","Cataclysm's Edge","4621","36","30902","1","0"
"695","The Battle for Mount Hyjal","14805","6","1509","Leggings of Eternity","4622","36","30912","1","0"
"695","The Battle for Mount Hyjal","14805","7","1494","Legguards of Endless Rage","4623","36","30903","1","0"
"695","The Battle for Mount Hyjal","14805","8","1510","Mail of Fevered Pursuit","4624","36","30907","1","0"
"695","The Battle for Mount Hyjal","14805","9","1515","Midnight Chestguard","4625","36","30905","1","0"
"695","The Battle for Mount Hyjal","14805","10","1506","Robes of Rhonin","4626","36","30913","1","0"
"695","The Battle for Mount Hyjal","14805","11","1507","Savior's Grasp","4627","36","30904","1","0"
"695","The Battle for Mount Hyjal","14805","12","1511","Scepter of Purification","4628","36","30911","1","0"
"695","The Battle for Mount Hyjal","14805","13","1508","Tempest of Chaos","4629","36","30910","1","0"
"695","The Battle for Mount Hyjal","14805","14","1491","Cowl of Absolution","4630","36","31063","1","0"
"695","The Battle for Mount Hyjal","14805","15","1514","Hood of Absolution","4631","36","31064","1","0"
"695","The Battle for Mount Hyjal","14805","16","1496","Hood of the Malefic","4632","36","31051","1","0"
"695","The Battle for Mount Hyjal","14805","17","1497","Lightbringer Faceguard","4633","36","30987","1","0"
"695","The Battle for Mount Hyjal","14805","18","1503","Lightbringer Greathelm","4634","36","30988","1","0"
"695","The Battle for Mount Hyjal","14805","19","1504","Lightbringer War-Helm","4635","36","30989","1","0"
"695","The Battle for Mount Hyjal","14805","20","1498","Gronnstalker's Helmet","4636","36","31003","1","0"
"695","The Battle for Mount Hyjal","14805","21","1512","Onslaught Battle-Helm","4637","36","30972","1","0"
"695","The Battle for Mount Hyjal","14805","22","1505","Onslaught Greathelm","4638","36","30974","1","0"
"695","The Battle for Mount Hyjal","14805","23","1499","Skyshatter Headguard","4639","36","31014","1","0"
"695","The Battle for Mount Hyjal","14805","24","1502","Skyshatter Helmet","4640","36","31012","1","0"
"695","The Battle for Mount Hyjal","14805","25","1516","Skyshatter Cover","4641","36","31015","1","0"
"695","The Battle for Mount Hyjal","14805","26","1500","Slayer's Helm","4642","36","31027","1","0"
"695","The Battle for Mount Hyjal","14805","27","1517","Cowl of the Tempest","4643","36","31056","1","0"
"695","The Battle for Mount Hyjal","14805","28","1501","Thunderheart Cover","4644","36","31039","1","0"
"695","The Battle for Mount Hyjal","14805","29","1519","Thunderheart Headguard","4645","36","31040","1","0"
"695","The Battle for Mount Hyjal","14805","30","1518","Thunderheart Helmet","4646","36","31037","1","0"
"696","Tempest Keep","14805","0","2599","Kael'thas Sunstrider","3259","0","19622","1","0"
"696","Tempest Keep","14805","1","2615","The Vials of Eternity","744","27","10445","1","0"
"696","Tempest Keep","14805","2","2600","Kael'thas and the Verdant Sphere","4499","27","11007","1","0"
"696","Tempest Keep","14805","3","2601","Band of the Ranger-General","4821","36","29997","1","0"
"696","Tempest Keep","14805","4","2607","Crown of the Sun","4822","36","29990","1","0"
"696","Tempest Keep","14805","5","2620","Gauntlets of the Sun King","4823","36","29987","1","0"
"696","Tempest Keep","14805","6","2625","Leggings of Murderous Intent","4824","36","29995","1","0"
"696","Tempest Keep","14805","7","2608","Rod of the Sun King","4825","36","29996","1","0"
"696","Tempest Keep","14805","8","2614","Royal Cloak of the Sunstriders","4826","36","29992","1","0"
"696","Tempest Keep","14805","9","2619","Royal Gauntlets of Silvermoon","4827","36","29998","1","0"
"696","Tempest Keep","14805","10","2609","Sunhawk Leggings","4828","36","29991","1","0"
"696","Tempest Keep","14805","11","2613","Sunshower Light Cloak","4829","36","29989","1","0"
"696","Tempest Keep","14805","12","2618","Thalassian Wildercloak","4830","36","29994","1","0"
"696","Tempest Keep","14805","13","2610","The Nexus Key","4831","36","29988","1","0"
"696","Tempest Keep","14805","14","2616","Twinblade of the Phoenix","4832","36","29993","1","0"
"696","Tempest Keep","14805","15","2611","Cataclysm Chestguard","4833","36","30164","1","0"
"696","Tempest Keep","14805","16","2612","Cataclysm Chestpiece","4834","36","30169","1","0"
"696","Tempest Keep","14805","17","2626","Crystalforge Breastplate","4835","36","30129","1","0"
"696","Tempest Keep","14805","18","2621","Crystalforge Chestguard","4836","36","30123","1","0"
"696","Tempest Keep","14805","19","2622","Crystalforge Chestpiece","4837","36","30134","1","0"
"696","Tempest Keep","14805","20","2604","Deathmantle Chestguard","4838","36","30144","1","0"
"696","Tempest Keep","14805","21","2623","Destroyer Breastplate","4839","36","30118","1","0"
"696","Tempest Keep","14805","22","2624","Destroyer Chestguard","4840","36","30113","1","0"
"696","Tempest Keep","14805","23","2628","Rift Stalker Hauberk","4841","36","30139","1","0"
"696","Tempest Keep","14805","24","2605","Robe of the Corruptor","4842","36","30214","1","0"
"696","Tempest Keep","14805","25","2629","Robes of Tirisfal","4843","36","30196","1","0"
"696","Tempest Keep","14805","26","2627","Shroud of the Avatar","4844","36","30159","1","0"
"696","Tempest Keep","14805","27","2602","Vestments of the Avatar","4845","36","30150","1","0"
"696","Tempest Keep","14805","28","2603","Nordrassil Chestguard","4846","36","30216","1","0"
"696","Tempest Keep","14805","29","2606","Nordrassil Chestpiece","4847","36","30231","1","0"
"696","Tempest Keep","14805","30","2630","Nordrassil Chestplate","4848","36","30222","1","0"
"697","The Black Temple","14805","1","2633","Illidan Stormrage","3260","0","22917","1","0"
"697","The Black Temple","14805","2","2647","The Fall of the Betrayer","4500","27","10959","1","0"
"697","The Black Temple","14805","3","2634","Warglaive of Azzinoth","325","36","32838","1","0"
"697","The Black Temple","14805","4","2649","Warglaive of Azzinoth","326","36","32837","1","0"
"697","The Black Temple","14805","5","2655","Black Bow of the Betrayer","4791","36","32336","1","0"
"697","The Black Temple","14805","6","2635","Bulwark of Azzinoth","4792","36","32375","1","0"
"697","The Black Temple","14805","7","2656","Cowl of the Illidari High Lord","4793","36","32525","1","0"
"697","The Black Temple","14805","8","2653","Crystal Spire of Karabor","4794","36","32500","1","0"
"697","The Black Temple","14805","9","2662","Cursed Vision of Sargeras","4795","36","32235","1","0"
"697","The Black Temple","14805","10","2657","Faceplate of the Impenetrable","4796","36","32521","1","0"
"697","The Black Temple","14805","11","2636","Memento of Tyrande","4797","36","32496","1","0"
"697","The Black Temple","14805","12","2658","Shard of Azzinoth","4798","36","32471","1","0"
"697","The Black Temple","14805","13","2637","Shroud of the Highborne","4799","36","32524","1","0"
"697","The Black Temple","14805","14","2638","Stormrage Signet Ring","4800","36","32497","1","0"
"697","The Black Temple","14805","15","2650","The Skull of Gul'dan","4801","36","32483","1","0"
"697","The Black Temple","14805","16","2654","Zhar'doom, Greatstaff of the Devourer","4802","36","32374","1","0"
"697","The Black Temple","14805","17","2639","Lightbringer Breastplate","4803","36","30990","1","0"
"697","The Black Temple","14805","18","2659","Lightbringer Chestguard","4804","36","30991","1","0"
"697","The Black Temple","14805","19","2640","Lightbringer Chestpiece","4805","36","30992","1","0"
"697","The Black Temple","14805","20","2648","Robe of the Malefic","4806","36","31052","1","0"
"697","The Black Temple","14805","21","2641","Shroud of Absolution","4807","36","31065","1","0"
"697","The Black Temple","14805","22","2646","Vestments of Absolution","4808","36","31066","1","0"
"697","The Black Temple","14805","23","2663","Gronnstalker's Chestguard","4809","36","31004","1","0"
"697","The Black Temple","14805","24","2660","Onslaught Breastplate","4810","36","30975","1","0"
"697","The Black Temple","14805","25","2661","Onslaught Chestguard","4811","36","30976","1","0"
"697","The Black Temple","14805","26","2651","Skyshatter Breastplate","4812","36","31017","1","0"
"697","The Black Temple","14805","27","2645","Skyshatter Chestguard","4813","36","31016","1","0"
"697","The Black Temple","14805","28","2664","Skyshatter Tunic","4814","36","31018","1","0"
"697","The Black Temple","14805","29","2642","Robes of the Tempest","4815","36","31057","1","0"
"697","The Black Temple","14805","30","2643","Slayer's Chestguard","4816","36","31028","1","0"
"697","The Black Temple","14805","31","2644","Thunderheart Chestguard","4817","36","31042","1","0"
"697","The Black Temple","14805","32","2652","Thunderheart Tunic","4818","36","31041","1","0"
"697","The Black Temple","14805","33","2665","Thunderheart Vest","4819","36","31043","1","0"
"698","Sunwell Plateau","14805","1","153","Kil'jaeden","3261","0","25315","1","0"
"698","Sunwell Plateau","14805","2","157","Apolyon, the Soul-Render","4597","36","34247","1","0"
"698","Sunwell Plateau","14805","3","180","Borderland Paingrips","4598","36","34341","1","0"
"698","Sunwell Plateau","14805","4","158","Cloak of Unforgivable Sin","4599","36","34241","1","0"
"698","Sunwell Plateau","14805","5","159","Coif of Alleria","4600","36","34333","1","0"
"698","Sunwell Plateau","14805","6","170","Cover of Ursol the Wise","4601","36","34245","1","0"
"698","Sunwell Plateau","14805","7","160","Cowl of Gul'dan","4602","36","34332","1","0"
"698","Sunwell Plateau","14805","8","181","Cowl of Light's Purity","4603","36","34339","1","0"
"698","Sunwell Plateau","14805","9","161","Crown of Anasterian","4604","36","34345","1","0"
"698","Sunwell Plateau","14805","10","162","Crux of the Apocalypse","4605","36","34329","1","0"
"698","Sunwell Plateau","14805","11","171","Dark Conjuror's Collar","4606","36","34340","1","0"
"698","Sunwell Plateau","14805","12","169","Duplicitous Guise","4607","36","34244","1","0"
"698","Sunwell Plateau","14805","13","175","Golden Staff of the Sin'dorei","4608","36","34337","1","0"
"698","Sunwell Plateau","14805","14","163","Hammer of Sanctification","4609","36","34335","1","0"
"698","Sunwell Plateau","14805","15","176","Hand of the Deceiver","4610","36","34331","1","0"
"698","Sunwell Plateau","14805","16","173","Handguards of Defiled Worlds","4611","36","34344","1","0"
"698","Sunwell Plateau","14805","17","164","Handguards of the Dawn","4612","36","34342","1","0"
"698","Sunwell Plateau","14805","18","165","Helm of Burning Righteousness","4613","36","34243","1","0"
"698","Sunwell Plateau","14805","19","166","Sunflare","4614","36","34336","1","0"
"698","Sunwell Plateau","14805","20","172","Tattered Cape of Antonidas","4615","36","34242","1","0"
"698","Sunwell Plateau","14805","21","167","Thalassian Ranger Gauntlets","4616","36","34343","1","0"
"698","Sunwell Plateau","14805","22","177","Thori'dal, the Stars' Fury","4617","36","34334","1","0"
"698","Sunwell Plateau","14805","23","178","Cover of Ursoc the Mighty","4647","36","34403","1","0"
"698","Sunwell Plateau","14805","24","154","Crown of Dath'Remar","4648","36","34400","1","0"
"698","Sunwell Plateau","14805","25","179","Gloves of Tyri's Power","4649","36","34406","1","0"
"698","Sunwell Plateau","14805","26","155","Helm of Arcane Purity","4650","36","34405","1","0"
"698","Sunwell Plateau","14805","27","168","Helm of Uther's Resolve","4651","36","34401","1","0"
"698","Sunwell Plateau","14805","28","156","Mask of the Fury Hunter","4652","36","34404","1","0"
"698","Sunwell Plateau","14805","29","174","Shroud of Chieftain Ner'zhul","4653","36","34402","1","0"
"763","The Burning Crusader","14865","1","8081","Thrallmar","5322","46","947","42000","0"
"763","The Burning Crusader","14865","2","8078","Cenarion Expedition","4751","46","942","42000","0"
"763","The Burning Crusader","14865","3","8079","Lower City","4759","46","1011","42000","0"
"763","The Burning Crusader","14865","4","8080","Keepers of Time","4765","46","989","42000","0"
"763","The Burning Crusader","14865","5","8082","The Sha'tar","4764","46","935","42000","0"
"764","The Burning Crusader","14865","1","4224","Honor Hold","5336","46","946","42000","0"
"764","The Burning Crusader","14865","2","4225","The Sha'tar","4764","46","935","42000","0"
"764","The Burning Crusader","14865","3","4227","Cenarion Expedition","4751","46","942","42000","0"
"764","The Burning Crusader","14865","4","4226","Lower City","4759","46","1011","42000","0"
"764","The Burning Crusader","14865","5","4228","Keepers of Time","4765","46","989","42000","0"
"783","The Perfect Storm","14803","0","268","Win 1600 to 0","1238","1","566","1","0"
"783","The Perfect Storm","14803","1","60219","Win 1600 to 0","37104","1","968","1","0"
"784","Eye of the Storm Domination","14803","0","2959","Win Eye of the Storm 10 times while holding 4 bases","1239","1","566","10","0"
"784","Eye of the Storm Domination","14803","1","60221","Win Eye of the Storm 10 times while holding 4 bases","37105","1","968","10","0"
"843","Explore Netherstorm","14779","1","3163","Area 52","1310","43","1179","1","0"
"843","Explore Netherstorm","14779","2","3151","Manaforge B'naar","1311","43","1180","1","0"
"843","Explore Netherstorm","14779","3","3149","Manaforge Coruu","1312","43","1181","1","0"
"843","Explore Netherstorm","14779","4","3166","Manaforge Duro","1313","43","1182","1","0"
"843","Explore Netherstorm","14779","5","3150","Manaforge Ara","1762","43","1183","1","0"
"843","Explore Netherstorm","14779","6","3164","Manaforge Ultris","1763","43","1184","1","0"
"843","Explore Netherstorm","14779","7","3152","Ruins of Farahlon","1764","43","1185","1","0"
"843","Explore Netherstorm","14779","8","3156","Tempest Keep","1765","43","1186","1","0"
"843","Explore Netherstorm","14779","9","3153","The Heap","1766","43","1187","1","0"
"843","Explore Netherstorm","14779","10","3165","Arklon Ruins","1767","43","1260","1","0"
"843","Explore Netherstorm","14779","11","3169","Celestial Ridge","1768","43","1261","1","0"
"843","Explore Netherstorm","14779","12","3157","Kirin'Var Village","1770","43","1263","1","0"
"843","Explore Netherstorm","14779","13","3170","Netherstone","1771","43","1265","1","0"
"843","Explore Netherstorm","14779","14","3167","Ruins of Enkaat","1772","43","1266","1","0"
"843","Explore Netherstorm","14779","15","3154","Sunfury Hold","1773","43","1267","1","0"
"843","Explore Netherstorm","14779","16","3155","The Stormspire","1775","43","1269","1","0"
"843","Explore Netherstorm","14779","17","3160","Gyro-Plank Bridge","1776","43","1270","1","0"
"843","Explore Netherstorm","14779","18","3158","Eco-Dome Farfield","1777","43","1317","1","0"
"843","Explore Netherstorm","14779","19","3168","Ethereum Staging Grounds","1778","43","1318","1","0"
"843","Explore Netherstorm","14779","20","3162","Socrethar's Seat","1779","43","1319","1","0"
"843","Explore Netherstorm","14779","21","3159","Forge Base: Oblivion","1780","43","1326","1","0"
"843","Explore Netherstorm","14779","22","3161","Eco-Dome Midrealm","1781","43","1327","1","0"
"858","Explore Ghostlands","14777","1","3581","Tranquillien","1504","43","1148","1","0"
"858","Explore Ghostlands","14777","2","3587","Suncrown Village","1505","43","1150","1","0"
"858","Explore Ghostlands","14777","3","3586","Goldenmist Village","1506","43","1151","1","0"
"858","Explore Ghostlands","14777","4","3585","Windrunner Village","1507","43","1152","1","0"
"858","Explore Ghostlands","14777","5","3582","Sanctum of the Moon","1536","43","1153","1","0"
"858","Explore Ghostlands","14777","6","3583","Sanctum of the Sun","1537","43","1155","1","0"
"858","Explore Ghostlands","14777","7","3584","Dawnstar Spire","1538","43","1157","1","0"
"858","Explore Ghostlands","14777","8","3580","Farstrider Enclave","1539","43","1158","1","0"
"858","Explore Ghostlands","14777","9","3577","Howling Ziggurat","1540","43","1162","1","0"
"858","Explore Ghostlands","14777","10","3588","Deatholme","1541","43","1163","1","0"
"858","Explore Ghostlands","14777","11","3576","Zeb'Nowa","1542","43","1164","1","0"
"858","Explore Ghostlands","14777","12","3589","Amani Pass","1543","43","1165","1","0"
"858","Explore Ghostlands","14777","13","3590","Windrunner Spire","1544","43","1174","1","0"
"858","Explore Ghostlands","14777","14","3578","Bleeding Ziggurat","1545","43","1177","1","0"
"858","Explore Ghostlands","14777","15","3579","Elrendar Crossing","1546","43","1225","1","0"
"858","Explore Ghostlands","14777","16","3575","Thalassian Pass","1548","43","1241","1","0"
"859","Explore Eversong Woods","14777","1","4538","Sunstrider Isle","1508","43","1127","1","0"
"859","Explore Eversong Woods","14777","2","4543","Ruins of Silvermoon","1509","43","1128","1","0"
"859","Explore Eversong Woods","14777","3","4536","West Sanctum","1510","43","1129","1","0"
"859","Explore Eversong Woods","14777","4","4524","Sunsail Anchorage","1511","43","1130","1","0"
"859","Explore Eversong Woods","14777","5","4544","North Sanctum","1512","43","1132","1","0"
"859","Explore Eversong Woods","14777","6","4525","East Sanctum","1513","43","1134","1","0"
"859","Explore Eversong Woods","14777","7","4545","Farstrider Retreat","1514","43","1135","1","0"
"859","Explore Eversong Woods","14777","8","4523","Stillwhisper Pond","1515","43","1137","1","0"
"859","Explore Eversong Woods","14777","9","4526","Duskwither Grounds","1516","43","1138","1","0"
"859","Explore Eversong Woods","14777","10","4527","Fairbreeze Village","1517","43","1140","1","0"
"859","Explore Eversong Woods","14777","11","4540","The Living Wood","1518","43","1142","1","0"
"859","Explore Eversong Woods","14777","12","4530","Tor'Watha","1519","43","1143","1","0"
"859","Explore Eversong Woods","14777","13","4539","The Scorched Grove","1520","43","1145","1","0"
"859","Explore Eversong Woods","14777","14","4528","Silvermoon City","1521","43","1175","1","0"
"859","Explore Eversong Woods","14777","15","4541","Azurebreeze Coast","1522","43","1356","1","0"
"859","Explore Eversong Woods","14777","16","4534","Elrendar Falls","1523","43","1357","1","0"
"859","Explore Eversong Woods","14777","17","4546","Goldenbough Pass","1524","43","1358","1","0"
"859","Explore Eversong Woods","14777","18","4529","Lake Elrendar","1525","43","1359","1","0"
"859","Explore Eversong Woods","14777","19","4531","Runestone Falithas","1526","43","1360","1","0"
"859","Explore Eversong Woods","14777","20","4532","Runestone Shan'dor","1527","43","1361","1","0"
"859","Explore Eversong Woods","14777","21","4535","Saltheril's Haven","1528","43","1362","1","0"
"859","Explore Eversong Woods","14777","22","4547","Golden Strand","1529","43","1380","1","0"
"859","Explore Eversong Woods","14777","23","4542","Thuron's Livery","1530","43","1381","1","0"
"859","Explore Eversong Woods","14777","24","4537","Tranquil Shore","1531","43","1382","1","0"
"859","Explore Eversong Woods","14777","25","4533","Zeb'Watha","1532","43","1383","1","0"
"860","Explore Azuremyst Isle","14778","1","5149","Ammen Vale","1552","43","1364","1","0"
"860","Explore Azuremyst Isle","14778","2","5150","Ammen Ford","1553","43","1363","1","0"
"860","Explore Azuremyst Isle","14778","3","5159","Azure Watch","1554","43","1365","1","0"
"860","Explore Azuremyst Isle","14778","4","5162","Bristlelimb Village","1555","43","1366","1","0"
"860","Explore Azuremyst Isle","14778","5","5155","Emberglade","1556","43","1367","1","0"
"860","Explore Azuremyst Isle","14778","6","5165","Fairbridge Strand","1557","43","1368","1","0"
"860","Explore Azuremyst Isle","14778","7","5160","Geezle's Camp","1558","43","1369","1","0"
"860","Explore Azuremyst Isle","14778","8","5151","Moongraze Woods","1559","43","1370","1","0"
"860","Explore Azuremyst Isle","14778","9","5157","Odesyus' Landing","1560","43","1371","1","0"
"860","Explore Azuremyst Isle","14778","10","5163","Pod Cluster","1561","43","1372","1","0"
"860","Explore Azuremyst Isle","14778","11","5152","Pod Wreckage","1562","43","1373","1","0"
"860","Explore Azuremyst Isle","14778","12","5156","Silting Shore","1563","43","1374","1","0"
"860","Explore Azuremyst Isle","14778","13","5164","Silvermyst Isle","1564","43","1375","1","0"
"860","Explore Azuremyst Isle","14778","14","5153","Stillpine Hold","1565","43","1376","1","0"
"860","Explore Azuremyst Isle","14778","15","5154","The Exodar","1566","43","1377","1","0"
"860","Explore Azuremyst Isle","14778","16","5158","Valaar's Berth","1567","43","1378","1","0"
"860","Explore Azuremyst Isle","14778","17","5161","Wrathscale Point","1568","43","1379","1","0"
"861","Explore Bloodmyst Isle","14778","1","3607","Amberweb Pass","1573","43","1328","1","0"
"861","Explore Bloodmyst Isle","14778","2","3604","Axxarien","1574","43","1329","1","0"
"861","Explore Bloodmyst Isle","14778","3","3622","Blacksilt Shore","1575","43","1330","1","0"
"861","Explore Bloodmyst Isle","14778","4","3605","Bladewood","1576","43","1331","1","0"
"861","Explore Bloodmyst Isle","14778","5","3606","Bloodcurse Isle","1577","43","1332","1","0"
"861","Explore Bloodmyst Isle","14778","6","3608","Blood Watch","1578","43","1333","1","0"
"861","Explore Bloodmyst Isle","14778","7","3609","Bristlelimb Enclave","1579","43","1334","1","0"
"861","Explore Bloodmyst Isle","14778","8","3610","Kessel's Crossing","1580","43","1335","1","0"
"861","Explore Bloodmyst Isle","14778","9","3625","Middenvale","1581","43","1336","1","0"
"861","Explore Bloodmyst Isle","14778","10","3611","Mystwood","1582","43","1337","1","0"
"861","Explore Bloodmyst Isle","14778","11","3616","Nazzivian","1583","43","1338","1","0"
"861","Explore Bloodmyst Isle","14778","12","3627","Ragefeather Ridge","1584","43","1339","1","0"
"861","Explore Bloodmyst Isle","14778","13","3614","Ruins of Loreth'Aran","1585","43","1340","1","0"
"861","Explore Bloodmyst Isle","14778","14","3617","Talon Stand","1586","43","1341","1","0"
"861","Explore Bloodmyst Isle","14778","15","3623","Tel'athion's Camp","1587","43","1342","1","0"
"861","Explore Bloodmyst Isle","14778","16","3626","The Bloodcursed Reef","1588","43","1343","1","0"
"861","Explore Bloodmyst Isle","14778","17","3615","The Bloodwash","1589","43","1344","1","0"
"861","Explore Bloodmyst Isle","14778","18","3618","The Crimson Reach","1590","43","1345","1","0"
"861","Explore Bloodmyst Isle","14778","19","3603","The Cryo-Core","2104","43","1346","1","0"
"861","Explore Bloodmyst Isle","14778","20","3620","The Foul Pool","1591","43","1347","1","0"
"861","Explore Bloodmyst Isle","14778","21","3600","The Hidden Reef","1592","43","1348","1","0"
"861","Explore Bloodmyst Isle","14778","22","3613","The Lost Fold","1593","43","1349","1","0"
"861","Explore Bloodmyst Isle","14778","23","3619","The Vector Coil","1594","43","1350","1","0"
"861","Explore Bloodmyst Isle","14778","24","3624","The Warp Piston","1595","43","1351","1","0"
"861","Explore Bloodmyst Isle","14778","25","3621","Veridian Point","1596","43","1352","1","0"
"861","Explore Bloodmyst Isle","14778","26","3601","Vindicator's Rest","1597","43","1353","1","0"
"861","Explore Bloodmyst Isle","14778","27","3602","Wrathscale Lair","1598","43","1354","1","0"
"861","Explore Bloodmyst Isle","14778","28","3612","Wyrmscar Island","1599","43","1355","1","0"
"862","Explore Hellfire Peninsula","14779","1","4212","The Stair of Destiny","1631","43","1219","1","0"
"862","Explore Hellfire Peninsula","14779","2","4208","Expedition Armory","1606","43","1200","1","0"
"862","Explore Hellfire Peninsula","14779","3","4198","Falcon Watch","1607","43","1201","1","0"
"862","Explore Hellfire Peninsula","14779","4","4213","Hellfire Citadel","1608","43","1202","1","0"
"862","Explore Hellfire Peninsula","14779","5","4214","Honor Hold","1609","43","1203","1","0"
"862","Explore Hellfire Peninsula","14779","6","4199","Mag'har Post","1626","43","1208","1","0"
"862","Explore Hellfire Peninsula","14779","7","4215","Pools of Aggonar","1627","43","1215","1","0"
"862","Explore Hellfire Peninsula","14779","8","4210","Ruins of Sha'naar","1628","43","1216","1","0"
"862","Explore Hellfire Peninsula","14779","9","4207","Temple of Telhamat","1629","43","1217","1","0"
"862","Explore Hellfire Peninsula","14779","10","4211","The Legion Front","1630","43","1218","1","0"
"862","Explore Hellfire Peninsula","14779","11","4201","Thrallmar","1632","43","1220","1","0"
"862","Explore Hellfire Peninsula","14779","12","4200","Throne of Kil'jaeden","1633","43","1221","1","0"
"862","Explore Hellfire Peninsula","14779","13","4202","Zeth'Gor","1634","43","1222","1","0"
"862","Explore Hellfire Peninsula","14779","14","4203","Den of Haal'esh","1635","43","1281","1","0"
"862","Explore Hellfire Peninsula","14779","15","4204","Fallen Sky Ridge","1636","43","1282","1","0"
"862","Explore Hellfire Peninsula","14779","16","4205","Void Ridge","1638","43","1285","1","0"
"862","Explore Hellfire Peninsula","14779","17","4206","The Warp Fields","1639","43","1286","1","0"
"862","Explore Hellfire Peninsula","14779","18","4209","Forge Camp: Mageddon","1641","43","1283","1","0"
"863","Explore Zangarmarsh","14779","1","476","Cenarion Refuge","1611","43","1126","1","0"
"863","Explore Zangarmarsh","14779","2","485","Ango'rosh Grounds","1610","43","1125","1","0"
"863","Explore Zangarmarsh","14779","3","477","Feralfen Village","1612","43","1133","1","0"
"863","Explore Zangarmarsh","14779","4","490","Hewn Bog","1613","43","1136","1","0"
"863","Explore Zangarmarsh","14779","5","486","Marshlight Lake","1647","43","1139","1","0"
"863","Explore Zangarmarsh","14779","6","473","Quagg Ridge","1648","43","1141","1","0"
"863","Explore Zangarmarsh","14779","7","475","Telredor","1649","43","1146","1","0"
"863","Explore Zangarmarsh","14779","8","483","The Dead Mire","1650","43","1147","1","0"
"863","Explore Zangarmarsh","14779","9","474","The Lagoon","1651","43","1149","1","0"
"863","Explore Zangarmarsh","14779","10","484","Twin Spire Ruins","1652","43","1154","1","0"
"863","Explore Zangarmarsh","14779","11","478","Umbrafen Village","1653","43","1156","1","0"
"863","Explore Zangarmarsh","14779","12","479","Sporeggar","1654","43","1178","1","0"
"863","Explore Zangarmarsh","14779","13","487","Ango'rosh Stronghold","1655","43","1234","1","0"
"863","Explore Zangarmarsh","14779","14","488","Bloodscale Grounds","1656","43","1236","1","0"
"863","Explore Zangarmarsh","14779","15","480","Orebor Harborage","1657","43","1237","1","0"
"863","Explore Zangarmarsh","14779","16","481","The Spawning Glen","1658","43","1238","1","0"
"863","Explore Zangarmarsh","14779","17","489","Zabra'jin","1659","43","1239","1","0"
"863","Explore Zangarmarsh","14779","18","482","Darkcrest Shore","1667","43","1432","1","0"
"864","Explore Shadowmoon Valley","14779","1","7066","Coilskar Point","1614","43","1101","1","0"
"864","Explore Shadowmoon Valley","14779","2","7067","Eclipse Point","1615","43","1103","1","0"
"864","Explore Shadowmoon Valley","14779","3","7072","Legion Hold","1616","43","1104","1","0"
"864","Explore Shadowmoon Valley","14779","4","7068","Netherwing Ledge","1617","43","1105","1","0"
"864","Explore Shadowmoon Valley","14779","5","7069","Shadowmoon Village","1668","43","1107","1","0"
"864","Explore Shadowmoon Valley","14779","6","7073","The Black Temple","1669","43","1110","1","0"
"864","Explore Shadowmoon Valley","14779","7","7076","The Deathforge","1670","43","1112","1","0"
"864","Explore Shadowmoon Valley","14779","8","7070","The Hand of Gul'dan","1671","43","1116","1","0"
"864","Explore Shadowmoon Valley","14779","9","7077","Warden's Cage","1672","43","1118","1","0"
"864","Explore Shadowmoon Valley","14779","10","7078","Wildhammer Stronghold","1673","43","1121","1","0"
"864","Explore Shadowmoon Valley","14779","11","7074","Altar of Sha'tar","1674","43","1273","1","0"
"864","Explore Shadowmoon Valley","14779","12","7075","Illidari Point","1675","43","1274","1","0"
"864","Explore Shadowmoon Valley","14779","13","7071","Netherwing Fields","1679","43","1420","1","0"
"865","Explore Blade's Edge Mountains","14779","1","1461","Bash'ir Landing","1618","43","1288","1","0"
"865","Explore Blade's Edge Mountains","14779","2","1462","Bladed Gulch","1619","43","1289","1","0"
"865","Explore Blade's Edge Mountains","14779","3","1471","Bladespire Hold","1620","43","1290","1","0"
"865","Explore Blade's Edge Mountains","14779","4","1463","Bloodmaul Camp","1621","43","1291","1","0"
"865","Explore Blade's Edge Mountains","14779","5","1483","Bloodmaul Outpost","1688","43","1292","1","0"
"865","Explore Blade's Edge Mountains","14779","6","1474","Broken Wilds","1689","43","1293","1","0"
"865","Explore Blade's Edge Mountains","14779","7","1475","Circle of Blood","1690","43","1294","1","0"
"865","Explore Blade's Edge Mountains","14779","8","1476","Death's Door","1691","43","1295","1","0"
"865","Explore Blade's Edge Mountains","14779","9","1477","Forge Camp: Anger","1692","43","1297","1","0"
"865","Explore Blade's Edge Mountains","14779","10","1484","Forge Camp: Terror","1693","43","1298","1","0"
"865","Explore Blade's Edge Mountains","14779","11","1472","Forge Camp: Wrath","1694","43","1299","1","0"
"865","Explore Blade's Edge Mountains","14779","12","1482","Grishnath","1695","43","1300","1","0"
"865","Explore Blade's Edge Mountains","14779","13","1468","Gruul's Lair","1696","43","1301","1","0"
"865","Explore Blade's Edge Mountains","14779","14","1469","Jagged Ridge","1697","43","1302","1","0"
"865","Explore Blade's Edge Mountains","14779","15","1478","Mok'Nathal Village","1698","43","1303","1","0"
"865","Explore Blade's Edge Mountains","14779","16","1479","Raven's Wood","1699","43","1304","1","0"
"865","Explore Blade's Edge Mountains","14779","17","1473","Razor Ridge","1700","43","1305","1","0"
"865","Explore Blade's Edge Mountains","14779","18","1464","Ruuan Weald","1701","43","1307","1","0"
"865","Explore Blade's Edge Mountains","14779","19","1481","Skald","1702","43","1308","1","0"
"865","Explore Blade's Edge Mountains","14779","20","1480","Sylvanaar","1703","43","1309","1","0"
"865","Explore Blade's Edge Mountains","14779","21","1465","Crystal Spine","1704","43","1310","1","0"
"865","Explore Blade's Edge Mountains","14779","22","1459","Thunderlord Stronghold","1705","43","1311","1","0"
"865","Explore Blade's Edge Mountains","14779","23","1466","Veil Lashh","1706","43","1312","1","0"
"865","Explore Blade's Edge Mountains","14779","24","1470","Veil Ruuan","2238","43","1313","1","0"
"865","Explore Blade's Edge Mountains","14779","25","1460","Vekhaar Stand","1707","43","1314","1","0"
"865","Explore Blade's Edge Mountains","14779","26","1467","Vortex Summit","1708","43","1315","1","0"
"866","Explore Nagrand","14779","1","8011","Forge Camp: Fear","1622","43","1189","1","0"
"866","Explore Nagrand","14779","2","8012","Garadar","1623","43","1190","1","0"
"866","Explore Nagrand","14779","3","8013","Halaa","1624","43","1191","1","0"
"866","Explore Nagrand","14779","4","8024","Kil'sorrow Fortress","1625","43","1192","1","0"
"866","Explore Nagrand","14779","5","8014","Laughing Skull Ruins","1713","43","1193","1","0"
"866","Explore Nagrand","14779","6","8009","Spirit Fields","1714","43","1194","1","0"
"866","Explore Nagrand","14779","7","8010","Sunspring Post","1715","43","1195","1","0"
"866","Explore Nagrand","14779","8","8022","Telaar","1716","43","1196","1","0"
"866","Explore Nagrand","14779","9","8015","The Ring of Trials","1717","43","1197","1","0"
"866","Explore Nagrand","14779","10","8023","Throne of the Elements","1718","43","1198","1","0"
"866","Explore Nagrand","14779","11","8016","Warmaul Hill","1719","43","1199","1","0"
"866","Explore Nagrand","14779","12","8025","Burning Blade Ruins","1720","43","1226","1","0"
"866","Explore Nagrand","14779","13","8017","Clan Watch","1721","43","1227","1","0"
"866","Explore Nagrand","14779","14","8018","Forge Camp: Hate","1722","43","1228","1","0"
"866","Explore Nagrand","14779","15","8026","Southwind Cleft","1723","43","1229","1","0"
"866","Explore Nagrand","14779","16","8027","The Twilight Ridge","1724","43","1230","1","0"
"866","Explore Nagrand","14779","17","8021","Windyreed Pass","1725","43","1231","1","0"
"866","Explore Nagrand","14779","18","8020","Windyreed Village","1726","43","1232","1","0"
"866","Explore Nagrand","14779","19","8019","Zangar Ridge","1727","43","1233","1","0"
"867","Explore Terokkar Forest","14779","1","7051","Bleeding Hollow Ruins","1603","43","1166","1","0"
"867","Explore Terokkar Forest","14779","2","7060","Allerian Stronghold","4940","43","1161","1","0"
"867","Explore Terokkar Forest","14779","3","7050","Cenarion Thicket","1604","43","1167","1","0"
"867","Explore Terokkar Forest","14779","4","7043","Firewing Point","1605","43","1168","1","0"
"867","Explore Terokkar Forest","14779","5","7058","Grangol'var Village","1729","43","1169","1","0"
"867","Explore Terokkar Forest","14779","6","7045","Stonebreaker Hold","1731","43","1171","1","0"
"867","Explore Terokkar Forest","14779","7","7046","Tuurem","1732","43","1173","1","0"
"867","Explore Terokkar Forest","14779","8","7047","Shattrath City","1733","43","1176","1","0"
"867","Explore Terokkar Forest","14779","9","7052","Raastok Glade","1734","43","1276","1","0"
"867","Explore Terokkar Forest","14779","10","7053","The Barrier Hills","1735","43","1277","1","0"
"867","Explore Terokkar Forest","14779","11","7062","Razorthorn Shelf","1736","43","1280","1","0"
"867","Explore Terokkar Forest","14779","12","7048","Bonechewer Ruins","1737","43","1316","1","0"
"867","Explore Terokkar Forest","14779","13","7054","Auchenai Grounds","1738","43","1390","1","0"
"867","Explore Terokkar Forest","14779","14","7059","Carrion Hill","1739","43","1391","1","0"
"867","Explore Terokkar Forest","14779","15","7049","Refugee Caravan","1740","43","1392","1","0"
"867","Explore Terokkar Forest","14779","16","7063","Ring of Observance","1741","43","1393","1","0"
"867","Explore Terokkar Forest","14779","17","7057","Shadow Tomb","1742","43","1394","1","0"
"867","Explore Terokkar Forest","14779","18","7061","Derelict Caravan","1743","43","1395","1","0"
"867","Explore Terokkar Forest","14779","19","7055","Veil Rhaze","1745","43","1397","1","0"
"867","Explore Terokkar Forest","14779","20","7056","Writhing Mound","1746","43","1398","1","0"
"867","Explore Terokkar Forest","14779","21","7044","Skettis","1747","43","1170","1","0"
"868","Explore Isle of Quel'Danas","14777","1","7039","Sun's Reach Harbor","1789","43","1454","1","0"
"868","Explore Isle of Quel'Danas","14777","2","7038","Dawnstar Village","1791","43","1456","1","0"
"868","Explore Isle of Quel'Danas","14777","3","7035","Sunwell Plateau","1792","43","1457","1","0"
"868","Explore Isle of Quel'Danas","14777","4","7036","Magisters' Terrace","1793","43","1458","1","0"
"868","Explore Isle of Quel'Danas","14777","5","7037","Greengill Coast","1794","43","1459","1","0"
"868","Explore Isle of Quel'Danas","14777","6","7040","The Dead Scar","1795","43","1460","1","0"
"893","Cenarion War Hippogryph","14865","1","5193","Cenarion War Hippogryph","1874","36","33999","1","0"
"893","Cenarion War Hippogryph","14865","2","5194","Cenarion War Hippogryph","6206","34","43927","0","0"
"894","Flying High Over Skettis","14865","1","9119","Exalted with Sha'tari Skyguard ","4760","46","1031","42000","0"
"896","A Quest a Day Keeps the Ogres at Bay","14865","1","2821","Exalted with Ogri'la","4756","46","1038","42000","0"
"897","You're So Offensive","14865","1","1140","Exalted with Shattered Sun Offensive","4761","46","1077","42000","0"
"898","On Wings of Nether","14865","1","1758","Exalted with Netherwing","4755","46","1015","42000","0"
"899","Oh My, Kurenai","14865","1","7006","Exalted with the Kurenai","5337","46","978","42000","0"
"900","The Czar of Sporeggar","14865","1","4660","Exalted with the Sporeggar","4757","46","970","42000","0"
"901","Mag'har of Draenor","14865","1","1143","Exalted with The Mag'har","5321","46","941","42000","0"
"902","Chief Exalted Officer","14865","1","8376","Exalted with the Consortium","4758","46","933","42000","0"
"903","Shattrath Divided","14865","1","1811","Exalted with The Scryers","4763","46","934","42000","0"
"903","Shattrath Divided","14865","2","1812","Exalted with The Aldor","4762","46","932","42000","0"
"939","Hills Like White Elekk","14862","1","4722","The Ultimate Bloodsport","2005","27","9852","1","0"
"958","Sworn to the Deathsworn","14865","1","1320","Exalted with the Ashtongue Deathsworn","4750","46","1012","42000","0"
"959","The Scale of the Sands","14865","1","3751","Exalted with The Scale of the Sands","4766","46","990","42000","0"
"960","The Violet Eye","14865","1","5546","Exalted with The Violet Eye","4767","46","967","42000","0"
"1171","Master of Eye of the Storm","14803","1","5640","Eye of the Storm Veteran","3446","8","209","0","0"
"1171","Master of Eye of the Storm","14803","2","5644","The Perfect Storm","3447","8","783","0","0"
"1171","Master of Eye of the Storm","14803","3","5645","Eye of the Storm Domination","3448","8","784","0","0"
"1171","Master of Eye of the Storm","14803","4","5641","Flurry","3449","8","214","0","0"
"1171","Master of Eye of the Storm","14803","5","5647","Stormtrooper","3450","8","213","0","0"
"1171","Master of Eye of the Storm","14803","6","5642","Storm Capper","3451","8","212","0","0"
"1171","Master of Eye of the Storm","14803","7","5643","Bound for Glory","3452","8","216","0","0"
"1171","Master of Eye of the Storm","14803","8","5646","Bloodthirsty Berserker","3453","8","233","0","0"
"1189","To Hellfire and Back","14862","0","62959","Disrupt the Burning Legion","38553","27","10397","1","0"
"1189","To Hellfire and Back","14862","1/0","62961","","38554","27","10399","1","0"
"1189","To Hellfire and Back","14862","1/1","62962","","38555","27","10400","1","0"
"1189","To Hellfire and Back","14862","2","62963","In Search of Sedai","38556","27","9545","1","0"
"1189","To Hellfire and Back","14862","3","62964","The Exorcism of Colonel Jules","38557","27","10935","1","0"
"1189","To Hellfire and Back","14862","4","62965","Drill the Drillmaster","38558","27","10937","1","0"
"1189","To Hellfire and Back","14862","5/0","62967","","38559","27","9399","1","0"
"1189","To Hellfire and Back","14862","5/1","62968","","38560","27","9490","1","0"
"1189","To Hellfire and Back","14862","5/2","62969","","38561","27","9427","1","0"
"1189","To Hellfire and Back","14862","5/3","62970","","38562","27","9383","1","0"
"1189","To Hellfire and Back","14862","6/0","62952","","38545","27","9356","1","0"
"1189","To Hellfire and Back","14862","6/1","62958","","38546","27","9351","1","0"
"1189","To Hellfire and Back","14862","6/2","62955","","38548","27","10630","1","0"
"1189","To Hellfire and Back","14862","7/0","62954","","38549","27","10255","1","0"
"1189","To Hellfire and Back","14862","7/1","62956","","38550","27","10351","1","0"
"1190","Mysteries of the Marsh","14862","0/0","62989","","38567","27","9899","1","0"
"1190","Mysteries of the Marsh","14862","0/1","62990","","38568","27","9898","1","0"
"1190","Mysteries of the Marsh","14862","0/2","62991","","38569","27","9772","1","0"
"1190","Mysteries of the Marsh","14862","1/0","62993","","38570","27","9847","1","0"
"1190","Mysteries of the Marsh","14862","1/1","62994","","38571","27","9842","1","0"
"1190","Mysteries of the Marsh","14862","1/2","62995","","38572","27","9816","1","0"
"1190","Mysteries of the Marsh","14862","1/3","62996","","38573","27","9904","1","0"
"1190","Mysteries of the Marsh","14862","2/0","62998","","38574","27","9823","1","0"
"1190","Mysteries of the Marsh","14862","2/1","62999","","38575","27","10118","1","0"
"1190","Mysteries of the Marsh","14862","3/0","63001","","38576","27","9803","1","0"
"1190","Mysteries of the Marsh","14862","4/0","63003","","38577","27","9790","1","0"
"1190","Mysteries of the Marsh","14862","4/1","63004","","38578","27","9780","1","0"
"1190","Mysteries of the Marsh","14862","4/2","63005","","38579","27","9896","1","0"
"1190","Mysteries of the Marsh","14862","4/3","63006","","38580","27","9783","1","0"
"1190","Mysteries of the Marsh","14862","5/0","63008","","38581","27","9839","1","0"
"1190","Mysteries of the Marsh","14862","5/1","63009","","38582","27","10115","1","0"
"1190","Mysteries of the Marsh","14862","5/2","63010","","38583","27","9848","1","0"
"1190","Mysteries of the Marsh","14862","5/3","63011","","38584","27","9905","1","0"
"1190","Mysteries of the Marsh","14862","5/4","63012","","38585","27","9830","1","0"
"1190","Mysteries of the Marsh","14862","5/5","63013","","38586","27","9833","1","0"
"1190","Mysteries of the Marsh","14862","5/6","63014","","38587","27","9902","1","0"
"1190","Mysteries of the Marsh","14862","6/0","63016","","38588","27","9709","1","0"
"1190","Mysteries of the Marsh","14862","7/0","63018","","38589","27","9732","1","0"
"1190","Mysteries of the Marsh","14862","8/0","63020","","38590","27","10096","1","0"
"1190","Mysteries of the Marsh","14862","8/1","63021","","38591","27","9894","1","0"
"1190","Mysteries of the Marsh","14862","8/2","63022","","38592","27","9788","1","0"
"1190","Mysteries of the Marsh","14862","9/0","63024","","38593","27","9729","1","0"
"1190","Mysteries of the Marsh","14862","9/1","63706","","38969","27","9919","1","0"
"1190","Mysteries of the Marsh","14862","9/2","63707","","38970","27","9726","1","0"
"1191","Terror of Terokkar","14862","0/0","63082","","38603","27","10879","1","0"
"1191","Terror of Terokkar","14862","1/0","63084","","38604","27","10031","1","0"
"1191","Terror of Terokkar","14862","1/1","63085","","38605","27","10878","1","0"
"1191","Terror of Terokkar","14862","1/2","63086","","38606","27","10896","1","0"
"1191","Terror of Terokkar","14862","1/3","63087","","38607","27","10881","1","0"
"1191","Terror of Terokkar","14862","2/0","63089","","38608","27","10873","1","0"
"1191","Terror of Terokkar","14862","2/1","63090","","38609","27","10926","1","0"
"1191","Terror of Terokkar","14862","2/2","63091","","38610","27","10923","1","0"
"1191","Terror of Terokkar","14862","2/3","63092","","38611","27","10930","1","0"
"1191","Terror of Terokkar","14862","2/4","63093","","38612","27","10915","1","0"
"1191","Terror of Terokkar","14862","3/0","63095","","38613","27","10005","1","0"
"1191","Terror of Terokkar","14862","3/1","63098","","38615","27","9951","1","0"
"1191","Terror of Terokkar","14862","4/0","63109","","38624","27","9992","1","0"
"1191","Terror of Terokkar","14862","4/1","63110","","38625","27","9986","1","0"
"1191","Terror of Terokkar","14862","4/2","63111","","38626","27","10869","1","0"
"1191","Terror of Terokkar","14862","4/3","63112","","38627","27","10007","1","0"
"1191","Terror of Terokkar","14862","4/4","63113","","38628","27","10012","1","0"
"1191","Terror of Terokkar","14862","4/5","63114","","38629","27","10022","1","0"
"1191","Terror of Terokkar","14862","4/6","63115","","38630","27","10035","1","0"
"1191","Terror of Terokkar","14862","4/7","63116","","38631","27","10042","1","0"
"1192","Nagrand Slam","14862","0/0","63192","","38663","27","9955","1","0"
"1192","Nagrand Slam","14862","1/0","63208","","5798","27","9977","1","0"
"1192","Nagrand Slam","14862","2/0","63210","","38672","27","9862","1","0"
"1192","Nagrand Slam","14862","2/1","63211","","38673","27","9810","1","0"
"1192","Nagrand Slam","14862","2/2","63212","","38674","27","9853","1","0"
"1192","Nagrand Slam","14862","3/0","63194","","38664","27","9933","1","0"
"1192","Nagrand Slam","14862","4/0","63196","","38665","27","9879","1","0"
"1192","Nagrand Slam","14862","4/1","63197","","38666","27","9873","1","0"
"1192","Nagrand Slam","14862","5/0","63199","","38667","27","9938","1","0"
"1192","Nagrand Slam","14862","5/1","63200","","38668","27","10011","1","0"
"1192","Nagrand Slam","14862","6/0","63202","","2005","27","9852","1","0"
"1192","Nagrand Slam","14862","7/0","63205","","38670","27","9900","1","0"
"1192","Nagrand Slam","14862","7/1","63206","","38671","27","9925","1","0"
"1193","On the Blade's Edge","14862","0/0","63159","","38636","27","10457","1","0"
"1193","On the Blade's Edge","14862","0/1","63160","","38637","27","10518","1","0"
"1193","On the Blade's Edge","14862","0/2","63161","","38638","27","10504","1","0"
"1193","On the Blade's Edge","14862","1/0","63169","","38639","27","10675","1","0"
"1193","On the Blade's Edge","14862","1/1","63170","","38640","27","10712","1","0"
"1193","On the Blade's Edge","14862","1/2","63171","","38641","27","10594","1","0"
"1193","On the Blade's Edge","14862","1/3","63172","","38642","27","10671","1","0"
"1193","On the Blade's Edge","14862","2/0","63173","","38643","27","10806","1","0"
"1193","On the Blade's Edge","14862","3/0","63174","","38646","27","10488","1","0"
"1193","On the Blade's Edge","14862","3/1","63175","","38647","27","10544","1","0"
"1193","On the Blade's Edge","14862","3/2","63176","","38648","27","10545","1","0"
"1193","On the Blade's Edge","14862","3/3","63177","","38649","27","10505","1","0"
"1193","On the Blade's Edge","14862","4/0","63178","","38644","27","10526","1","0"
"1193","On the Blade's Edge","14862","4/1","63179","","38645","27","10742","1","0"
"1193","On the Blade's Edge","14862","5/0","63180","","38653","27","10615","1","0"
"1193","On the Blade's Edge","14862","5/1","63181","","38654","27","10867","1","0"
"1193","On the Blade's Edge","14862","6/0","63182","","38655","27","11009","1","0"
"1193","On the Blade's Edge","14862","6/1","63183","","38656","27","11079","1","0"
"1193","On the Blade's Edge","14862","6/2","63184","","38657","27","11078","1","0"
"1193","On the Blade's Edge","14862","7/0","63185","","38658","27","10607","1","0"
"1193","On the Blade's Edge","14862","7/1","63186","","38659","27","10771","1","0"
"1193","On the Blade's Edge","14862","7/2","63187","","38660","27","10821","1","0"
"1193","On the Blade's Edge","14862","7/3","63188","","38661","27","10912","1","0"
"1193","On the Blade's Edge","14862","7/4","63189","","38662","27","10748","1","0"
"1194","Into the Nether","14862","0/0","63238","","38680","27","10409","1","0"
"1194","Into the Nether","14862","0/1","63239","","38681","27","10507","1","0"
"1194","Into the Nether","14862","1/0","63244","","38682","27","10257","1","0"
"1194","Into the Nether","14862","1/1","63245","","38683","27","10320","1","0"
"1194","Into the Nether","14862","1/2","63246","","38684","27","10223","1","0"
"1194","Into the Nether","14862","1/3","63247","","38685","27","10233","1","0"
"1194","Into the Nether","14862","1/4","63248","","38686","27","10240","1","0"
"1194","Into the Nether","14862","2/0","63249","","38690","27","10221","1","0"
"1194","Into the Nether","14862","3/0","63250","","38692","27","10249","1","0"
"1194","Into the Nether","14862","4/0","63251","","38687","27","10440","1","0"
"1194","Into the Nether","14862","4/1","63252","","38688","27","10274","1","0"
"1194","Into the Nether","14862","4/2","63253","","38689","27","10408","1","0"
"1194","Into the Nether","14862","4/3","63254","","38691","27","10276","1","0"
"1194","Into the Nether","14862","5/0","63660","","38945","27","10439","1","0"
"1195","Shadow of the Betrayer","14862","0/0","63266","","38693","27","10678","1","0"
"1195","Shadow of the Betrayer","14862","0/1","63267","","38694","27","10776","1","0"
"1195","Shadow of the Betrayer","14862","0/2","63268","","38695","27","10744","1","0"
"1195","Shadow of the Betrayer","14862","1/0","63269","","38696","27","10673","1","0"
"1195","Shadow of the Betrayer","14862","1/1","63270","","38697","27","10769","1","0"
"1195","Shadow of the Betrayer","14862","1/2","63271","","38698","27","10745","1","0"
"1195","Shadow of the Betrayer","14862","2/0/0","63273","","38699","27","10870","1","0"
"1195","Shadow of the Betrayer","14862","2/0/1","63274","","38700","27","10871","1","0"
"1195","Shadow of the Betrayer","14862","2/1","63275","","38701","27","11041","1","0"
"1195","Shadow of the Betrayer","14862","3/0","63276","","38702","27","10645","1","0"
"1195","Shadow of the Betrayer","14862","3/1","63277","","38703","27","10639","1","0"
"1195","Shadow of the Betrayer","14862","4/0","63278","","38704","27","10651","1","0"
"1195","Shadow of the Betrayer","14862","4/1","63279","","38705","27","10692","1","0"
"1195","Shadow of the Betrayer","14862","5/0","63280","","38706","27","11052","1","0"
"1195","Shadow of the Betrayer","14862","6/0","63281","","38707","27","10588","1","0"
"1195","Shadow of the Betrayer","14862","7/0","63282","","38708","27","10679","1","0"
"1195","Shadow of the Betrayer","14862","8/0","63283","","38709","27","10808","1","0"
"1258","Take a Chill Pill","14803","0","4074","Killed a Berserking Player","3879","70","0","1","0"
"1258","Take a Chill Pill","14803","1","60223","Killed a Berserking Player","37107","70","0","1","0"
"1262","Loremaster of Outland","14862","0/0","28108","","3883","8","1189","0","0"
"1262","Loremaster of Outland","14862","0/1","28109","","3915","8","1271","0","0"
"1262","Loremaster of Outland","14862","1","798","Mysteries of the Marsh","3884","8","1190","0","0"
"1262","Loremaster of Outland","14862","2/0","795","","3885","8","1191","0","0"
"1262","Loremaster of Outland","14862","2/1","799","","3917","8","1272","0","0"
"1262","Loremaster of Outland","14862","3/0","28111","","3886","8","1192","0","0"
"1262","Loremaster of Outland","14862","3/1","28112","","3918","8","1273","0","0"
"1262","Loremaster of Outland","14862","4","796","On the Blade's Edge","3887","8","1193","0","0"
"1262","Loremaster of Outland","14862","5","797","Into the Nether","3888","8","1194","0","0"
"1262","Loremaster of Outland","14862","6","794","Shadow of the Betrayer","3889","8","1195","0","0"
"1271","To Hellfire and Back","14862","0/0","62929","","38533","27","10388","1","0"
"1271","To Hellfire and Back","14862","1/0","62931","","38534","27","10136","1","0"
"1271","To Hellfire and Back","14862","1/1","62932","","38535","27","10389","1","0"
"1271","To Hellfire and Back","14862","2","62933","The Hand of Kargath","38536","27","10876","1","0"
"1271","To Hellfire and Back","14862","3/0","62935","","38537","27","10834","1","0"
"1271","To Hellfire and Back","14862","3/1","62936","","38538","27","10295","1","0"
"1271","To Hellfire and Back","14862","3/2","62937","","38539","27","10258","1","0"
"1271","To Hellfire and Back","14862","4","62938","The Mag'har","38540","27","9406","1","0"
"1271","To Hellfire and Back","14862","5/0","62940","","38541","27","9391","1","0"
"1271","To Hellfire and Back","14862","5/1","62941","","38542","27","9397","1","0"
"1271","To Hellfire and Back","14862","5/2","62942","","38543","27","9472","1","0"
"1271","To Hellfire and Back","14862","5/3","62943","","38544","27","9370","1","0"
"1271","To Hellfire and Back","14862","6/0","62945","","38545","27","9356","1","0"
"1271","To Hellfire and Back","14862","6/1","62946","","38546","27","9351","1","0"
"1271","To Hellfire and Back","14862","6/2","62947","","38548","27","10630","1","0"
"1271","To Hellfire and Back","14862","7/0","62949","","38549","27","10255","1","0"
"1271","To Hellfire and Back","14862","7/1","62950","","38550","27","10351","1","0"
"1272","Terror of Terokkar","14862","0/0","63119","","38603","27","10879","1","0"
"1272","Terror of Terokkar","14862","1/0","63121","","38604","27","10031","1","0"
"1272","Terror of Terokkar","14862","1/1","63122","","38605","27","10878","1","0"
"1272","Terror of Terokkar","14862","1/2","63123","","38606","27","10896","1","0"
"1272","Terror of Terokkar","14862","1/3","63124","","38607","27","10881","1","0"
"1272","Terror of Terokkar","14862","2/0","63126","","38608","27","10873","1","0"
"1272","Terror of Terokkar","14862","2/1","63127","","38609","27","10926","1","0"
"1272","Terror of Terokkar","14862","2/2","63128","","38610","27","10923","1","0"
"1272","Terror of Terokkar","14862","2/3","63129","","38611","27","10930","1","0"
"1272","Terror of Terokkar","14862","2/4","63130","","38612","27","10915","1","0"
"1272","Terror of Terokkar","14862","3/0","63134","","38614","27","10006","1","0"
"1272","Terror of Terokkar","14862","3/1","63135","","38615","27","9951","1","0"
"1272","Terror of Terokkar","14862","4/0","63137","","38616","27","10201","1","0"
"1272","Terror of Terokkar","14862","4/1","63138","","38617","27","10868","1","0"
"1272","Terror of Terokkar","14862","4/2","63139","","38618","27","9987","1","0"
"1272","Terror of Terokkar","14862","4/3","63140","","38619","27","10008","1","0"
"1272","Terror of Terokkar","14862","4/4","63141","","38620","27","10013","1","0"
"1272","Terror of Terokkar","14862","4/5","63142","","38621","27","10791","1","0"
"1272","Terror of Terokkar","14862","4/6","63143","","38622","27","10036","1","0"
"1272","Terror of Terokkar","14862","4/7","63144","","38623","27","10043","1","0"
"1273","Nagrand Slam","14862","0/0","63215","","38679","27","10172","1","0"
"1273","Nagrand Slam","14862","1/0","63217","","5798","27","9977","1","0"
"1273","Nagrand Slam","14862","2/0","63219","","38672","27","9862","1","0"
"1273","Nagrand Slam","14862","2/1","63220","","38673","27","9810","1","0"
"1273","Nagrand Slam","14862","2/2","63221","","38674","27","9853","1","0"
"1273","Nagrand Slam","14862","3/0","63223","","38678","27","9934","1","0"
"1273","Nagrand Slam","14862","4/0","63225","","38676","27","9866","1","0"
"1273","Nagrand Slam","14862","4/1","63226","","38677","27","9868","1","0"
"1273","Nagrand Slam","14862","5/0","63228","","38675","27","9937","1","0"
"1273","Nagrand Slam","14862","5/1","63229","","38668","27","10011","1","0"
"1273","Nagrand Slam","14862","6/0","63231","","2005","27","9852","1","0"
"1273","Nagrand Slam","14862","7/0","63234","","38670","27","9900","1","0"
"1273","Nagrand Slam","14862","7/1","63235","","38671","27","9925","1","0"
"1275","Bombs Away","14862","1","7348","Fires Over Skettis","3922","27","11008","1","0"
"1276","Blade's Edge Bomberman","14862","1","7621","Bomb Them Again!","3923","27","11023","1","0"
"1311","Medium Rare","14779","1","5009","Ambassador Jerrikar","4504","0","18695","1","0"
"1311","Medium Rare","14779","2","5010","Bog Lurker","4505","0","18682","1","0"
"1311","Medium Rare","14779","3","5019","Chief Engineer Lorthander","4506","0","18697","1","0"
"1311","Medium Rare","14779","4","5028","Coilfang Emissary","4507","0","18681","1","0"
"1311","Medium Rare","14779","5","5023","Collidus the Warp-Watcher","4508","0","18694","1","0"
"1311","Medium Rare","14779","6","5011","Crippler","4509","0","18689","1","0"
"1311","Medium Rare","14779","7","5026","Doomsayer Jurim","4510","0","18686","1","0"
"1311","Medium Rare","14779","8","5020","Ever-Core the Punisher","4511","0","18698","1","0"
"1311","Medium Rare","14779","9","5012","Fulgorge","4512","0","18678","1","0"
"1311","Medium Rare","14779","10","5024","Goretooth","4513","0","17144","1","0"
"1311","Medium Rare","14779","11","5013","Hemathion","4514","0","18692","1","0"
"1311","Medium Rare","14779","12","5025","Kraator","4515","0","18696","1","0"
"1311","Medium Rare","14779","13","5014","Marticar","4516","0","18680","1","0"
"1311","Medium Rare","14779","14","5021","Mekthorg the Wild","4517","0","18677","1","0"
"1311","Medium Rare","14779","15","5015","Morcrush","4518","0","18690","1","0"
"1311","Medium Rare","14779","16","5016","Nuramoc","4519","0","20932","1","0"
"1311","Medium Rare","14779","17","5022","Okrek","4520","0","18685","1","0"
"1311","Medium Rare","14779","18","5017","Speaker Mar'grom","4521","0","18693","1","0"
"1311","Medium Rare","14779","19","5027","Voidhunter Yar","4522","0","18683","1","0"
"1311","Medium Rare","14779","20","5018","Vorakem Doomspeaker","4523","0","18679","1","0"
"1312","Bloody Rare","14779","0","7953","Ambassador Jerrikar","4504","0","18695","1","0"
"1312","Bloody Rare","14779","1","7954","Bog Lurker","4505","0","18682","1","0"
"1312","Bloody Rare","14779","2","7963","Chief Engineer Lorthander","4506","0","18697","1","0"
"1312","Bloody Rare","14779","3","7972","Coilfang Emissary","4507","0","18681","1","0"
"1312","Bloody Rare","14779","4","7967","Collidus the Warp-Watcher","4508","0","18694","1","0"
"1312","Bloody Rare","14779","5","7955","Crippler","4509","0","18689","1","0"
"1312","Bloody Rare","14779","6","7970","Doomsayer Jurim","4510","0","18686","1","0"
"1312","Bloody Rare","14779","7","7964","Ever-Core the Punisher","4511","0","18698","1","0"
"1312","Bloody Rare","14779","8","7956","Fulgorge","4512","0","18678","1","0"
"1312","Bloody Rare","14779","9","7968","Goretooth","4513","0","17144","1","0"
"1312","Bloody Rare","14779","10","7957","Hemathion","4514","0","18692","1","0"
"1312","Bloody Rare","14779","11","7969","Kraator","4515","0","18696","1","0"
"1312","Bloody Rare","14779","12","7958","Marticar","4516","0","18680","1","0"
"1312","Bloody Rare","14779","13","7965","Mekthorg the Wild","4517","0","18677","1","0"
"1312","Bloody Rare","14779","14","7959","Morcrush","4518","0","18690","1","0"
"1312","Bloody Rare","14779","15","7960","Nuramoc","4519","0","20932","1","0"
"1312","Bloody Rare","14779","16","7966","Okrek","4520","0","18685","1","0"
"1312","Bloody Rare","14779","17","7961","Speaker Mar'grom","4521","0","18693","1","0"
"1312","Bloody Rare","14779","18","7971","Voidhunter Yar","4522","0","18683","1","0"
"1312","Bloody Rare","14779","19","7962","Vorakem Doomspeaker","4523","0","18679","1","0"
"1638","Skyshattered","14865","1","10339","Skyshatter Race","5815","27","11071","1","0"
"4908","Ghostlands Quests","14861","0/0","62781","","38437","27","9216","1","0"
"4908","Ghostlands Quests","14861","0/1","62782","","38438","27","9218","1","0"
"4908","Ghostlands Quests","14861","0/2","62783","","38439","27","9156","1","0"
"4908","Ghostlands Quests","14861","0/3","62784","","38440","27","9171","1","0"
"4908","Ghostlands Quests","14861","0/4","62785","","38441","27","9192","1","0"
"4908","Ghostlands Quests","14861","0/5","62786","","38442","27","9152","1","0"
"4908","Ghostlands Quests","14861","0/6","62787","","38443","27","9150","1","0"
"4908","Ghostlands Quests","14861","0/7","62788","","38444","27","9149","1","0"
"4908","Ghostlands Quests","14861","0/8","62789","","38445","27","9169","1","0"
"4908","Ghostlands Quests","14861","1/0","62791","","38446","27","9174","1","0"
"4908","Ghostlands Quests","14861","1/1","62792","","38447","27","9274","1","0"
"4908","Ghostlands Quests","14861","1/2","62793","","38448","27","9214","1","0"
"4908","Ghostlands Quests","14861","1/3","62794","","38449","27","9275","1","0"
"4908","Ghostlands Quests","14861","1/4","62795","","38450","27","9215","1","0"
"4908","Ghostlands Quests","14861","1/5","62796","","38451","27","9277","1","0"
"4908","Ghostlands Quests","14861","1/6","62797","","38452","27","9193","1","0"
"4908","Ghostlands Quests","14861","1/7","62798","","38453","27","9199","1","0"
"4908","Ghostlands Quests","14861","2/0","62800","","38454","27","9164","1","0"
"4908","Ghostlands Quests","14861","2/1","62801","","38455","27","9167","1","0"
"4908","Ghostlands Quests","14861","2/2","62802","","38456","27","9170","1","0"
"4908","Ghostlands Quests","14861","2/3","62803","","38457","27","9220","1","0"
"4926","Bloodmyst Isle Quests","15081","0/0","63309","","38726","27","9700","1","0"
"4926","Bloodmyst Isle Quests","15081","1/0","63311","","38727","27","9711","1","0"
"4926","Bloodmyst Isle Quests","15081","2/0","63313","","38728","27","9740","1","0"
"4926","Bloodmyst Isle Quests","15081","3/0","63315","","38729","27","9579","1","0"
"4926","Bloodmyst Isle Quests","15081","4/0","63317","","38730","27","10066","1","0"
"4926","Bloodmyst Isle Quests","15081","4/1","63318","","38731","27","10067","1","0"
"4926","Bloodmyst Isle Quests","15081","4/2","63319","","38732","27","10065","1","0"
"4926","Bloodmyst Isle Quests","15081","4/3","63320","","38733","27","9741","1","0"
"4926","Bloodmyst Isle Quests","15081","5/0","63321","","38736","27","9683","1","0"
"4926","Bloodmyst Isle Quests","15081","6/0","63324","","38735","27","9689","1","0"
"4926","Bloodmyst Isle Quests","15081","7/0","63326","","38737","27","9762","1","0"
