"status","release_decision","acquisition_expansion","unavailable","current_exists","official_guide_match","toy_id","item_id","original_item_id","name","source_patch","source_type_enum","flags","source_text"
"tbc_source_confirmed","include_tbc","the_burning_crusade","False","True","True","489","134021","30847","X-52 Rocket Helmet","2.0.1","1","0","|cFFFFD200Quest: |rBack to the Chief!|n|cFFFFD200Zone: |rNetherstorm"
"tbc_source_confirmed","include_tbc","the_burning_crusade","False","True","True","196","23767","23767","Crashin' Thrashin' Robot","2.0.5","3","0","|cFFFFD200Profession: |rEngineering"
"tbc_source_confirmed","include_tbc","the_burning_crusade","False","True","False","483","30542","30542","Dimensional Ripper - Area 52","2.0.5","3","2","|cFFFFD200Profession: |rEngineering"
"tbc_source_confirmed","include_tbc","the_burning_crusade","False","True","True","230","30690","30690","Power Converter","2.0.5","1","0","|cFFFFD200Quest: |rShow Them Gnome Mercy!|n|cFFFFD200Zone: |rBlade's Edge Mountains"
"tbc_source_confirmed","include_tbc","the_burning_crusade","False","True","False","481","30544","30544","Ultrasafe Transporter: Toshley's Station","2.0.5","3","2","|cFFFFD200Profession: |rEngineering"
"exclude_policy_external","exclude_policy_external","","False","True","False","214","32542","32542","Imp in a Ball","2.1.0","2","0","|cFFFFD200Black Market Auction House|r"
"exclude_policy_external","exclude_policy_external","","False","True","False","4","32566","32566","Picnic Basket","2.1.0","2","0","|cFFFFD200Black Market Auction House|r"
"exclude_policy_external","exclude_policy_external","","False","True","False","210","33219","33219","Goblin Gumbo Kettle","2.1.3","2","0","|cFFFFD200Black Market Auction House|r"
"exclude_policy_external","exclude_policy_external","","False","True","False","30","33079","33079","Murloc Costume","2.1.3","7","2",""
"tbc_source_confirmed","include_tbc","the_burning_crusade","False","True","False","193","33927","33927","Brewfest Pony Keg","2.2.0","6","0","|cFFFFD200Vendor: |rBrewfest Vendors|n|cFFFFD200Cost: |r100|TINTERFACE\ICONS\INV_MISC_COIN_01.BLP:0|t"
"exclude_policy_external","exclude_policy_external","","False","True","False","5","33223","33223","Fishing Chair","2.2.0","2","0","|cFFFFD200Black Market Auction House|r"
"tbc_source_confirmed","include_tbc","the_burning_crusade","False","True","True","99","32782","32782","Time-Lost Figurine","2.2.0","0","0","|cFFFFD200Drop: |rTerokk|n|cFFFFD200Zone: |rTerokkar Forest"
"exclude_policy_external","exclude_policy_external","","False","True","False","100","34499","34499","Paper Flying Machine Kit","2.3.0","2","0","|cFFFFD200Black Market Auction House|r"
"tbc_source_confirmed","include_tbc","the_burning_crusade","False","True","False","192","34686","34686","Brazier of Dancing Flames","2.4.0","6","0","|cFFFFD200Vendor: |rMidsummer Merchant|n|cFFFFD200Zone: |rCapital Cities|n|cFFFFD200Cost: |r300|TINTERFACE\ICONS\INV_SUMMERFEST_FIREFLOWER.BLP:0|t|n|n"
"exclude_policy_external","exclude_policy_external","","False","True","False","253","35227","35227","Goblin Weather Machine - Prototype 01-B","2.4.0","2","0","|cFFFFD200Black Market Auction House|r"
"tbc_source_confirmed","include_tbc","the_burning_crusade","False","True","True","227","35275","35275","Orb of the Sin'dorei","2.4.0","0","0","|cFFFFD200Drop: |rWorld Drop"
"tbc_source_confirmed","include_tbc","the_burning_crusade","False","True","False","9","34480","34480","Romantic Picnic Basket","2.4.0","6","0","|cFFFFD200Holiday: |rLove is in the Air|n|cFFFFD200Vendor: |rLovely Merchant|n|cFFFFD200Zone: |rCapital Cities|n|cFFFFD200Cost: |r10|TINTERFACE\ICONS\INV_VALENTINESCARD01.BLP:0|t|n|n"
"exclude_policy_external","exclude_policy_external","","False","True","False","102","38301","38301","D.I.S.C.O.","2.4.2","7","0","|cFFFFD200Promotion|r"
"tbc_source_confirmed","include_tbc","the_burning_crusade","False","True","False","195","37710","37710","Crashin' Thrashin' Racer Controller","2.4.3","6","0","|cFFFFD200World Event: |rFeast of Winter Veil"
"exclude_cross_expansion","exclude_cross_expansion","cataclysm","False","True","False","1691","64457","64457","The Last Relic of Argus","4.0.3","3","0","|cFFFFD200Profession: |rArchaeology"
"tbc_source_confirmed","include_tbc","the_burning_crusade","False","True","False","529","136935","136935","Tadpole Cloudseeder","7.0.3","-1","2","|cFFFFD200Vendor:|r Elementalist Sharvak / Flamesmith Lanying|n|cFFFFD200Class:|r Shaman"
"tbc_source_confirmed","include_tbc","the_burning_crusade","False","True","False","528","136934","136934","Raging Elemental Stone","7.0.3","-1","2","|cFFFFD200Vendor:|r Elementalist Sharvak / Flamesmith Lanying|n|cFFFFD200Class:|r Shaman"
"tbc_source_confirmed","include_tbc","the_burning_crusade","False","True","True","646","151184","151184","Verdant Throwing Sphere","7.3.0","2","0","|cFFFFD200Vendor: |rCupri|n|cFFFFD200Zone: |rShattrath City|n|cFFFFD200Cost: |r500|Hcurrency:1166|h|TInterface\ICONS\PVECurrency-Justice.blp:0|t|h"
"exclude_cross_expansion","exclude_cross_expansion","cataclysm","False","True","False","120","64456","64456","Arrival of the Naaru","4.0.3","3","0","|cFFFFD200Profession: |rArchaeology"
"tbc_source_confirmed","include_tbc","the_burning_crusade","False","True","True","431","129926","129926","Mark of the Ashtongue","6.2.3","-1","0","|cFFFFD200Vendor: |rCupri|n|cFFFFD200Zone: |rShattrath|n"
"tbc_source_confirmed","include_tbc","the_burning_crusade","False","True","False","502","134004","134004","Noble's Eternal Elementium Signet","7.0.3","2","0","|cFFFFD200Vendor: |rHaris Pilton|n|cFFFFD200Zone: |rTerokkar Forest|n|cFFFFD200Cost: |r3000|TINTERFACE\MONEYFRAME\UI-GOLDICON.BLP:0|t"
"tbc_source_confirmed","include_tbc","the_burning_crusade","False","True","True","487","134019","134019","Don Carlos' Famous Hat","7.0.3","0","0","|cFFFFD200Drop: |rDon Carlos|n|cFFFFD200Zone: |rOld Hillsbrad Foothills"
"tbc_source_confirmed","include_tbc","the_burning_crusade","False","True","False","530","136937","136937","Vol'jin's Serpent Totem","7.0.3","-1","2","|cFFFFD200Vendor:|r Elementalist Sharvak / Flamesmith Lanying|n|cFFFFD200Class:|r Shaman"
"tbc_source_confirmed","include_tbc","the_burning_crusade","False","True","False","539","138490","138490","Waterspeaker's Totem","7.0.3","-1","2","|cFFFFD200Vendor:|r Elementalist Sharvak / Flamesmith Lanying|n|cFFFFD200Class:|r Shaman"
"tbc_source_confirmed","include_tbc","the_burning_crusade","False","True","True","436","129929","129929","Ever-Shifting Mirror","6.2.3","2","0","|cFFFFD200Vendor: |rCupri|n|cFFFFD200Zone: |rShattrath City|n|cFFFFD200Cost: |r500|TInterface\Icons\pvecurrency-justice.BLP:0|t"
"tbc_source_confirmed","include_tbc","the_burning_crusade","False","True","True","640","151016","151016","Fractured Necrolyte Skull","7.3.0","2","0","|cFFFFD200Vendor: |rCupri|n|cFFFFD200Zone: |rShattrath City|n|cFFFFD200Cost: |r750|Hcurrency:1166|h|TInterface\ICONS\PVECurrency-Justice.blp:0|t|h"
"tbc_source_confirmed","include_tbc","the_burning_crusade","False","True","True","501","134007","134007","Eternal Black Diamond Ring","7.0.3","2","0","|cFFFFD200Vendor: |rHaris Pilton|n|cFFFFD200Zone: |rTerokkar Forest|n|cFFFFD200Cost: |r5000|TINTERFACE\MONEYFRAME\UI-GOLDICON.BLP:0|t"
