"decor_id","catalog_name","catalog_scope","status","acquisition_expansion","source_kind","source_text","achievement_ids","quest_ids","npc_ids","source_spell_ids","currency_ids","source_item_ids","decor_spell_id","item_id","classification_note","acquisition_source_url"
"126","Rolled Scroll","wod_theme","acquisition_midnight_confirmed","midnight","vendor","Sources Vendor: Sergeant Crowler (Lunarfall) Copy Waypoint","","","88223","","","","1238355","245275","Displayed acquisition belongs to midnight content, not Warlords of Draenor","https://housing.wowdb.com/decor/126/rolled-scroll-126/"
"519","Orcish Wooden Bench","wod_theme","catalog_hidden_unobtainable","","drop","","","","","","","","1238562","245430","No current acquisition source is displayed","https://housing.wowdb.com/decor/519/orcish-wooden-bench-519/"
"749","Hungry Human's Platter","wod_theme","acquisition_wod_confirmed","wod","crafted","Sources Crafting: Cooking (Food of Draenor) Reagents Required: 5× Perfect Preservatives 8× Shadowmoon Lumber 5× Telmor-Aruuna Hard Cheese 5× Blackrock Barbecue 10× True Iron Ore Profession: Draenor Cooking (80)","","","","1266560;1260337","","259894;251766;115352;111449;109119","1238560","245428","Displayed acquisition uses Warlords of Draenor content","https://housing.wowdb.com/decor/749/hungry-humans-platter-749/"
"750","Tirisgarde Book Tempest","wod_theme","acquisition_legion_confirmed","legion","achievement","Sources Achievement: The Archmage's Campaign Requirement: The The Archmage's Campaign Achievement must be completed to unlock or purchase this item for your housing collection. Vendor: Jackson Watkins A H (Hall of the Guardian) 1500 Order Resources Legion Copy Waypoint","42274","","112440","","1220","","1238561","245429","Displayed acquisition belongs to legion content, not Warlords of Draenor","https://housing.wowdb.com/decor/750/tirisgarde-book-tempest-750/"
"751","Wooden Mug","wod_theme","acquisition_wod_confirmed","wod","vendor","Sources Vendor: Peter A (Lunarfall) 50 & 100 Garrison Resources Warlords of Draenor Copy Waypoint Vendor: Vora Strongarm (Frostwall) 50 & 100 Garrison Resources Warlords of Draenor Copy Waypoint","","","88220;87312","","824","","1227826","239162","Displayed acquisition uses Warlords of Draenor content","https://housing.wowdb.com/decor/751/wooden-mug-751/"
"925","Elodor Barrel","wod_theme","acquisition_wod_confirmed","wod","quest","Sources Quest: Missive: Assault on Shattrath Harbor Requirement: Complete this quest to unlock this item for your housing collection.","","38201","","","","","1230952","241043","Displayed acquisition uses Warlords of Draenor content","https://housing.wowdb.com/decor/925/elodor-barrel-925/"
"926","Argussian Crate","wod_theme","acquisition_legion_confirmed","legion","drop","Sources Drop: World Creatures Encounter: Seat of the Triumvirate - L'ura (The Seat of the Triumvirate)","","","","","","","1230953","241044","Displayed acquisition belongs to legion content, not Warlords of Draenor","https://housing.wowdb.com/decor/926/argussian-crate-926/"
"927","Spherical Draenic Topiary","wod_theme","acquisition_wod_confirmed","wod","vendor","Sources Vendor: Vindicator Nuurem A (Stormshield) 250 Garrison Resources Council of Exarchs (Friendly) • Warlords of Draenor Requirement: Reach Friendly with Council of Exarchs to unlock this item for your housing collection. Copy Waypoint","","","85932","","824","","1238553","245423","Displayed acquisition uses Warlords of Draenor content","https://housing.wowdb.com/decor/927/spherical-draenic-topiary-927/"
"928","Hanging Draenethyst Light","wod_theme","acquisition_wod_confirmed","wod","quest","Sources Quest: The Dark Heart of Oshu'gun (Nagrand) Requirement: Complete this quest to unlock this item for your housing collection. Vendor: Trader Caerel A (Stormshield) 300 & 500 Apexis Crystal Warlords of Draenor Requires quest ""The Dark Heart of Oshu'gun"" Copy Waypoint","","35396","85950","","823","","1238557","245425","Displayed acquisition uses Warlords of Draenor content","https://housing.wowdb.com/decor/928/hanging-draenethyst-light-928/"
"929","Karabor Bed","wod_theme","acquisition_wod_confirmed","wod","crafted","Sources Crafting: Tailoring (Draenor Patterns) Reagents Required: 35× Shadowmoon Lumber 12× Cerulean Pigment 50× Sumptuous Fur Profession: Draenor Tailoring (80)","","","","1261232","","251766;114931;111557","1238551","245421","Displayed acquisition uses Warlords of Draenor content","https://housing.wowdb.com/decor/929/karabor-bed-929/"
"930","Draenic Bookcase","wod_theme","acquisition_legion_confirmed","legion","quest","Sources Quest: A Non-Prophet Organization (Krokuun, Eredath) Requirement: Complete this quest to unlock this item for your housing collection. Vendor: Toraan the Revered H (The Vindicaar) 640 Argussian Reach • Legion Copy Waypoint","","47691","127151","","","","1238552","245422","Displayed acquisition belongs to legion content, not Warlords of Draenor","https://housing.wowdb.com/decor/930/draenic-bookcase-930/"
"931","Draenic Storage Chest","wod_theme","acquisition_wod_confirmed","wod","vendor","Sources Vendor: Maaria A (Lunarfall) 500 & 1000 Apexis Crystal Warlords of Draenor Copy Waypoint","","","85427","","823","","1238556","245424","Displayed acquisition uses Warlords of Draenor content","https://housing.wowdb.com/decor/931/draenic-storage-chest-931/"
"1118","Dark Iron Expedition Tent","wod_theme","acquisition_bfa_confirmed","bfa","quest","Sources Quest: Dark Iron Dwarves (Stormwind City, Blackrock Depths) Requirement: Complete this quest to unlock this item for your housing collection. Vendor: Dedric Sleetshaper A (Dun Morogh) 1200 Vanilla Copy Waypoint","","53566","253235","","","","1238559","245427","Displayed acquisition belongs to bfa content, not Warlords of Draenor","https://housing.wowdb.com/decor/1118/dark-iron-expedition-tent-1118/"
"1216","Dark Iron Brazier","wod_theme","acquisition_cata_confirmed","cata","achievement","Sources Achievement: Kings Under the Mountain Requirement: The Kings Under the Mountain Achievement must be completed to unlock or purchase this item for your housing collection. Vendor: Dedric Sleetshaper A (Dun Morogh) 700 Vanilla Achievement: ""Kings under the Mountain"" Copy Waypoint","4859","","253235","","","","1238558","245426","Displayed acquisition belongs to cata content, not Warlords of Draenor","https://housing.wowdb.com/decor/1216/dark-iron-brazier-1216/"
"1315","Shadowforge Wooden Box","wod_theme","acquisition_cata_confirmed","cata","quest","Sources Quest: The Mountain-Lord's Support (Searing Gorge) Requirement: Complete this quest to unlock this item for your housing collection. Vendor: Master Smith Burninate H (Searing Gorge) 150 Vanilla Quest: ""The Mountain-Lord's Support"" Copy Waypoint","","28035","14624","","","","1238433","245333","Displayed acquisition belongs to cata content, not Warlords of Draenor","https://housing.wowdb.com/decor/1315/shadowforge-wooden-box-1315/"
"1317","Draenor Cookpot","wod_theme","acquisition_wod_confirmed","wod","vendor","Sources Vendor: Kil'rip H (Frostwall) 500 & 1000 Apexis Crystal Laughing Skulls (Friendly) • Warlords of Draenor Requirement: Reach Friendly with Laughing Skulls to unlock this item for your housing collection. Copy Waypoint","","","87015","","823","","1238563","245431","Displayed acquisition uses Warlords of Draenor content","https://housing.wowdb.com/decor/1317/draenor-cookpot-1317/"
"1318","Frostwolf Bookcase","wod_theme","acquisition_wod_confirmed","wod","vendor","Sources Quest: Last Steps (Frostfire Ridge) Requirement: Complete this quest to unlock this item for your housing collection. Vendor: Sergeant Grimjaw H (Frostwall) 240 & 500 Garrison Resources Warlords of Draenor Copy Waypoint","","","79774","","824","","1238570","245438","Displayed acquisition uses Warlords of Draenor content","https://housing.wowdb.com/decor/1318/frostwolf-bookcase-1318/"
"1319","Durotar Signal Brazier","wod_theme","catalog_hidden_unobtainable","","drop","","","","","","","","1238571","245439","No current acquisition source is displayed","https://housing.wowdb.com/decor/1319/durotar-signal-brazier-1319/"
"1320","Durotar Hanging Brazier","wod_theme","catalog_hidden_unobtainable","","drop","","","","","","","","1238573","245440","No current acquisition source is displayed","https://housing.wowdb.com/decor/1320/durotar-hanging-brazier-1320/"
"1321","Blackrock Bunkbed","wod_theme","acquisition_wod_confirmed","wod","crafted","Sources Crafting: Leatherworking (Draenor Patterns) Reagents Required: 40× Shadowmoon Lumber 5× Primal Spirit 15× Sumptuous Fur 45× Raw Beast Hide 20× True Iron Ore Profession: Draenor Leatherworking (80)","","","","1261081;1261122","","251766;120945;111557;110609;109119","1238564","245432","Displayed acquisition uses Warlords of Draenor content","https://housing.wowdb.com/decor/1321/blackrock-bunkbed-1321/"
"1322","Blackrock Strongbox","wod_theme","acquisition_wod_confirmed","wod","vendor","Sources Vendor: Kil'rip H (Frostwall) 500 & 1000 Apexis Crystal Laughing Skulls (Friendly) • Warlords of Draenor Requirement: Reach Friendly with Laughing Skulls to unlock this item for your housing collection. Copy Waypoint","","","87015","","823","","1238565","245433","Displayed acquisition uses Warlords of Draenor content","https://housing.wowdb.com/decor/1322/blackrock-strongbox-1322/"
"1323","Orgrimmar Sconce","wod_theme","acquisition_wod_confirmed","wod","drop","Sources Encounter: Iron Docks - Skulloc (Iron Docks)","","","","","","","1238566","245434","Displayed acquisition uses Warlords of Draenor content","https://housing.wowdb.com/decor/1323/orgrimmar-sconce-1323/"
"1324","Horde Battle Emblem","wod_theme","acquisition_wod_confirmed","wod","drop","Sources Encounter: Upper Blackrock Spire - Warlord Zaela","","","","","","","1238567","245435","Displayed acquisition uses Warlords of Draenor content","https://housing.wowdb.com/decor/1324/horde-battle-emblem-1324/"
"1325","Blackrock Weapon Rack","wod_theme","acquisition_wod_confirmed","wod","crafted","Sources Crafting: Blacksmithing (Draenor Plans) Reagents Required: 40× Shadowmoon Lumber 5× Savage Blood 15× Raw Beast Hide 30× Blackrock Ore Profession: Draenor Blacksmithing (80)","","","","1260988","","251766;118472;110609;109118","1238568","245436","Displayed acquisition uses Warlords of Draenor content","https://housing.wowdb.com/decor/1325/blackrock-weapon-rack-1325/"
"1326","Orc-Forged Weaponry","wod_theme","acquisition_wod_confirmed","wod","vendor","Sources Vendor: Moz'def H (Frostwall) 75 Iron Horde Scraps Warlords of Draenor Copy Waypoint","","","79812","","","113681","1238569","245437","Displayed acquisition uses Warlords of Draenor content","https://housing.wowdb.com/decor/1326/orc-forged-weaponry-1326/"
"1351","Orcish Fencepost","wod_theme","acquisition_wod_confirmed","wod","crafted","Sources Crafting: Inscription (Draenor Inscription) Reagents Required: 10× Shadowmoon Lumber 4× Sorcerous Earth 10× True Iron Ore Profession: Draenor Inscription (80)","","","","1269501;1269500;1260044;1260508","","251766;113263;109119","1238574","245441","Displayed acquisition uses Warlords of Draenor content","https://housing.wowdb.com/decor/1351/orcish-fencepost-1351/"
"1352","Warsong Footrest","wod_theme","acquisition_wod_confirmed","wod","vendor","Sources Vendor: Moz'def H (Frostwall) 100 Garrison Resources Warlords of Draenor Copy Waypoint","","","79812","","824","","1238575","245442","Displayed acquisition uses Warlords of Draenor content","https://housing.wowdb.com/decor/1352/warsong-footrest-1352/"
"1353","Frostwolf Round Table","wod_theme","acquisition_wod_confirmed","wod","quest","Sources Quest: Establish Your Garrison (Frostfire Ridge, Frostwall) Requirement: Complete this quest to unlock this item for your housing collection. Vendor: Sergeant Grimjaw H (Frostwall) 160 & 300 Garrison Resources Warlords of Draenor Copy Waypoint","","34586","79774","","824","","1238576","245443","Displayed acquisition uses Warlords of Draenor content","https://housing.wowdb.com/decor/1353/frostwolf-round-table-1353/"
"1354","Orcish Communal Stove","wod_theme","acquisition_wod_confirmed","wod","vendor","Sources Vendor: Krixel Pinchwhistle H (Lunarfall) 250 Garrison Resources Warlords of Draenor Copy Waypoint","","","86779","","824","","1238577","245444","Displayed acquisition uses Warlords of Draenor content","https://housing.wowdb.com/decor/1354/orcish-communal-stove-1354/"
"1355","Frostwolf Axe-Dart Board","wod_theme","acquisition_wod_confirmed","wod","vendor","Sources Vendor: Krixel Pinchwhistle H (Lunarfall) 150 Garrison Resources Warlords of Draenor Copy Waypoint","","","86779","","824","","1238578","245445","Displayed acquisition uses Warlords of Draenor content","https://housing.wowdb.com/decor/1355/frostwolf-axe-dart-board-1355/"
"1405","Orcish Fence","wod_theme","acquisition_wod_confirmed","wod","crafted","Sources Crafting: Inscription (Draenor Inscription) Reagents Required: 15× Shadowmoon Lumber 8× Sorcerous Earth 10× Sumptuous Fur 15× True Iron Ore Profession: Draenor Inscription (80)","","","","1269500;1269501;1260005;1260564","","251766;113263;111557;109119","1236854","244313","Displayed acquisition uses Warlords of Draenor content","https://housing.wowdb.com/decor/1405/orcish-fence-1405/"
"1406","Frostwall Architect's Table","wod_theme","acquisition_wod_confirmed","wod","crafted","Sources Crafting: Engineering (Draenor Engineering) Reagents Required: 25× Shadowmoon Lumber 5× Cerulean Pigment 15× True Iron Ore 10× Blackrock Ore 2× Light Parchment Profession: Draenor Engineering (80)","","","","1261027","","251766;114931;109119;109118;39354","1236855","244314","Displayed acquisition uses Warlords of Draenor content","https://housing.wowdb.com/decor/1406/frostwall-architects-table-1406/"
"1407","Orcish Warlord's Planning Table","wod_theme","acquisition_wod_confirmed","wod","quest","Sources Quest: My Very Own Fortress (Frostfire Ridge, Frostwall) Requirement: Complete this quest to unlock this item for your housing collection. Vendor: Sergeant Grimjaw H (Frostwall) 1500 Garrison Resources Warlords of Draenor Copy Waypoint","","36614","79774","","824","","1236856","244315","Displayed acquisition uses Warlords of Draenor content","https://housing.wowdb.com/decor/1407/orcish-warlords-planning-table-1407/"
"1408","Warsong Workbench","wod_theme","acquisition_wod_confirmed","wod","quest","Sources Quest: Things Are Not Goren Our Way (Frostwall) Requirement: Complete this quest to unlock this item for your housing collection. Vendor: Sergeant Grimjaw H (Frostwall) 160 & 300 Garrison Resources Warlords of Draenor Copy Waypoint","","34192","79774","","824","","1236857","244316","Displayed acquisition uses Warlords of Draenor content","https://housing.wowdb.com/decor/1408/warsong-workbench-1408/"
"1409","Orcish Banded Barrel","wod_theme","acquisition_wod_confirmed","wod","crafted","Sources Crafting: Inscription (Draenor Inscription) Reagents Required: 6× Shadowmoon Lumber 6× Cerulean Pigment 4× Sorcerous Earth 8× Blackrock Ore Profession: Draenor Inscription","","","","1261066;1261045","","251766;114931;113263;109118","1236858","244317","Displayed acquisition uses Warlords of Draenor content","https://housing.wowdb.com/decor/1409/orcish-banded-barrel-1409/"
"1410","Wine Barrel","wod_theme","acquisition_wod_confirmed","wod","crafted","Sources Crafting: Alchemy (Draenor Alchemy) Reagents Required: 16× Shadowmoon Lumber 6× Gorgrond Grapes 6× Sorcerous Water 10× Alchemical Catalyst Profession: Draenor Alchemy (80)","","","","1260985","","251766;117454;113262;108996","1236859","244318","Displayed acquisition uses Warlords of Draenor content","https://housing.wowdb.com/decor/1410/wine-barrel-1410/"
"1411","Wooden Shipping Crate","wod_theme","acquisition_wod_confirmed","wod","crafted","Sources Crafting: Inscription (Draenor Inscription) Reagents Required: 8× Shadowmoon Lumber 10× Cerulean Pigment 6× Sorcerous Earth 12× Blackrock Ore Profession: Draenor Inscription (80)","","","","1261045;1261066","","251766;114931;113263;109118","1236860","244319","Displayed acquisition uses Warlords of Draenor content","https://housing.wowdb.com/decor/1411/wooden-shipping-crate-1411/"
"1412","Youngling's Courser Toys","wod_theme","acquisition_wod_confirmed","wod","vendor","Sources Quest: Pool of Visions (Frostfire Ridge) Requirement: Complete this quest to unlock this item for your housing collection. Vendor: Sergeant Grimjaw H (Frostwall) 40 & 100 Garrison Resources Warlords of Draenor Copy Waypoint","","","79774","","824","","1236861","244320","Displayed acquisition uses Warlords of Draenor content","https://housing.wowdb.com/decor/1412/younglings-courser-toys-1412/"
"1413","Orcish Lumberjack's Stool","wod_theme","acquisition_wod_confirmed","wod","vendor","Sources Vendor: Krixel Pinchwhistle H (Lunarfall) 100 Garrison Resources Warlords of Draenor Copy Waypoint","","","86779","","824","","1236862","244321","Displayed acquisition uses Warlords of Draenor content","https://housing.wowdb.com/decor/1413/orcish-lumberjacks-stool-1413/"
"1414","Frostwolf Banded Stool","wod_theme","acquisition_wod_confirmed","wod","vendor","Sources Vendor: Krixel Pinchwhistle H (Lunarfall) 100 Garrison Resources Warlords of Draenor Copy Waypoint","","","86779","","824","","1236863","244322","Displayed acquisition uses Warlords of Draenor content","https://housing.wowdb.com/decor/1414/frostwolf-banded-stool-1414/"
"1415","Orcish Sleeping Cot","wod_theme","acquisition_wod_confirmed","wod","crafted","Sources Crafting: Leatherworking (Draenor Patterns) Reagents Required: 22× Shadowmoon Lumber 30× Raw Beast Hide 15× True Iron Ore Profession: Draenor Leatherworking (80)","","","","1261122;1261081","","251766;110609;109119","1236864","244323","Displayed acquisition uses Warlords of Draenor content","https://housing.wowdb.com/decor/1415/orcish-sleeping-cot-1415/"
"1416","Peon's Work Bucket","wod_theme","acquisition_wod_confirmed","wod","vendor","Sources Vendor: Supplymaster Eri H (Frostwall) 150 Garrison Resources Warlords of Draenor Copy Waypoint","","","76872","","824","","1236865","244324","Displayed acquisition uses Warlords of Draenor content","https://housing.wowdb.com/decor/1416/peons-work-bucket-1416/"
"1443","Orcish Scribe's Drafting Table","wod_theme","acquisition_wod_confirmed","wod","quest","Sources Quest: Bigger is Better (Frostfire Ridge, Frostwall) Requirement: Complete this quest to unlock this item for your housing collection. Vendor: Sergeant Grimjaw H (Frostwall) 160 & 300 Garrison Resources Warlords of Draenor Copy Waypoint","","36592","79774","","824","","1237782","244653","Displayed acquisition uses Warlords of Draenor content","https://housing.wowdb.com/decor/1443/orcish-scribes-drafting-table-1443/"
"1725","Frostwall Elevated Brazier","wod_theme","acquisition_wod_confirmed","wod","crafted","Sources Crafting: Inscription (Draenor Inscription) Reagents Required: 25× Shadowmoon Lumber 10× Savage Blood 6× Sorcerous Fire 20× True Iron Ore Profession: Draenor Inscription (80)","","","","1261032","","251766;118472;113261;109119","1238752","245534","Displayed acquisition uses Warlords of Draenor content","https://housing.wowdb.com/decor/1725/frostwall-elevated-brazier-1725/"
"1791","Frostwall Forge","wod_theme","acquisition_wod_confirmed","wod","crafted","Sources Crafting: Blacksmithing (Draenor Plans) Reagents Required: 45× Shadowmoon Lumber 5× Primal Spirit 25× Sorcerous Fire 50× True Iron Ore 25× Blackrock Ore Profession: Draenor Blacksmithing (80)","","","","1260987","","251766;120945;113261;109119;109118","1239337","245600","Displayed acquisition uses Warlords of Draenor content","https://housing.wowdb.com/decor/1791/frostwall-forge-1791/"
"1792","Ancestral Signal Brazier","wod_theme","acquisition_wod_confirmed","wod","crafted","Sources Crafting: Enchanting (Draenor Enchanting) Reagents Required: 30× Shadowmoon Lumber 12× Temporal Crystal 4× Sorcerous Earth 8× Sorcerous Fire Profession: Draenor Enchanting (80)","","","","1260990","","251766;113588;113263;113261","1239338","245601","Displayed acquisition uses Warlords of Draenor content","https://housing.wowdb.com/decor/1792/ancestral-signal-brazier-1792/"
"2322","Gnomish T.O.O.L.B.O.X.","wod_theme","acquisition_bfa_confirmed","bfa","achievement","Sources Achievement: M.C., Hammered Requirement: The M.C., Hammered Achievement must be completed to unlock or purchase this item for your housing collection. Vendor: Stolen Royal Vendorbot (Mechagon) 5 Community Coupons Rustbolt Resistance • Battle for Azeroth Copy Waypoint","13723","","150716","","3363","","1242327","246479","Displayed acquisition belongs to bfa content, not Warlords of Draenor","https://housing.wowdb.com/decor/2322/gnomish-toolbox-2322/"
"2323","Automated Gnomeregan Guardian","wod_theme","acquisition_bfa_confirmed","bfa","vendor","Sources Vendor: Stolen Royal Vendorbot (Mechagon) 800 & 5 Chain Ignitercoil & 5 Galvanic Oscillator Rustbolt Resistance (Exalted) • Battle for Azeroth Requirement: Reach Exalted with Rustbolt Resistance to unlock this item for your housing collection. Copy Waypoint","","","150716","","","168327;168832","1242328","246480","Displayed acquisition belongs to bfa content, not Warlords of Draenor","https://housing.wowdb.com/decor/2323/automated-gnomeregan-guardian-2323/"
"2513","Tome of Draenei Faith","wod_theme","acquisition_midnight_confirmed","midnight","vendor","Sources Vendor: Lonalo H (Orgrimmar) 2000 Copy Waypoint Vendor: Solelo A (Stormwind City) 2000 Copy Waypoint","","","256119;256071","","","","1244119","246847","Displayed acquisition belongs to midnight content, not Warlords of Draenor","https://housing.wowdb.com/decor/2513/tome-of-draenei-faith-2513/"
"2514","Scribe's Working Notes","wod_theme","acquisition_midnight_confirmed","midnight","vendor","Sources Vendor: Lonalo H (Orgrimmar) 2000 Copy Waypoint Vendor: Solelo A (Stormwind City) 2000 Copy Waypoint","","","256119;256071","","","","1244120","246848","Displayed acquisition belongs to midnight content, not Warlords of Draenor","https://housing.wowdb.com/decor/2514/scribes-working-notes-2514/"
"3835","Gate of the Apexis","wod_theme","catalog_hidden_unobtainable","","drop","","","","","","","","1245021","247665","No current acquisition source is displayed","https://housing.wowdb.com/decor/3835/gate-of-the-apexis-3835/"
"3896","Horde Battlefield Banner","wod_theme","acquisition_wrath_confirmed","wrath","achievement","Sources Achievement: Overly Defensive Requirement: The Overly Defensive Achievement must be completed to unlock or purchase this item for your housing collection. Vendor: Joruh H (Orgrimmar) 600 Honor","1153","","254606","","1792","","1245256","247759","Displayed acquisition belongs to wrath content, not Warlords of Draenor","https://housing.wowdb.com/decor/3896/horde-battlefield-banner-3896/"
"3897","Fortified Horde Banner","wod_theme","acquisition_wrath_confirmed","wrath","achievement","Sources Achievement: Tower Defense Requirement: The Tower Defense Achievement must be completed to unlock or purchase this item for your housing collection. Vendor: Joruh H (Orgrimmar) 1200 Honor","222","","254606","","1792","","1245257","247760","Displayed acquisition belongs to wrath content, not Warlords of Draenor","https://housing.wowdb.com/decor/3897/fortified-horde-banner-3897/"
"3898","Uncontested Battlefield Banner","wod_theme","acquisition_wrath_confirmed","wrath","achievement","Sources Achievement: Storm Capper Requirement: The Storm Capper Achievement must be completed to unlock or purchase this item for your housing collection. Vendor: Joruh H (Orgrimmar) 400 Honor Copy Waypoint Vendor: Riica A (Stormwind City) 400 Honor Copy Waypoint","212","","254606;254603","","1792","","1245258","247761","Displayed acquisition belongs to wrath content, not Warlords of Draenor","https://housing.wowdb.com/decor/3898/uncontested-battlefield-banner-3898/"
"3900","Berserker's Empowerment","wod_theme","acquisition_midnight_confirmed","midnight","achievement","Sources Achievement: Entering Battle Requirement: The Entering Battle Achievement must be completed to unlock or purchase this item for your housing collection. Vendor: Joruh H (Orgrimmar) 5 Mark of Honor Copy Waypoint Vendor: Riica A (Stormwind City) 5 Mark of Honor Copy Waypoint","61683","","254606;254603","","","137642","1245260","247763","Displayed acquisition belongs to midnight content, not Warlords of Draenor","https://housing.wowdb.com/decor/3900/berserkers-empowerment-3900/"
"3902","Healer's Empowerment","wod_theme","acquisition_midnight_confirmed","midnight","achievement","Sources Achievement: Champion in Battle Requirement: The Champion in Battle Achievement must be completed to unlock or purchase this item for your housing collection. Vendor: Joruh H (Orgrimmar) 5 Mark of Honor Copy Waypoint Vendor: Riica A (Stormwind City) 5 Mark of Honor Copy Waypoint","61687","","254606;254603","","","137642","1245262","247765","Displayed acquisition belongs to midnight content, not Warlords of Draenor","https://housing.wowdb.com/decor/3902/healers-empowerment-3902/"
"3903","Runner's Empowerment","wod_theme","acquisition_midnight_confirmed","midnight","achievement","Sources Achievement: Master in Battle Requirement: The Master in Battle Achievement must be completed to unlock or purchase this item for your housing collection. Vendor: Joruh H (Orgrimmar) 5 Mark of Honor Copy Waypoint Vendor: Riica A (Stormwind City) 5 Mark of Honor Copy Waypoint","61688","","254606;254603","","","137642","1245263","247766","Displayed acquisition belongs to midnight content, not Warlords of Draenor","https://housing.wowdb.com/decor/3903/runners-empowerment-3903/"
"3905","Guardian's Empowerment","wod_theme","acquisition_midnight_confirmed","midnight","achievement","Sources Achievement: Progressing in Battle Requirement: The Progressing in Battle Achievement must be completed to unlock or purchase this item for your housing collection. Vendor: Joruh H (Orgrimmar) 5 Mark of Honor Copy Waypoint Vendor: Riica A (Stormwind City) 5 Mark of Honor Copy Waypoint","61684","","254606;254603","","","137642","1245265","247768","Displayed acquisition belongs to midnight content, not Warlords of Draenor","https://housing.wowdb.com/decor/3905/guardians-empowerment-3905/"
"4401","Stormwind Footlocker","wod_theme","acquisition_cata_confirmed","cata","drop","Sources Drop: Deadmines Encounter: Deadmines - Vanessa VanCleef","","","","","","","1246969","248332","Displayed acquisition belongs to cata content, not Warlords of Draenor","https://housing.wowdb.com/decor/4401/stormwind-footlocker-4401/"
"4402","Stormwind Large Wooden Table","wod_theme","acquisition_vanilla_confirmed","vanilla","vendor","Sources Vendor: Captain Lancy Revshon A (Stormwind City) 95 Stormwind (Honored) • Vanilla Requirement: Reach Honored with Stormwind to unlock this item for your housing collection. Copy Waypoint","","","49877","","","","1246970","248333","Displayed acquisition belongs to vanilla content, not Warlords of Draenor","https://housing.wowdb.com/decor/4402/stormwind-large-wooden-table-4402/"
"4403","Stormwind Wooden Bench","wod_theme","acquisition_wod_confirmed","wod","quest","Sources Quest: Clearing the Garden (Lunarfall) Requirement: Complete this quest to unlock this item for your housing collection. Vendor: Sergeant Crowler A (Lunarfall) 160 & 300 Garrison Resources Warlords of Draenor Copy Waypoint Vendor: Sergeant Crowler (Lunarfall) Copy Waypoint","","36404","78564;88223","","824","","1246971","248334","Displayed acquisition uses Warlords of Draenor content","https://housing.wowdb.com/decor/4403/stormwind-wooden-bench-4403/"
"4404","Stormwind Wooden Stool","wod_theme","acquisition_wod_confirmed","wod","quest","Sources Quest: Anglin' In Our Garrison (Shadowmoon Valley) Requirement: Complete this quest to unlock this item for your housing collection. Vendor: Sergeant Crowler A (Lunarfall) 40 & 100 Garrison Resources Warlords of Draenor Copy Waypoint Vendor: Sergeant Crowler (Lunarfall) Copy Waypoint","","36202","78564;88223","","824","","1246972","248335","Displayed acquisition uses Warlords of Draenor content","https://housing.wowdb.com/decor/4404/stormwind-wooden-stool-4404/"
"4405","Stormwind Wooden Table","wod_theme","acquisition_shadowlands_confirmed","shadowlands","quest","Sources Quest: Welcome to Stormwind Requirement: Complete this quest to unlock this item for your housing collection. Vendor: Captain Lancy Revshon A (Stormwind City) 285 Stormwind • Vanilla Quest ""Welcome to Stormwind"" Copy Waypoint","","59583","49877","","","","1246973","248336","Displayed acquisition belongs to shadowlands content, not Warlords of Draenor","https://housing.wowdb.com/decor/4405/stormwind-wooden-table-4405/"
"4443","Stormwind Keg Stand","wod_theme","acquisition_vanilla_confirmed","vanilla","vendor","Sources Vendor: Captain Lancy Revshon A (Stormwind City) 142 50 Stormwind (Revered) • Vanilla Requirement: Reach Revered with Stormwind to unlock this item for your housing collection. Copy Waypoint","","","49877","","","","1247323","248617","Displayed acquisition belongs to vanilla content, not Warlords of Draenor","https://housing.wowdb.com/decor/4443/stormwind-keg-stand-4443/"
"4444","Westfall Woven Basket","wod_theme","acquisition_cata_confirmed","cata","quest","Sources Quest: You Have Our Thanks (Westfall) Requirement: Complete this quest to unlock this item for your housing collection. Vendor: Captain Lancy Revshon A (Stormwind City) 190 Stormwind • Vanilla Copy Waypoint","","26270","49877","","","","1247324","248618","Displayed acquisition belongs to cata content, not Warlords of Draenor","https://housing.wowdb.com/decor/4444/westfall-woven-basket-4444/"
"4445","Stormwind Gazebo","wod_theme","acquisition_vanilla_confirmed","vanilla","vendor","Sources Vendor: Captain Lancy Revshon A (Stormwind City) 237 50 Stormwind (Exalted) • Vanilla Requirement: Reach Exalted with Stormwind to unlock this item for your housing collection. Copy Waypoint","","","49877","","","","1247325","248619","Displayed acquisition belongs to vanilla content, not Warlords of Draenor","https://housing.wowdb.com/decor/4445/stormwind-gazebo-4445/"
"4446","Stormwind Trellis and Basin","wod_theme","acquisition_vanilla_confirmed","vanilla","vendor","Sources Vendor: Captain Lancy Revshon A (Stormwind City) 142 50 Stormwind (Revered) • Vanilla Requirement: Reach Revered with Stormwind to unlock this item for your housing collection. Copy Waypoint","","","49877","","","","1247326","248620","Displayed acquisition belongs to vanilla content, not Warlords of Draenor","https://housing.wowdb.com/decor/4446/stormwind-trellis-and-basin-4446/"
"4447","Stormwind Arched Trellis","wod_theme","acquisition_cata_confirmed","cata","quest","Sources Quest: Ending the Invasion! (Elwynn Forest, Blackrock Depths, Northshire) Requirement: Complete this quest to unlock this item for your housing collection. Vendor: Captain Lancy Revshon A (Stormwind City) 285 Stormwind • Vanilla Quest ""Ending the Invasion"" Copy Waypoint","","26390","49877","","","","1247327","248621","Displayed acquisition belongs to cata content, not Warlords of Draenor","https://housing.wowdb.com/decor/4447/stormwind-arched-trellis-4447/"
"4448","Wooden Outhouse","wod_theme","acquisition_wrath_confirmed","wrath","quest","Sources Quest: Doing Your Duty (Grizzly Hills) Requirement: Complete this quest to unlock this item for your housing collection. Vendor: Woodsman Drake A 500","","12227","27391","","","","1247328","248622","Displayed acquisition belongs to wrath content, not Warlords of Draenor","https://housing.wowdb.com/decor/4448/wooden-outhouse-4448/"
"4449","Kaldorei Scribe's Shelf","wod_theme","catalog_hidden_unobtainable","","drop","","","","","","","","1247329","248623","No current acquisition source is displayed","https://housing.wowdb.com/decor/4449/kaldorei-scribes-shelf-4449/"
"4485","Stormwind Workbench","wod_theme","acquisition_wod_confirmed","wod","quest","Sources Quest: Things Are Not Goren Our Way (Lunarfall) Requirement: Complete this quest to unlock this item for your housing collection. Vendor: Sergeant Crowler A (Lunarfall) 160 & 300 Garrison Resources Warlords of Draenor Copy Waypoint Vendor: Sergeant Crowler (Lunarfall) Copy Waypoint","","34192","78564;88223","","824","","1247389","248660","Displayed acquisition uses Warlords of Draenor content","https://housing.wowdb.com/decor/4485/stormwind-workbench-4485/"
"4486","Northshire Scribe's Desk","wod_theme","acquisition_wod_confirmed","wod","quest","Sources Quest: Bigger is Better (Shadowmoon Valley, Lunarfall) Requirement: Complete this quest to unlock this item for your housing collection. Vendor: Sergeant Crowler A (Lunarfall) 160 & 300 Garrison Resources Warlords of Draenor Copy Waypoint Vendor: Sergeant Crowler (Lunarfall) Copy Waypoint","","36592","78564;88223","","824","","1247390","248661","Displayed acquisition uses Warlords of Draenor content","https://housing.wowdb.com/decor/4486/northshire-scribes-desk-4486/"
"4487","Jewelcrafter's Tent","wod_theme","acquisition_vanilla_confirmed","vanilla","quest","Sources Quest: The Perenolde Tiara (Stormwind City) Requirement: Complete this quest to unlock this item for your housing collection. Vendor: Captain Lancy Revshon A (Stormwind City) 475 Stormwind • Vanilla Quest ""The Perenolde Tiara"" Copy Waypoint","","543","49877","","","","1247391","248662","Displayed acquisition belongs to vanilla content, not Warlords of Draenor","https://housing.wowdb.com/decor/4487/jewelcrafters-tent-4487/"
"4488","Wooden Doghouse","wod_theme","acquisition_mop_confirmed","mop","quest","Sources Quest: Lost and Lonely (Valley of the Four Winds) Requirement: Complete this quest to unlock this item for your housing collection. Vendor: Gina Mudclaw H (Valley of the Four Winds) 240 The Tillers • Mists of Pandaria Copy Waypoint","","30526","58706","","","","1247392","248663","Displayed acquisition belongs to mop content, not Warlords of Draenor","https://housing.wowdb.com/decor/4488/wooden-doghouse-4488/"
"4489","Alliance Soldier's Bed","wod_theme","catalog_hidden_unobtainable","","drop","","","","","","","","1247393","248664","No current acquisition source is displayed","https://housing.wowdb.com/decor/4489/alliance-soldiers-bed-4489/"
"4490","Stormwind Peddler's Cart","wod_theme","acquisition_vanilla_confirmed","vanilla","vendor","Sources Vendor: Captain Lancy Revshon A (Stormwind City) 237 50 Stormwind (Exalted) • Vanilla Requirement: Reach Exalted with Stormwind to unlock this item for your housing collection. Copy Waypoint","","","49877","","","","1247394","248665","Displayed acquisition belongs to vanilla content, not Warlords of Draenor","https://housing.wowdb.com/decor/4490/stormwind-peddlers-cart-4490/"
"4811","Elwynn Fence","wod_theme","acquisition_vanilla_confirmed","vanilla","vendor","Sources Vendor: Captain Lancy Revshon A (Stormwind City) 47 50 Stormwind (Friendly) • Vanilla Requirement: Reach Friendly with Stormwind to unlock this item for your housing collection. Copy Waypoint","","","49877","","","","1247780","248794","Displayed acquisition belongs to vanilla content, not Warlords of Draenor","https://housing.wowdb.com/decor/4811/elwynn-fence-4811/"
"4812","Elwynn Fencepost","wod_theme","acquisition_vanilla_confirmed","vanilla","vendor","Sources Vendor: Captain Lancy Revshon A (Stormwind City) 71 25 Stormwind (Friendly) • Vanilla Requirement: Reach Friendly with Stormwind to unlock this item for your housing collection. Copy Waypoint","","","49877","","","","1247781","248795","Displayed acquisition belongs to vanilla content, not Warlords of Draenor","https://housing.wowdb.com/decor/4812/elwynn-fencepost-4812/"
"4813","Goldshire Food Cart","wod_theme","acquisition_cata_confirmed","cata","achievement","Sources Achievement: Full Caravan Requirement: The Full Caravan Achievement must be completed to unlock or purchase this item for your housing collection. Vendor: Fiona A H (Light's Hope Chapel) 3000 Requires Dracthyr Copy Waypoint Vendor: Fiona A (Boralus Harbor) 3000 Battle for Azeroth Copy Waypoint","5442","","45417;142115","","","","1247782","248796","Displayed acquisition belongs to cata content, not Warlords of Draenor","https://housing.wowdb.com/decor/4813/goldshire-food-cart-4813/"
"4814","City Wanderer's Candleholder","wod_theme","acquisition_cata_confirmed","cata","quest","Sources Quest: ""I TAKE Candle!"" (Westfall) Requirement: Complete this quest to unlock this item for your housing collection. Vendor: Captain Lancy Revshon A (Stormwind City) Copy Waypoint","","26229","49877","","","","1247783","248797","Displayed acquisition belongs to cata content, not Warlords of Draenor","https://housing.wowdb.com/decor/4814/city-wanderers-candleholder-4814/"
"4815","Northshire Barrel","wod_theme","acquisition_vanilla_confirmed","vanilla","quest","Sources Quest: Report to Goldshire (Elwynn Forest, Blackrock Depths, Northshire) Requirement: Complete this quest to unlock this item for your housing collection. Vendor: Captain Lancy Revshon A (Stormwind City) 190 Stormwind • Vanilla Copy Waypoint","","54","49877","","","","1247784","248798","Displayed acquisition belongs to vanilla content, not Warlords of Draenor","https://housing.wowdb.com/decor/4815/northshire-barrel-4815/"
"4816","Wooden Storage Crate","wod_theme","acquisition_wod_confirmed","wod","quest","Sources Quest: Establish Your Garrison (Shadowmoon Valley, Lunarfall) Requirement: Complete this quest to unlock this item for your housing collection. Vendor: Sergeant Crowler A (Lunarfall) 40 & 100 Garrison Resources Warlords of Draenor Copy Waypoint Vendor: Sergeant Crowler (Lunarfall) Copy Waypoint","","34586","78564;88223","","824","","1247785","248799","Displayed acquisition uses Warlords of Draenor content","https://housing.wowdb.com/decor/4816/wooden-storage-crate-4816/"
"4818","Architect's Drafting Table","wod_theme","acquisition_wod_confirmed","wod","quest","Sources Quest: My Very Own Castle (Shadowmoon Valley, Lunarfall) Requirement: Complete this quest to unlock this item for your housing collection. Vendor: Sergeant Crowler A (Lunarfall) 1500 Garrison Resources Warlords of Draenor Copy Waypoint","","36615","78564","","824","","1247786","248800","Displayed acquisition uses Warlords of Draenor content","https://housing.wowdb.com/decor/4818/architects-drafting-table-4818/"
"4844","Rough Wooden Chair","wod_theme","acquisition_wod_confirmed","wod","quest","Sources Quest: Keeping it Together (Shadowmoon Valley, Lunarfall) Requirement: Complete this quest to unlock this item for your housing collection. Vendor: Sergeant Crowler A (Lunarfall) 40 & 100 Garrison Resources Warlords of Draenor Copy Waypoint Vendor: Sergeant Crowler (Lunarfall) Copy Waypoint","","35176","78564;88223","","824","","1247796","248810","Displayed acquisition uses Warlords of Draenor content","https://housing.wowdb.com/decor/4844/rough-wooden-chair-4844/"
"5115","Hooded Iron Lantern","wod_theme","acquisition_vanilla_confirmed","vanilla","quest","Sources Quest: Kobold Candles (Elwynn Forest) Requirement: Complete this quest to unlock this item for your housing collection. Vendor: Captain Lancy Revshon A (Stormwind City) 142 50 Stormwind • Vanilla Copy Waypoint","","60","49877","","","","1248042","248938","Displayed acquisition belongs to vanilla content, not Warlords of Draenor","https://housing.wowdb.com/decor/5115/hooded-iron-lantern-5115/"
"5116","Stormwind Lamppost","wod_theme","acquisition_vanilla_confirmed","vanilla","vendor","Sources Vendor: Captain Lancy Revshon A (Stormwind City) 95 Stormwind (Honored) • Vanilla Requirement: Reach Honored with Stormwind to unlock this item for your housing collection. Copy Waypoint","","","49877","","1792","","1248043","248939","Displayed acquisition belongs to vanilla content, not Warlords of Draenor","https://housing.wowdb.com/decor/5116/stormwind-lamppost-5116/"
"8176","Shadowmoon Open-Air Shed","wod_theme","acquisition_wod_confirmed","wod","drop","Sources Drop: Shadowmoon Valley (Draenor) Missives Quest: Missive: Assault on Socrethar's Rise Requirement: Complete this quest to unlock this item for your housing collection.","","","","","","","1252380","251329","Displayed acquisition uses Warlords of Draenor content","https://housing.wowdb.com/decor/8176/shadowmoon-open-air-shed-8176/"
"8177","Draenic Fencepost","wod_theme","acquisition_wod_confirmed","wod","quest","Sources Quest: The Traitor's True Name (Shadowmoon Valley) Requirement: Complete this quest to unlock this item for your housing collection. Vendor: Trader Caerel A (Stormshield) 100 & 300 Apexis Crystal Warlords of Draenor Requires quest ""The Traitor's True Name"" Copy Waypoint","","34792","85950","","823","","1252381","251330","Displayed acquisition uses Warlords of Draenor content","https://housing.wowdb.com/decor/8177/draenic-fencepost-8177/"
"8178","Draenic Ottoman","wod_theme","acquisition_wod_confirmed","wod","drop","Sources Encounter: Auchindoun - Teron'gor","","","","","","","1252382","251331","Displayed acquisition uses Warlords of Draenor content","https://housing.wowdb.com/decor/8178/draenic-ottoman-8178/"
"8180","Commander's Kafa Mug","wod_theme","acquisition_mop_confirmed","mop","vendor","Sources Vendor: Brother Dovetail (Razorwind Shores) Friend of the Grummles Copy Waypoint Vendor: Cursed Keepsake","","","249684;262726","","","","1252385","251473","Displayed acquisition belongs to mop content, not Warlords of Draenor","https://housing.wowdb.com/decor/8180/commanders-kafa-mug-8180/"
"8185","Embroidered Embaari Tent","wod_theme","acquisition_wod_confirmed","wod","vendor","Sources Vendor: Vindicator Nuurem A (Stormshield) 1000 Garrison Resources Council of Exarchs (Revered) • Warlords of Draenor Requirement: Reach Revered with Council of Exarchs to unlock this item for your housing collection. Copy Waypoint","","","85932","","824","","1252395","251476","Displayed acquisition uses Warlords of Draenor content","https://housing.wowdb.com/decor/8185/embroidered-embaari-tent-8185/"
"8186","Draenic Wooden Table","wod_theme","acquisition_wod_confirmed","wod","quest","Sources Quest: The Trial of Champions (Shadowmoon Valley) Requirement: Complete this quest to unlock this item for your housing collection. Vendor: Trader Caerel A (Stormshield) 500 & 1000 Garrison Resources Warlords of Draenor Requires quest ""The Trial of Champions"" Copy Waypoint","","36169","85950","","824","","1252396","251477","Displayed acquisition uses Warlords of Draenor content","https://housing.wowdb.com/decor/8186/draenic-wooden-table-8186/"
"8187","Square Draenic Table","wod_theme","acquisition_wod_confirmed","wod","quest","Sources Quest: Forging Ahead (Shadowmoon Valley) Requirement: Complete this quest to unlock this item for your housing collection. Vendor: Trader Caerel A (Stormshield) Copy Waypoint","","35196","85950","","","","1252397","251478","Displayed acquisition uses Warlords of Draenor content","https://housing.wowdb.com/decor/8187/square-draenic-table-8187/"
"8188","Shadowmoon Greenhouse","wod_theme","acquisition_wod_confirmed","wod","vendor","Sources Vendor: Vindicator Nuurem A (Stormshield) 1500 Garrison Resources Council of Exarchs (Exalted) • Warlords of Draenor Requirement: Reach Exalted with Council of Exarchs to unlock this item for your housing collection. Copy Waypoint","","","85932","","824","","1252398","251479","Displayed acquisition uses Warlords of Draenor content","https://housing.wowdb.com/decor/8188/shadowmoon-greenhouse-8188/"
"8189","Draenic Wooden Wall Shelf","wod_theme","acquisition_legion_confirmed","legion","quest","Sources Quest: Bringer of the Light (Dalaran) Requirement: Complete this quest to unlock this item for your housing collection. Vendor: Toraan the Revered H (The Vindicaar) 240 Argussian Reach • Legion Copy Waypoint","","44004","127151","","","","1252399","251480","Displayed acquisition belongs to legion content, not Warlords of Draenor","https://housing.wowdb.com/decor/8189/draenic-wooden-wall-shelf-8189/"
"8190","Elodor Armory Rack","wod_theme","acquisition_wod_confirmed","wod","vendor","Sources Vendor: Vindicator Nuurem A (Stormshield) 500 Garrison Resources Council of Exarchs (Honored) • Warlords of Draenor Requirement: Reach Honored with Council of Exarchs to unlock this item for your housing collection. Copy Waypoint","","","85932","","824","","1252400","251481","Displayed acquisition uses Warlords of Draenor content","https://housing.wowdb.com/decor/8190/elodor-armory-rack-8190/"
"8191","Draenei Stargazer's Telescope","wod_theme","acquisition_wod_confirmed","wod","crafted","Sources Crafting: Engineering (Draenor Engineering) Reagents Required: 20× Shadowmoon Lumber 3× Temporal Crystal 12× Sorcerous Air 20× Blackrock Ore Profession: Draenor Engineering (80)","","","","1261025;1263663","","251766;113588;113264;109118","1252401","251482","Displayed acquisition uses Warlords of Draenor content","https://housing.wowdb.com/decor/8191/draenei-stargazers-telescope-8191/"
"8192","Draenethyst Lantern","wod_theme","acquisition_wod_confirmed","wod","vendor","Sources Vendor: Vindicator Nuurem A (Stormshield) 250 Garrison Resources Council of Exarchs (Friendly) • Warlords of Draenor Requirement: Reach Friendly with Council of Exarchs to unlock this item for your housing collection. Copy Waypoint","","","85932","","824","","1252402","251483","Displayed acquisition uses Warlords of Draenor content","https://housing.wowdb.com/decor/8192/draenethyst-lantern-8192/"
"8193","""Dawning Hope"" Mosaic","wod_theme","acquisition_wod_confirmed","wod","vendor","Sources Vendor: Vindicator Nuurem A (Stormshield) 1000 Garrison Resources Council of Exarchs (Revered) • Warlords of Draenor Requirement: Reach Revered with Council of Exarchs to unlock this item for your housing collection. Copy Waypoint","","","85932","","824","","1252403","251484","Displayed acquisition uses Warlords of Draenor content","https://housing.wowdb.com/decor/8193/dawning-hope-mosaic-8193/"
"8194","Small Karabor Fountain","wod_theme","acquisition_wod_confirmed","wod","vendor","Sources Vendor: Vindicator Nuurem A (Stormshield) 500 Garrison Resources Council of Exarchs (Honored) • Warlords of Draenor Requirement: Reach Honored with Council of Exarchs to unlock this item for your housing collection. Copy Waypoint","","","85932","","824","","1252441","251493","Displayed acquisition uses Warlords of Draenor content","https://housing.wowdb.com/decor/8194/small-karabor-fountain-8194/"
"8196","Draenic Basin","wod_theme","acquisition_wod_confirmed","wod","crafted","Sources Crafting: Jewelcrafting (Draenor Designs) Reagents Required: 25× Shadowmoon Lumber 1× Greater Haste Taladite 12× Sorcerous Water 20× Blackrock Ore Profession: Draenor Jewelcrafting (80)","","","","1261071","","251766;115811;113262;109118","1252443","251495","Displayed acquisition uses Warlords of Draenor content","https://housing.wowdb.com/decor/8196/draenic-basin-8196/"
"8235","Telredor Recliner","wod_theme","acquisition_wod_confirmed","wod","vendor","Sources Vendor: Maaria A (Lunarfall) 500 & 1000 Apexis Crystal Warlords of Draenor Copy Waypoint","","","85427","","823","","1252639","251544","Displayed acquisition uses Warlords of Draenor content","https://housing.wowdb.com/decor/8235/telredor-recliner-8235/"
"8237","Argussian Circular Rug","wod_theme","acquisition_wod_confirmed","wod","crafted","Sources Crafting: Tailoring (Draenor Patterns) Reagents Required: 30× Shadowmoon Lumber 5× Primal Spirit 15× Cerulean Pigment 40× Sumptuous Fur 10× Blackrock Ore Profession: Draenor Tailoring (80)","","","","1261231;1259247;1260774;1261250","","251766;120945;114931;111557;109118","1252647","251546","Displayed acquisition uses Warlords of Draenor content","https://housing.wowdb.com/decor/8237/argussian-circular-rug-8237/"
"8238","Draenei Farmer's Trellis","wod_theme","acquisition_wod_confirmed","wod","quest","Sources Quest: Assault on the Heart of Shattrath Requirement: Complete this quest to unlock this item for your housing collection.","","36685","","","","","1252648","251547","Displayed acquisition uses Warlords of Draenor content","https://housing.wowdb.com/decor/8238/draenei-farmers-trellis-8238/"
"8239","Draenic Fence","wod_theme","acquisition_wod_confirmed","wod","quest","Sources Quest: The Traitor's True Name (Shadowmoon Valley) Requirement: Complete this quest to unlock this item for your housing collection. Vendor: Trader Caerel A (Stormshield) 300 & 500 Apexis Crystal Warlords of Draenor Requires quest ""The Traitor's True Name"" Copy Waypoint","","34792","85950","","823","","1252649","251548","Displayed acquisition uses Warlords of Draenor content","https://housing.wowdb.com/decor/8239/draenic-fence-8239/"
"8240","Emblem of the Naaru's Blessing","wod_theme","acquisition_wod_confirmed","wod","quest","Sources Quest: The Prophet's Final Message Requirement: Complete this quest to unlock this item for your housing collection. Vendor: Trader Caerel A (Stormshield) 2000 Garrison Resources Warlords of Draenor Requires quest ""The Prophet's Final Message"" Copy Waypoint","","37322","85950","","824","","1252651","251549","Displayed acquisition uses Warlords of Draenor content","https://housing.wowdb.com/decor/8240/emblem-of-the-naarus-blessing-8240/"
"8241","Draenethyst Sconce","wod_theme","acquisition_wod_confirmed","wod","crafted","Sources Crafting: Jewelcrafting (Draenor Designs) Reagents Required: 8× Shadowmoon Lumber 1× Mastery Taladite 2× Sorcerous Fire 4× Sumptuous Fur 10× Blackrock Ore Profession: Draenor Jewelcrafting (80)","","","","1261075;1263817;1261305","","251766;115805;113261;111557;109118","1252652","251550","Displayed acquisition uses Warlords of Draenor content","https://housing.wowdb.com/decor/8241/draenethyst-sconce-8241/"
"8242","Grand Draenethyst Lamp","wod_theme","acquisition_wod_confirmed","wod","vendor","Sources Vendor: Vindicator Nuurem A (Stormshield) 1500 Garrison Resources Council of Exarchs (Exalted) • Warlords of Draenor Requirement: Reach Exalted with Council of Exarchs to unlock this item for your housing collection. Copy Waypoint","","","85932","","824","","1252653","251551","Displayed acquisition uses Warlords of Draenor content","https://housing.wowdb.com/decor/8242/grand-draenethyst-lamp-8242/"
"8772","Draenic Forge","wod_theme","acquisition_wod_confirmed","wod","quest","Sources Quest: The Battle for Shattrath (Talador) Requirement: Complete this quest to unlock this item for your housing collection. Vendor: Trader Caerel A (Stormshield) 500 & 1000 Apexis Crystal Warlords of Draenor Requires quest ""The Battle for Shattrath"" Copy Waypoint","","34099","85950","","823","","1252870","251640","Displayed acquisition uses Warlords of Draenor content","https://housing.wowdb.com/decor/8772/draenic-forge-8772/"
"8785","Draenethyst Lamppost","wod_theme","acquisition_wod_confirmed","wod","quest","Sources Quest: Socrethar's Demise (Talador) Requirement: Complete this quest to unlock this item for your housing collection. Vendor: Trader Caerel A (Stormshield) 500 & 1000 Garrison Resources Warlords of Draenor Requires quest ""Socrethar's Demise"" Copy Waypoint","","35685","85950","","824","","1252915","251653","Displayed acquisition uses Warlords of Draenor content","https://housing.wowdb.com/decor/8785/draenethyst-lamppost-8785/"
"8786","Large Karabor Fountain","wod_theme","acquisition_wod_confirmed","wod","quest","Sources Quest: The Defense of Karabor (Shadowmoon Valley) Requirement: Complete this quest to unlock this item for your housing collection. Vendor: Trader Caerel A (Stormshield) 800 & 2000 Apexis Crystal Warlords of Draenor Requires quest ""The Defense of Karabor"" Copy Waypoint","","33256","85950","","823","","1252916","251654","Displayed acquisition uses Warlords of Draenor content","https://housing.wowdb.com/decor/8786/large-karabor-fountain-8786/"
"8787","Draenethyst String Lights","wod_theme","acquisition_wod_confirmed","wod","crafted","Sources Crafting: Enchanting (Draenor Enchanting) Reagents Required: 10× Shadowmoon Lumber 5× Sumptuous Fur 6× Luminous Shard 5× Blackrock Ore Profession: Draenor Enchanting (80)","","","","1261008","","251766;111557;111245;109118","1252917","251655","Displayed acquisition uses Warlords of Draenor content","https://housing.wowdb.com/decor/8787/draenethyst-string-lights-8787/"
"9424","Goldshire Wardrobe","wod_theme","acquisition_vanilla_confirmed","vanilla","quest","Sources Quest: The Escape (Elwynn Forest) Requirement: Complete this quest to unlock this item for your housing collection.","","114","","","","","1256595","253527","Displayed acquisition belongs to vanilla content, not Warlords of Draenor","https://housing.wowdb.com/decor/9424/goldshire-wardrobe-9424/"
"9439","Scarred Orcish Spear","wod_theme","acquisition_midnight_confirmed","midnight","quest","Sources Quest: A Favor to Axe (Arcantina) Requirement: Complete this quest to unlock this item for your housing collection. Vendor: Morta Gage A (Arcantina) 150 Voidlight Marl Copy Waypoint","","92319","252873","","3316","","1256610","253542","Displayed acquisition belongs to midnight content, not Warlords of Draenor","https://housing.wowdb.com/decor/9439/scarred-orcish-spear-9439/"
"9440","Clefthoof Hide Rug","wod_theme","acquisition_midnight_confirmed","midnight","quest","Sources Quest: A Generational Moment (Arcantina) Requirement: Complete this quest to unlock this item for your housing collection. Vendor: Morta Gage A (Arcantina) 150 Voidlight Marl Copy Waypoint","","92327","252873","","3316","","1256611","253543","Displayed acquisition belongs to midnight content, not Warlords of Draenor","https://housing.wowdb.com/decor/9440/clefthoof-hide-rug-9440/"
"9441","Weathered History of the Warchiefs","wod_theme","acquisition_midnight_confirmed","midnight","quest","Sources Quest: Hellscream's Heritage (Arcantina) Requirement: Complete this quest to unlock this item for your housing collection. Vendor: Morta Gage A (Arcantina) 150 Voidlight Marl Copy Waypoint","","92325","252873","","3316","","1256612","253544","Displayed acquisition belongs to midnight content, not Warlords of Draenor","https://housing.wowdb.com/decor/9441/weathered-history-of-the-warchiefs-9441/"
"11274","Stormwind Forge","wod_theme","acquisition_vanilla_confirmed","vanilla","quest","Sources Quest: A Binding Contract Requirement: Complete this quest to unlock this item for your housing collection. Vendor: Captain Lancy Revshon A (Stormwind City) 950 Stormwind • Vanilla Quest ""A Binding Contract"" Copy Waypoint","","7604","49877","","","","1260651","256673","Displayed acquisition belongs to vanilla content, not Warlords of Draenor","https://housing.wowdb.com/decor/11274/stormwind-forge-11274/"
"11379","Orcish Felblood Cauldron","wod_theme","acquisition_wod_confirmed","wod","crafted","Sources Crafting: Alchemy (Draenor Alchemy) Reagents Required: 25× Shadowmoon Lumber 15× Felblight 10× True Iron Ore 20× Alchemical Catalyst Profession: Draenor Alchemy (80)","","","","1262011","","251766;127759;109119;108996","1261093","257044","Displayed acquisition uses Warlords of Draenor content","https://housing.wowdb.com/decor/11379/orcish-felblood-cauldron-11379/"
"11451","Naaru Crystal Icon","wod_theme","acquisition_wod_confirmed","wod","vendor","Sources Vendor: Artificer Kallaes A (Shadowmoon Valley (Draenor)) 200 & 300 Garrison Resources Warlords of Draenor Copy Waypoint","","","81133","","824","","1261465","257349","Displayed acquisition uses Warlords of Draenor content","https://housing.wowdb.com/decor/11451/naaru-crystal-icon-11451/"
"11946","Beloved Elekk Plushie","wod_theme","acquisition_wod_confirmed","wod","crafted","Sources Crafting: Tailoring (Draenor Patterns) Reagents Required: 8× Shadowmoon Lumber 5× Cerulean Pigment 2× Temporal Crystal 16× Sumptuous Fur Profession: Draenor Tailoring (80)","","","","1263360;1263858;1261231","","251766;114931;113588;111557","1263127","258303","Displayed acquisition uses Warlords of Draenor content","https://housing.wowdb.com/decor/11946/beloved-elekk-plushie-11946/"
"12200","Glorious Pendant of Rukhmar","wod_theme","acquisition_wod_confirmed","wod","achievement","Sources Achievement: Secrets of Skettis Requirement: The Secrets of Skettis Achievement must be completed to unlock or purchase this item for your housing collection. Vendor: Ruuan the Seer (Spires of Arak) Copy Waypoint","9415","","87775","","","","1263925","258740","Displayed acquisition uses Warlords of Draenor content","https://housing.wowdb.com/decor/12200/glorious-pendant-of-rukhmar-12200/"
"12201","Writings of Reshad the Outcast","wod_theme","acquisition_wod_confirmed","wod","quest","Sources Quest: A Gathering of Shadows (Spires of Arak) Requirement: Complete this quest to unlock this item for your housing collection. Vendor: Ruuan the Seer (Spires of Arak) Copy Waypoint","","35671","87775","","","","1263926","258741","Displayed acquisition uses Warlords of Draenor content","https://housing.wowdb.com/decor/12201/writings-of-reshad-the-outcast-12201/"
"12202","Scroll of the Adherent","wod_theme","acquisition_wod_confirmed","wod","quest","Sources Quest: Kura's Vengeance (Talador) Requirement: Complete this quest to unlock this item for your housing collection. Vendor: Duskcaller Erthix (Talador) Copy Waypoint","","33582","256946","","","","1263927","258742","Displayed acquisition uses Warlords of Draenor content","https://housing.wowdb.com/decor/12202/scroll-of-the-adherent-12202/"
"12203","Arakkoan Alchemy Tools","wod_theme","acquisition_wod_confirmed","wod","vendor","Sources Vendor: Ravenspeaker Skeega H (Warspear) 8 Arakkoa Outcasts (Honored) • Warlords of Draenor Requirement: Reach Honored with Arakkoa Outcasts to unlock this item for your housing collection. Copy Waypoint Vendor: Shadow-Sage Brakoss A (Stormshield) 8 Arakkoa Outcasts (Honored) • Warlords of Draenor Requirement: Reach Honored with Arakkoa Outcasts to unlock this item for your housing collection. Copy Waypoint","","","86037;85946","","","","1263928","258743","Displayed acquisition uses Warlords of Draenor content","https://housing.wowdb.com/decor/12203/arakkoan-alchemy-tools-12203/"
"12204","Skyreach Circular Table","wod_theme","acquisition_wod_confirmed","wod","drop","Sources Encounter: Skyreach - High Sage Viryx (Skyreach)","","","","","","","1263929","258744","Displayed acquisition uses Warlords of Draenor content","https://housing.wowdb.com/decor/12204/skyreach-circular-table-12204/"
"12205","High Arakkoan Library Shelf","wod_theme","acquisition_wod_confirmed","wod","quest","Sources Quest: When All Is Aligned (Spires of Arak) Requirement: Complete this quest to unlock this item for your housing collection. Vendor: Ruuan the Seer (Spires of Arak) Copy Waypoint","","35704","87775","","","","1263930","258745","Displayed acquisition uses Warlords of Draenor content","https://housing.wowdb.com/decor/12205/high-arakkoan-library-shelf-12205/"
"12206","High Arakkoan Alchemist's Shelf","wod_theme","acquisition_wod_confirmed","wod","vendor","Sources Vendor: Ravenspeaker Skeega H (Warspear) 8 Arakkoa Outcasts (Revered) • Warlords of Draenor Requirement: Reach Revered with Arakkoa Outcasts to unlock this item for your housing collection. Copy Waypoint Vendor: Shadow-Sage Brakoss A (Stormshield) 8 Arakkoa Outcasts (Revered) • Warlords of Draenor Requirement: Reach Revered with Arakkoa Outcasts to unlock this item for your housing collection. Copy Waypoint","","","86037;85946","","","","1263931","258746","Displayed acquisition uses Warlords of Draenor content","https://housing.wowdb.com/decor/12206/high-arakkoan-alchemists-shelf-12206/"
"12207","High Arakkoan Shelf","wod_theme","acquisition_wod_confirmed","wod","vendor","Sources Vendor: Ravenspeaker Skeega H (Warspear) 8 Arakkoa Outcasts (Friendly) • Warlords of Draenor Requirement: Reach Friendly with Arakkoa Outcasts to unlock this item for your housing collection. Copy Waypoint Vendor: Shadow-Sage Brakoss A (Stormshield) 8 Arakkoa Outcasts (Friendly) • Warlords of Draenor Requirement: Reach Friendly with Arakkoa Outcasts to unlock this item for your housing collection. Copy Waypoint","","","86037;85946","","","","1263932","258747","Displayed acquisition uses Warlords of Draenor content","https://housing.wowdb.com/decor/12207/high-arakkoan-shelf-12207/"
"12208","""Rising Glory of Rukhmar"" Statue","wod_theme","acquisition_wod_confirmed","wod","quest","Sources Quest: Hot Seat (Spires of Arak) Requirement: Complete this quest to unlock this item for your housing collection. Vendor: Ruuan the Seer (Spires of Arak) Copy Waypoint","","35273","87775","","","","1263933","258748","Displayed acquisition uses Warlords of Draenor content","https://housing.wowdb.com/decor/12208/rising-glory-of-rukhmar-statue-12208/"
"12209","Uncorrupted Eye of Terokk","wod_theme","acquisition_wod_confirmed","wod","quest","Sources Quest: The Avatar of Terokk (Spires of Arak) Requirement: Complete this quest to unlock this item for your housing collection. Vendor: Ruuan the Seer (Spires of Arak) Copy Waypoint","","35896","87775","","","","1263936","258749","Displayed acquisition uses Warlords of Draenor content","https://housing.wowdb.com/decor/12209/uncorrupted-eye-of-terokk-12209/"
"14353","[DNT] [AUTOGEN] 12PH_Leg_6HU_BLACKSMITH_FORGE03.m2 - DUPLICATE do not use","wod_theme","internal_dnt","","drop","","","","","","","","1266443","260517","Internal or autogenerated DNT catalog row","https://housing.wowdb.com/decor/14353/dnt-autogen-12ph_leg_6hu_blacksmith_forge03m2-duplicate-do-not-use-14353/"
"18826","[DNT] [AUTOGEN] 12PH_Leg_6HU_Barracks_WoodBenchSmall.M2","wod_theme","internal_dnt","","drop","","","","","","","","1279816","267255","Internal or autogenerated DNT catalog row","https://housing.wowdb.com/decor/18826/dnt-autogen-12ph_leg_6hu_barracks_woodbenchsmallm2-18826/"
"21889","[DNT] [AUTOGEN] 6OR_Garrison_Torch01.m2","wod_theme","internal_dnt","","drop","","","","","","","","1290426","272152","Internal or autogenerated DNT catalog row","https://housing.wowdb.com/decor/21889/dnt-autogen-6or_garrison_torch01m2-21889/"
"22006","Small Lumber Pile","wod_theme","acquisition_midnight_confirmed","midnight","vendor","Sources Vendor: Disguised Decor Duel Vendor (Silvermoon City) 50 Voidlight Marl Copy Waypoint","","","264056","","3316","","1291114","272441","Displayed acquisition belongs to midnight content, not Warlords of Draenor","https://housing.wowdb.com/decor/22006/small-lumber-pile-22006/"
"22007","Empty Wooden Toolbox","wod_theme","acquisition_midnight_confirmed","midnight","vendor","Sources Vendor: Disguised Decor Duel Vendor (Silvermoon City) 50 Voidlight Marl Copy Waypoint","","","264056","","3316","","1291115","272442","Displayed acquisition belongs to midnight content, not Warlords of Draenor","https://housing.wowdb.com/decor/22007/empty-wooden-toolbox-22007/"
"23548","Bakar's Favorite Ball","wod_theme","acquisition_midnight_confirmed","midnight","vendor","Sources Vendor: Roshai Lightstep (Razorwind Shores) Every Bakar Has Its Day Copy Waypoint","","","265551","","","","1300270","276654","Displayed acquisition belongs to midnight content, not Warlords of Draenor","https://housing.wowdb.com/decor/23548/bakars-favorite-ball-23548/"
"23549","Pet Food and Water Tray","wod_theme","acquisition_midnight_confirmed","midnight","vendor","Sources Vendor: Roshai Lightstep (Razorwind Shores) Every Bakar Has Its Day Copy Waypoint","","","265551","","","","1300293","276677","Displayed acquisition belongs to midnight content, not Warlords of Draenor","https://housing.wowdb.com/decor/23549/pet-food-and-water-tray-23549/"
"24888","Tune-O-Tron 6000","wod_theme","catalog_hidden_unobtainable","","drop","","","","","","","","1296531","275343","No current acquisition source is displayed","https://housing.wowdb.com/decor/24888/tune-o-tron-6000-24888/"
"25101","Westfall Pet Cage","wod_theme","acquisition_midnight_confirmed","midnight","vendor","Sources Vendor: Agratha (Razorwind Shores) 50 Copy Waypoint Vendor: Perry Winkles (Founder's Point) 50 Copy Waypoint","","","267794;267795","","","","1301698","277142","Displayed acquisition belongs to midnight content, not Warlords of Draenor","https://housing.wowdb.com/decor/25101/westfall-pet-cage-25101/"
"25102","Crossroads Pet Cage","wod_theme","acquisition_midnight_confirmed","midnight","vendor","Sources Vendor: Agratha (Razorwind Shores) 50 Copy Waypoint Vendor: Perry Winkles (Founder's Point) 50 Copy Waypoint","","","267794;267795","","","","1301700","277144","Displayed acquisition belongs to midnight content, not Warlords of Draenor","https://housing.wowdb.com/decor/25102/crossroads-pet-cage-25102/"
"25103","Crude Pet Cage","wod_theme","acquisition_midnight_confirmed","midnight","vendor","Sources Vendor: Agratha (Razorwind Shores) 50 Copy Waypoint Vendor: Perry Winkles (Founder's Point) 50 Copy Waypoint","","","267794;267795","","","","1301704","277149","Displayed acquisition belongs to midnight content, not Warlords of Draenor","https://housing.wowdb.com/decor/25103/crude-pet-cage-25103/"
"26363","Mounted Moby","wod_theme","acquisition_midnight_confirmed","midnight","crafted","Sources Crafting: Leatherworking (Midnight Patterns) Reagents Required: 1× Ula'tek Snakehead 8× Thalassian Lumber 6× Scalewoven Hide Profession: Midnight Leatherworking","","","","1296511","","274589;256963;244631","1306589","279348","Displayed acquisition belongs to midnight content, not Warlords of Draenor","https://housing.wowdb.com/decor/26363/mounted-moby-26363/"
