"decor_id","catalog_name","catalog_scope","status","acquisition_expansion","source_text","achievement_ids","quest_ids","npc_ids","spell_ids","currency_ids","item_ids","classification_note","acquisition_source_url"
"673","Moon-Blessed Storage Crate","legion_theme","acquisition_legion_confirmed","legion","Encounter: Darkheart Thicket - Shade of Xavius (Darkheart Thicket)","","","","","","","Displayed acquisition source is Legion content","https://housing.wowdb.com/decor/673/moon-blessed-storage-crate-673/"
"674","Ancient Elven Highback Chair","legion_theme","acquisition_legion_confirmed","legion","Treasure: Glimmering Treasure Chest","","","","","","","Displayed acquisition source is Legion content","https://housing.wowdb.com/decor/674/ancient-elven-highback-chair-674/"
"675","Cenarion Privacy Screen","legion_theme","acquisition_legion_confirmed","legion","Vendor: Selfira Ambergrove A H (Val'sharah) 1000 & 2000 Order Resources Dreamweavers (Exalted) • Legion Requirement: Reach Exalted with Dreamweavers to unlock this item for your housing collection. Vendor: Sylvia Hartshorn H (Val'sharah) 800 & 2000 Order Resources Dreamweavers (Exalted) • Legion Requirement: Reach Exalted with Dreamweavers to unlock this item for your housing collection.","","","106901;253387","","1220","","Displayed acquisition source is Legion content","https://housing.wowdb.com/decor/675/cenarion-privacy-screen-675/"
"676","Deluxe Val'sharah Bed","legion_theme","acquisition_legion_confirmed","legion","Vendor: Selfira Ambergrove A H (Val'sharah) 700 Order Resources Dreamweavers • Legion","","","253387","","1220","","Displayed acquisition source is Legion content","https://housing.wowdb.com/decor/676/deluxe-valsharah-bed-676/"
"677","Cenarion Rectangular Rug","legion_theme","acquisition_legion_confirmed","legion","Vendor: Selfira Ambergrove A H (Val'sharah) 500 & 750 Order Resources Dreamweavers (Honored) • Legion Requirement: Reach Honored with Dreamweavers to unlock this item for your housing collection. Vendor: Sylvia Hartshorn H (Val'sharah) 400 & 750 Order Resources Dreamweavers (Honored) • Legion Requirement: Reach Honored with Dreamweavers to unlock this item for your housing collection.","","","106901;253387","","1220","","Displayed acquisition source is Legion content","https://housing.wowdb.com/decor/677/cenarion-rectangular-rug-677/"
"679","Kaldorei Desk","legion_theme","acquisition_legion_confirmed","legion","Vendor: Hilseth Travelstride A (Val'sharah) 300 Order Resources Legion","","","112634","","1220","","Displayed acquisition source is Legion content","https://housing.wowdb.com/decor/679/kaldorei-desk-679/"
"750","Tirisgarde Book Tempest","legion_theme","acquisition_legion_confirmed","legion","Achievement: The Archmage's Campaign; Requirement: complete The Archmage's Campaign; Vendor: Jackson Watkins (Hall of the Guardian); Cost: 1500 Order Resources","42274","","112440","1238561","1220","245429","Requires the Legion mage class campaign and Legion Order Resources","https://housing.wowdb.com/decor/750/tirisgarde-book-tempest-750/"
"752","""Night on the Jeweled Estate"" Painting","legion_theme","acquisition_legion_confirmed","legion","Achievement: Good Suramaritan Requirement: The Good Suramaritan Achievement must be completed to unlock or purchase this item for your housing collection. Vendor: Jocenna A H (Suramar) 1000 & 2000 Order Resources The Nightfallen (Exalted) Requirement: Reach Exalted with The Nightfallen to unlock this item for your housing collection.","11124","","252969","","1220","","Displayed acquisition source is Legion content","https://housing.wowdb.com/decor/752/night-on-the-jeweled-estate-painting-752/"
"926","Argussian Crate","full_catalog_source_scan","acquisition_legion_confirmed","legion","Drop: World Creatures Encounter: Seat of the Triumvirate - L'ura (The Seat of the Triumvirate)","","","","","","","Legion acquisition source found outside the Legion theme tag","https://housing.wowdb.com/decor/926/argussian-crate-926/"
"930","Draenic Bookcase","full_catalog_source_scan","acquisition_legion_confirmed","legion","Quest: A Non-Prophet Organization (Krokuun, Eredath) Requirement: Complete this quest to unlock this item for your housing collection. Vendor: Toraan the Revered H (The Vindicaar) 640 Argussian Reach • Legion","","47691","127151","","","","Legion acquisition source found outside the Legion theme tag","https://housing.wowdb.com/decor/930/draenic-bookcase-930/"
"947","Dark Ship's Lantern","full_catalog_source_scan","acquisition_legion_confirmed","legion","Quest: A New Life for Undeath (Stormheim) Requirement: Complete this quest to unlock this item for your housing collection. Vendor: Halenthos Brightstride A (Dalaran) 2000 Legion Quest: ""A New Life for Undeath""","","38882","252043","","","","Legion acquisition source found outside the Legion theme tag","https://housing.wowdb.com/decor/947/dark-ships-lantern-947/"
"1219","Suramar Dresser","legion_theme","acquisition_legion_confirmed","legion","Crafting: Inscription (Legion Inscription - Skill Level 80) Reagents Required: 30× Fel-Touched Lumber 25× Sallow Pigment 10× Roseate Pigment 6× Imbued Silkweave 15× Demonsteel Bar Profession: Legion Inscription (80)","","","","1260737","","124461;127004;129032;129034;251767","Displayed acquisition source is Legion content","https://housing.wowdb.com/decor/1219/suramar-dresser-1219/"
"1231","Stonebull Canoe","legion_theme","acquisition_legion_confirmed","legion","Vendor: Ransa Greyfeather A H (Highmountain) 400 & 750 Order Resources Highmountain Tribe (Honored) • Legion Requirement: Reach Honored with Highmountain Tribe to unlock this item for your housing collection.","","","106902","","1220","","Displayed acquisition source is Legion content","https://housing.wowdb.com/decor/1231/stonebull-canoe-1231/"
"1232","Thunder Totem Brazier","legion_theme","acquisition_legion_confirmed","legion","Drop: Dargrul (Neltharion's Lair) Encounter: Neltharion's Lair - Dargrul the Underking","","","","","","","Displayed acquisition source is Legion content","https://housing.wowdb.com/decor/1232/thunder-totem-brazier-1232/"
"1235","Whitewash River Basket","legion_theme","acquisition_legion_confirmed","legion","Quest: Moozy's Reunion Requirement: Complete this quest to unlock this item for your housing collection. Vendor: Torv Dubstomp A H (Thunder Totem, Highmountain) 300 & 500 Order Resources Legion","","42590","108017","","1220","","Displayed acquisition source is Legion content","https://housing.wowdb.com/decor/1235/whitewash-river-basket-1235/"
"1242","Tauren Leather Fence","legion_theme","acquisition_legion_confirmed","legion","Crafting: Leatherworking (Legion Patterns - Skill Level 80) Reagents Required: 20× Fel-Touched Lumber 5× Unbroken Claw 20× Stonehide Leather Profession: Legion Leatherworking (80)","","","","1260762","","124113;124438;251767","Displayed acquisition source is Legion content","https://housing.wowdb.com/decor/1242/tauren-leather-fence-1242/"
"1243","Tauren Fencepost","legion_theme","acquisition_legion_confirmed","legion","Crafting: Leatherworking (Legion Patterns - Skill Level 80) Reagents Required: 15× Fel-Touched Lumber 5× Unbroken Claw 10× Stonehide Leather Profession: Legion Leatherworking (80)","","","","1260765","","124113;124438;251767","Displayed acquisition source is Legion content","https://housing.wowdb.com/decor/1243/tauren-fencepost-1243/"
"1251","Large Highmountain Drum","legion_theme","acquisition_legion_confirmed","legion","Quest: Ceremonial Drums Requirement: Complete this quest to unlock this item for your housing collection. Vendor: Torv Dubstomp A H (Thunder Totem, Highmountain) 300 & 500 Order Resources Legion","","42622","108017","","1220","","Displayed acquisition source is Legion content","https://housing.wowdb.com/decor/1251/large-highmountain-drum-1251/"
"1252","Tauren Waterwheel","full_catalog_source_scan","acquisition_legion_confirmed","legion","Vendor: Ransa Greyfeather A H (Highmountain) 800 & 2000 Order Resources Highmountain Tribe (Exalted) • Legion Requirement: Reach Exalted with Highmountain Tribe to unlock this item for your housing collection.","","","106902","","1220","","Legion acquisition source found outside the Legion theme tag","https://housing.wowdb.com/decor/1252/tauren-waterwheel-1252/"
"1287","Warbrave's Brazier","legion_theme","acquisition_legion_confirmed","legion","Quest: The Backdoor (Highmountain) Requirement: Complete this quest to unlock this item for your housing collection. Vendor: Torv Dubstomp A H (Thunder Totem, Highmountain) 500 & 750 Order Resources Legion","","39579","108017","","1220","","Displayed acquisition source is Legion content","https://housing.wowdb.com/decor/1287/warbraves-brazier-1287/"
"1291","Tauren Vertical Windmill","legion_theme","acquisition_legion_confirmed","legion","Quest: The Underking Requirement: Complete this quest to unlock this item for your housing collection. Vendor: Torv Dubstomp A H (Thunder Totem, Highmountain) 700 & 1000 Order Resources Legion","","39780","108017","","1220","","Displayed acquisition source is Legion content","https://housing.wowdb.com/decor/1291/tauren-vertical-windmill-1291/"
"1292","Tauren Windmill","legion_theme","acquisition_legion_confirmed","legion","Vendor: Ransa Greyfeather A H (Highmountain) 560 & 1000 Order Resources Highmountain Tribe (Revered) • Legion Requirement: Reach Revered with Highmountain Tribe to unlock this item for your housing collection.","","","106902","","1220","","Displayed acquisition source is Legion content","https://housing.wowdb.com/decor/1292/tauren-windmill-1292/"
"1293","Small Highmountain Drum","legion_theme","acquisition_legion_confirmed","legion","Vendor: Ransa Greyfeather A H (Highmountain) 240 & 500 Order Resources Highmountain Tribe (Friendly) • Legion Requirement: Reach Friendly with Highmountain Tribe to unlock this item for your housing collection.","","","106902","","1220","","Displayed acquisition source is Legion content","https://housing.wowdb.com/decor/1293/small-highmountain-drum-1293/"
"1294","Riverbend Netting","legion_theme","acquisition_legion_confirmed","legion","Quest: Fish Out of Water Requirement: Complete this quest to unlock this item for your housing collection. Vendor: Torv Dubstomp A H (Thunder Totem, Highmountain) 300 & 500 Order Resources Legion","","39614","108017","","1220","","Displayed acquisition source is Legion content","https://housing.wowdb.com/decor/1294/riverbend-netting-1294/"
"1295","Riverbend Jar","legion_theme","acquisition_legion_confirmed","legion","Vendor: Ransa Greyfeather A H (Highmountain) 240 & 500 Order Resources Highmountain Tribe (Friendly) • Legion Requirement: Reach Friendly with Highmountain Tribe to unlock this item for your housing collection.","","","106902","","1220","","Displayed acquisition source is Legion content","https://housing.wowdb.com/decor/1295/riverbend-jar-1295/"
"1297","Highmountain Totem","legion_theme","acquisition_legion_confirmed","legion","Vendor: Ransa Greyfeather A H (Highmountain) 800 & 2000 Order Resources Highmountain Tribe (Exalted) • Legion Requirement: Reach Exalted with Highmountain Tribe to unlock this item for your housing collection.","","","106902","","1220","","Displayed acquisition source is Legion content","https://housing.wowdb.com/decor/1297/highmountain-totem-1297/"
"1307","Skyhorn Storage Chest","legion_theme","acquisition_legion_confirmed","legion","Achievement: Treasures of Highmountain Requirement: The Treasures of Highmountain Achievement must be completed to unlock or purchase this item for your housing collection. Vendor: Torv Dubstomp A H (Thunder Totem, Highmountain) 500 & 750 Order Resources Legion","11257","","108017","","1220","","Displayed acquisition source is Legion content","https://housing.wowdb.com/decor/1307/skyhorn-storage-chest-1307/"
"1308","Tauren Storage Chest","legion_theme","acquisition_legion_confirmed","legion","Crafting: Inscription (Legion Inscription - Skill Level 80) Reagents Required: 15× Fel-Touched Lumber 15× Sallow Pigment 10× Roseate Pigment 8× Shal'dorei Silk Profession: Legion Inscription (80)","","","","1260704","","124437;129032;129034;251767","Displayed acquisition source is Legion content","https://housing.wowdb.com/decor/1308/tauren-storage-chest-1308/"
"1309","Dried Whitewash Corn","legion_theme","acquisition_legion_confirmed","legion","Quest: The Flow of the River (Highmountain) Requirement: Complete this quest to unlock this item for your housing collection. Vendor: Torv Dubstomp A H (Thunder Totem, Highmountain) 300 & 500 Order Resources Legion","","39496","108017","","1220","","Displayed acquisition source is Legion content","https://housing.wowdb.com/decor/1309/dried-whitewash-corn-1309/"
"1314","Tauren Soup Pot","legion_theme","acquisition_legion_confirmed","legion","Crafting: Blacksmithing (Legion Plans - Skill Level 80) Reagents Required: 35× Fel-Touched Lumber 3× River Onion 3× Dalapeño Pepper 3× Flaked Sea Salt 20× Demonsteel Bar 5× Highmountain Salmon Profession: Legion Blacksmithing (80)","","","","1260698","","124109;124461;133588;133589;133591;251767","Displayed acquisition source is Legion content","https://housing.wowdb.com/decor/1314/tauren-soup-pot-1314/"
"1440","Nightborne Fireplace","legion_theme","acquisition_legion_confirmed","legion","Vendor: First Arcanist Thalyssra H (Suramar) Vendor: First Arcanist Thalyssra A H (Suramar) 560 & 1000 Order Resources The Nightfallen (Exalted) • Legion Requirement: Reach Exalted with The Nightfallen to unlock this item for your housing collection.","","","115736;97140","","1220","","Displayed acquisition source is Legion content","https://housing.wowdb.com/decor/1440/nightborne-fireplace-1440/"
"1444","Small Purple Suramar Seat Cushion","legion_theme","acquisition_legion_confirmed","legion","Vendor: Sundries Merchant A H (Suramar) 100 Ancient Mana The Nightfallen (Friendly) Requirement: Reach Friendly with The Nightfallen to unlock this item for your housing collection.","","","248594","","1155","","Displayed acquisition source is Legion content","https://housing.wowdb.com/decor/1444/small-purple-suramar-seat-cushion-1444/"
"1464","Teal Suramar Seat Cushion","legion_theme","acquisition_legion_confirmed","legion","Vendor: Sundries Merchant A H (Suramar) 200 Ancient Mana The Nightfallen (Honored) Requirement: Reach Honored with The Nightfallen to unlock this item for your housing collection.","","","248594","","1155","","Displayed acquisition source is Legion content","https://housing.wowdb.com/decor/1464/teal-suramar-seat-cushion-1464/"
"1465","Purple Suramar Seat Cushion","legion_theme","acquisition_legion_confirmed","legion","Vendor: Sundries Merchant A H (Suramar) 300 Ancient Mana The Nightfallen (Revered) Requirement: Reach Revered with The Nightfallen to unlock this item for your housing collection.","","","248594","","1155","","Displayed acquisition source is Legion content","https://housing.wowdb.com/decor/1465/purple-suramar-seat-cushion-1465/"
"1466","Small Red Suramar Seat Cushion","legion_theme","acquisition_legion_confirmed","legion","Vendor: Sundries Merchant A H (Suramar) 100 Ancient Mana The Nightfallen (Friendly) Requirement: Reach Friendly with The Nightfallen to unlock this item for your housing collection.","","","248594","","1155","","Displayed acquisition source is Legion content","https://housing.wowdb.com/decor/1466/small-red-suramar-seat-cushion-1466/"
"1692","Val'sharah Bookcase","legion_theme","acquisition_legion_confirmed","legion","Quest: Moon Reaver (Val'sharah) Requirement: Complete this quest to unlock this item for your housing collection. Vendor: Myria Glenbrook (Val'sharah) 250 Order Resources","","42751","109306","","1220","","Displayed acquisition source is Legion content","https://housing.wowdb.com/decor/1692/valsharah-bookcase-1692/"
"1694","Kaldorei Chef's Table","legion_theme","acquisition_legion_confirmed","legion","Vendor: Hilseth Travelstride A (Val'sharah) 400 Order Resources Legion","","","112634","","1220","","Displayed acquisition source is Legion content","https://housing.wowdb.com/decor/1694/kaldorei-chefs-table-1694/"
"1695","Kaldorei Washbasin","legion_theme","acquisition_legion_confirmed","legion","Vendor: Selfira Ambergrove A H (Val'sharah) 700 & 1000 Order Resources Dreamweavers (Revered) • Legion Requirement: Reach Revered with Dreamweavers to unlock this item for your housing collection. Vendor: Sylvia Hartshorn H (Val'sharah) 500 & 1000 Order Resources Dreamweavers (Revered) • Legion Requirement: Reach Revered with Dreamweavers to unlock this item for your housing collection.","","","106901;253387","","1220","","Displayed acquisition source is Legion content","https://housing.wowdb.com/decor/1695/kaldorei-washbasin-1695/"
"1703","Thunder Totem Kiln","legion_theme","acquisition_legion_confirmed","legion","Vendor: Ransa Greyfeather A H (Highmountain) 560 & 1000 Order Resources Highmountain Tribe (Revered) • Legion Requirement: Reach Revered with Highmountain Tribe to unlock this item for your housing collection.","","","106902","","1220","","Displayed acquisition source is Legion content","https://housing.wowdb.com/decor/1703/thunder-totem-kiln-1703/"
"1740","Trueshot Lodge Fireplace","legion_theme","acquisition_legion_confirmed","legion","Vendor: Outfitter Reynolds A H (Trueshot Lodge) 500 Order Resources Legion","","","103693","","1220","","Displayed acquisition source is Legion content","https://housing.wowdb.com/decor/1740/trueshot-lodge-fireplace-1740/"
"1741","Runed Dreamweaver Moonstone","legion_theme","acquisition_legion_confirmed","legion","Vendor: Amurra Thistledew A H (The Dreamgrove) 500 Order Resources Legion","","","112323","","1220","","Displayed acquisition source is Legion content","https://housing.wowdb.com/decor/1741/runed-dreamweaver-moonstone-1741/"
"1746","Shaded Suramar Window","legion_theme","acquisition_legion_confirmed","legion","Crafting: Jewelcrafting (Legion Designs - Skill Level 80) Reagents Required: 25× Fel-Touched Lumber 20× Gem Chip 3× Imbued Silkweave 10× Demonsteel Bar Profession: Legion Jewelcrafting (80)","","","","1260757","","124461;127004;129100;251767","Displayed acquisition source is Legion content","https://housing.wowdb.com/decor/1746/shaded-suramar-window-1746/"
"1747","Elaborate Suramar Window","legion_theme","acquisition_legion_confirmed","legion","Quest: Visitor in Shal'Aran (Suramar) Requirement: Complete this quest to unlock this item for your housing collection. Vendor: Jocenna A H (Suramar) 225 Order Resources","","44955","252969","","1220","","Displayed acquisition source is Legion content","https://housing.wowdb.com/decor/1747/elaborate-suramar-window-1747/"
"1801","Bradensbrook Smoke Lantern","legion_theme","acquisition_legion_confirmed","legion","Quest: Shriek No More Requirement: Complete this quest to unlock this item for your housing collection. Vendor: Corbin Branbell H (Val'sharah) 350 Order Resources Legion","","39117","252498","","1220","","Displayed acquisition source is Legion content","https://housing.wowdb.com/decor/1801/bradensbrook-smoke-lantern-1801/"
"1802","Bradensbrook Thorned Well","full_catalog_source_scan","acquisition_legion_confirmed","legion","Quest: Source of the Corruption Requirement: Complete this quest to unlock this item for your housing collection. Vendor: Corbin Branbell H (Val'sharah) 1000 Order Resources Legion Quest: ""Source of the Corruption"" (Healer artifact quest)","","46107","252498","","1220","","Legion acquisition source found outside the Legion theme tag","https://housing.wowdb.com/decor/1802/bradensbrook-thorned-well-1802/"
"1881","Shala'nir Feather Bed","legion_theme","acquisition_legion_confirmed","legion","Achievement: That's Val'sharah Folks! Requirement: The That's Val'sharah Folks! Achievement must be completed to unlock or purchase this item for your housing collection. Vendor: Selfira Ambergrove A H (Val'sharah) 600 Order Resources Dreamweavers • Legion","10698","","253387","","1220","","Displayed acquisition source is Legion content","https://housing.wowdb.com/decor/1881/shalanir-feather-bed-1881/"
"1882","Kaldorei Stone Fence","legion_theme","acquisition_legion_confirmed","legion","Quest: The Nightmare Lord (Val'sharah) Requirement: Complete this quest to unlock this item for your housing collection. Vendor: Myria Glenbrook (Val'sharah) 150 Order Resources","","40573","109306","","1220","","Displayed acquisition source is Legion content","https://housing.wowdb.com/decor/1882/kaldorei-stone-fence-1882/"
"1883","Kaldorei Stone Fencepost","legion_theme","acquisition_legion_confirmed","legion","Quest: The Nightmare Lord (Val'sharah) Requirement: Complete this quest to unlock this item for your housing collection. Vendor: Myria Glenbrook (Val'sharah) 75 Order Resources","","40573","109306","","1220","","Displayed acquisition source is Legion content","https://housing.wowdb.com/decor/1883/kaldorei-stone-fencepost-1883/"
"1884","Kaldorei Cushioned Seat","legion_theme","acquisition_legion_confirmed","legion","Quest: The Die is Cast (Val'sharah) Requirement: Complete this quest to unlock this item for your housing collection. Vendor: Selfira Ambergrove A H (Val'sharah) 250 Order Resources Dreamweavers • Legion","","38663","253387","","1220","","Displayed acquisition source is Legion content","https://housing.wowdb.com/decor/1884/kaldorei-cushioned-seat-1884/"
"1885","Elven Round Table","legion_theme","acquisition_legion_confirmed","legion","Quest: Feathersong's Redemption (Suramar) Requirement: Complete this quest to unlock this item for your housing collection. Vendor: Sileas Duskvine (Suramar) 175 Order Resources Legion","","40321","253434","","1220","","Displayed acquisition source is Legion content","https://housing.wowdb.com/decor/1885/elven-round-table-1885/"
"1886","Kaldorei Wall Shelf","legion_theme","acquisition_legion_confirmed","legion","Quest: Entangled Dreams Requirement: Complete this quest to unlock this item for your housing collection. Vendor: Selfira Ambergrove A H (Val'sharah) 75 Order Resources Dreamweavers • Legion","","38147","253387","","1220","","Displayed acquisition source is Legion content","https://housing.wowdb.com/decor/1886/kaldorei-wall-shelf-1886/"
"1887","Kaldorei Treasure Trove","legion_theme","acquisition_legion_confirmed","legion","Achievement: Treasures of Val'sharah Requirement: The Treasures of Val'sharah Achievement must be completed to unlock or purchase this item for your housing collection. Vendor: Selfira Ambergrove A H (Val'sharah) 750 Order Resources Dreamweavers • Legion Achievement: ""Treasures of Val'sharah""","11258","","253387","","1220","","Displayed acquisition source is Legion content","https://housing.wowdb.com/decor/1887/kaldorei-treasure-trove-1887/"
"1889","Crescent Moon Lamppost","legion_theme","acquisition_legion_confirmed","legion","Quest: The Tears of Elune Requirement: Complete this quest to unlock this item for your housing collection. Vendor: Selfira Ambergrove A H (Val'sharah) 300 Order Resources Dreamweavers • Legion","","40890","253387","","1220","","Displayed acquisition source is Legion content","https://housing.wowdb.com/decor/1889/crescent-moon-lamppost-1889/"
"1919","Orange Suramar Seat Cushion","legion_theme","acquisition_legion_confirmed","legion","Vendor: Sundries Merchant A H (Suramar) 200 Ancient Mana The Nightfallen (Honored) Requirement: Reach Honored with The Nightfallen to unlock this item for your housing collection.","","","248594","","1155","","Displayed acquisition source is Legion content","https://housing.wowdb.com/decor/1919/orange-suramar-seat-cushion-1919/"
"1920","Red Suramar Seat Cushion","legion_theme","acquisition_legion_confirmed","legion","Vendor: Sundries Merchant A H (Suramar) 300 Ancient Mana The Nightfallen (Revered) Requirement: Reach Revered with The Nightfallen to unlock this item for your housing collection.","","","248594","","1155","","Displayed acquisition source is Legion content","https://housing.wowdb.com/decor/1920/red-suramar-seat-cushion-1920/"
"2086","Sprouting Lamppost","legion_theme","acquisition_legion_confirmed","legion","Vendor: Amurra Thistledew A H (The Dreamgrove) 500 Order Resources Legion","","","112323","","1220","","Displayed acquisition source is Legion content","https://housing.wowdb.com/decor/2086/sprouting-lamppost-2086/"
"2516","""Fruit of the Arcan'dor"" Painting","legion_theme","acquisition_legion_confirmed","legion","Vendor: First Arcanist Thalyssra H (Suramar) Vendor: First Arcanist Thalyssra A H (Suramar) 800 & 2000 Order Resources The Nightfallen (Exalted) • Legion Requirement: Reach Exalted with The Nightfallen to unlock this item for your housing collection.","","","115736;97140","","1220","","Displayed acquisition source is Legion content","https://housing.wowdb.com/decor/2516/fruit-of-the-arcandor-painting-2516/"
"2517","""Raising Your Eyes"" Painting","legion_theme","acquisition_legion_confirmed","legion","Vendor: Rasil Fireborne A (Dalaran) 15000 Legion Requires quest ""Vereesa's Tale""","","","112716","","","","Displayed acquisition source is Legion content","https://housing.wowdb.com/decor/2517/raising-your-eyes-painting-2517/"
"2530","Tome of the Lost Dragon","full_catalog_source_scan","acquisition_legion_confirmed","legion","Quest: The Head of the Snake (Azsuna) Requirement: Complete this quest to unlock this item for your housing collection. Vendor: Berazus H (Azsuna) 300 Order Resources","","37470","89939","","1220","","Legion acquisition source found outside the Legion theme tag","https://housing.wowdb.com/decor/2530/tome-of-the-lost-dragon-2530/"
"2531","Tome of Reliquary Insights","full_catalog_source_scan","acquisition_legion_confirmed","legion","Encounter: Return to Karazhan - Viz'aduum the Watcher (Karazhan)","","","","","","","Legion acquisition source found outside the Legion theme tag","https://housing.wowdb.com/decor/2531/tome-of-reliquary-insights-2531/"
"3981","Nightborne Merchant's Stall","legion_theme","acquisition_legion_confirmed","legion","Quest: Sign of the Dusk Lily (Suramar) Requirement: Complete this quest to unlock this item for your housing collection. Vendor: Jocenna A H (Suramar) 600 Order Resources","","44756","252969","","1220","","Displayed acquisition source is Legion content","https://housing.wowdb.com/decor/3981/nightborne-merchants-stall-3981/"
"3982","Deluxe Suramar Sleeper","legion_theme","acquisition_legion_confirmed","legion","Achievement: Insurrection Requirement: The Insurrection Achievement must be completed to unlock or purchase this item for your housing collection. Vendor: Jocenna A H (Suramar) 1200 Order Resources","11340","","252969","","1220","","Displayed acquisition source is Legion content","https://housing.wowdb.com/decor/3982/deluxe-suramar-sleeper-3982/"
"3983","Suramar Library","legion_theme","acquisition_legion_confirmed","legion","Vendor: First Arcanist Thalyssra H (Suramar) Vendor: First Arcanist Thalyssra A H (Suramar) 400 & 750 Order Resources The Nightfallen (Honored) • Legion Requirement: Reach Honored with The Nightfallen to unlock this item for your housing collection.","","","115736;97140","","1220","","Displayed acquisition source is Legion content","https://housing.wowdb.com/decor/3983/suramar-library-3983/"
"3984","Nightborne Bench","legion_theme","acquisition_legion_confirmed","legion","Vendor: First Arcanist Thalyssra H (Suramar) Vendor: First Arcanist Thalyssra A H (Suramar) 400 & 750 Order Resources The Nightfallen (Honored) • Legion Requirement: Reach Honored with The Nightfallen to unlock this item for your housing collection.","","","115736;97140","","1220","","Displayed acquisition source is Legion content","https://housing.wowdb.com/decor/3984/nightborne-bench-3984/"
"3985","Arcwine Counter","legion_theme","acquisition_legion_confirmed","legion","Vendor: First Arcanist Thalyssra H (Suramar) Vendor: First Arcanist Thalyssra A H (Suramar) 560 & 1000 Order Resources The Nightfallen (Revered) • Legion Requirement: Reach Revered with The Nightfallen to unlock this item for your housing collection.","","","115736;97140","","1220","","Displayed acquisition source is Legion content","https://housing.wowdb.com/decor/3985/arcwine-counter-3985/"
"4023","Suramar Fencepost","legion_theme","acquisition_legion_confirmed","legion","Crafting: Blacksmithing (Legion Plans - Skill Level 80) Reagents Required: 10× Fel-Touched Lumber 5× Demonsteel Bar 1× Leylight Shard Profession: Legion Blacksmithing (80)","","","","1260695","","124441;124461;251767","Displayed acquisition source is Legion content","https://housing.wowdb.com/decor/4023/suramar-fencepost-4023/"
"4024","Suramar Sconce","legion_theme","acquisition_legion_confirmed","legion","Vendor: First Arcanist Thalyssra H (Suramar) Vendor: First Arcanist Thalyssra A H (Suramar) 240 & 500 Order Resources The Nightfallen (Friendly) • Legion Requirement: Reach Friendly with The Nightfallen to unlock this item for your housing collection.","","","115736;97140","","1220","","Displayed acquisition source is Legion content","https://housing.wowdb.com/decor/4024/suramar-sconce-4024/"
"4025","Shal'dorei Seat","legion_theme","acquisition_legion_confirmed","legion","Quest: Ly'leth's Champion Requirement: Complete this quest to unlock this item for your housing collection. Vendor: Jocenna A H (Suramar) 100 Order Resources","","43318","252969","","1220","","Displayed acquisition source is Legion content","https://housing.wowdb.com/decor/4025/shaldorei-seat-4025/"
"4026","Large Traditional Shal'dorei Rug","legion_theme","acquisition_legion_confirmed","legion","Vendor: Leyweaver Inondra A H (Suramar) 250 Ancient Mana Legion","","","93971","","1155","","Displayed acquisition source is Legion content","https://housing.wowdb.com/decor/4026/large-traditional-shaldorei-rug-4026/"
"4027","Ornate Suramar Table","legion_theme","acquisition_legion_confirmed","legion","Encounter: Court of Stars - Advisor Melandrus (Court of Stars)","","","","","","","Displayed acquisition source is Legion content","https://housing.wowdb.com/decor/4027/ornate-suramar-table-4027/"
"4028","Covered Ornate Suramar Table","legion_theme","acquisition_legion_confirmed","legion","Quest: And They Will Tremble (Suramar) Requirement: Complete this quest to unlock this item for your housing collection. Vendor: Jocenna A H (Suramar) 400 Order Resources","","44052","252969","","1220","","Displayed acquisition source is Legion content","https://housing.wowdb.com/decor/4028/covered-ornate-suramar-table-4028/"
"4030","Covered Square Suramar Table","legion_theme","acquisition_legion_confirmed","legion","Crafting: Inscription (Legion Inscription - Skill Level 80) Reagents Required: 35× Fel-Touched Lumber 25× Roseate Pigment 6× Imbued Silkweave 15× Demonsteel Bar Profession: Legion Inscription (80)","","","","1260711","","124461;127004;129032;251767","Displayed acquisition source is Legion content","https://housing.wowdb.com/decor/4030/covered-square-suramar-table-4030/"
"4031","Covered Small Suramar Table","legion_theme","acquisition_legion_confirmed","legion","Quest: The Master's Legacy (Suramar) Requirement: Complete this quest to unlock this item for your housing collection. Vendor: Jocenna A H (Suramar) 200 Order Resources","","41915","252969","","1220","","Displayed acquisition source is Legion content","https://housing.wowdb.com/decor/4031/covered-small-suramar-table-4031/"
"4032","Nightborne Jeweler's Table","legion_theme","acquisition_legion_confirmed","legion","Crafting: Inscription (Legion Inscription - Skill Level 80) Reagents Required: 28× Fel-Touched Lumber 5× Gem Chip 20× Sallow Pigment 10× Roseate Pigment 3× Imbued Silkweave 5× Demonsteel Bar Profession: Legion Inscription (80)","","","","1260719","","124461;127004;129032;129034;129100;251767","Displayed acquisition source is Legion content","https://housing.wowdb.com/decor/4032/nightborne-jewelers-table-4032/"
"4033","Traditional Shal'dorei Rug","legion_theme","acquisition_legion_confirmed","legion","Vendor: Leyweaver Inondra A H (Suramar) 150 Ancient Mana Legion","","","93971","","1155","","Displayed acquisition source is Legion content","https://housing.wowdb.com/decor/4033/traditional-shaldorei-rug-4033/"
"4034","Circular Shal'dorei Rug","legion_theme","acquisition_legion_confirmed","legion","Crafting: Tailoring (Legion Patterns - Skill Level 80) Reagents Required: 30× Fel-Touched Lumber 15× Roseate Pigment 8× Runic Catgut 40× Shal'dorei Silk Profession: Legion Tailoring (80)","","","","1260774","","124437;127037;129032;251767","Displayed acquisition source is Legion content","https://housing.wowdb.com/decor/4034/circular-shaldorei-rug-4034/"
"4035","Nightborne Wall Shelf","legion_theme","acquisition_legion_confirmed","legion","Vendor: First Arcanist Thalyssra H (Suramar) Vendor: First Arcanist Thalyssra A H (Suramar) 240 & 500 Order Resources The Nightfallen (Friendly) • Legion Requirement: Reach Friendly with The Nightfallen to unlock this item for your housing collection.","","","115736;97140","","1220","","Displayed acquisition source is Legion content","https://housing.wowdb.com/decor/4035/nightborne-wall-shelf-4035/"
"4036","Suramar Fence","legion_theme","acquisition_legion_confirmed","legion","Crafting: Blacksmithing (Legion Plans - Skill Level 80) Reagents Required: 15× Fel-Touched Lumber 10× Demonsteel Bar 1× Leylight Shard Profession: Legion Blacksmithing (80)","","","","1260693","","124441;124461;251767","Displayed acquisition source is Legion content","https://housing.wowdb.com/decor/4036/suramar-fence-4036/"
"4037","Suramar Containment Cell","legion_theme","acquisition_legion_confirmed","legion","Crafting: Enchanting (Legion Enchanting - Skill Level 80) Reagents Required: 34× Fel-Touched Lumber 10× Demonsteel Bar 16× Chaos Crystal 2× Blood of Sargeras Profession: Legion Enchanting (80)","","","","1260700","","124124;124442;124461;251767","Displayed acquisition source is Legion content","https://housing.wowdb.com/decor/4037/suramar-containment-cell-4037/"
"4038","Suramar Street Light","legion_theme","acquisition_legion_confirmed","legion","Vendor: First Arcanist Thalyssra H (Suramar) Vendor: First Arcanist Thalyssra A H (Suramar) 560 & 1000 Order Resources The Nightfallen (Revered) • Legion Requirement: Reach Revered with The Nightfallen to unlock this item for your housing collection.","","","115736;97140","","1220","","Displayed acquisition source is Legion content","https://housing.wowdb.com/decor/4038/suramar-street-light-4038/"
"4039","Suramar Storage Crate","legion_theme","acquisition_legion_confirmed","legion","Crafting: Inscription (Legion Inscription - Skill Level 80) Reagents Required: 20× Fel-Touched Lumber 20× Sallow Pigment 12× Demonsteel Bar Profession: Legion Inscription (80)","","","","1260730","","124461;129034;251767","Displayed acquisition source is Legion content","https://housing.wowdb.com/decor/4039/suramar-storage-crate-4039/"
"4040","Suramar Window","legion_theme","acquisition_legion_confirmed","legion","Quest: Thalyssra's Drawers (Suramar) Requirement: Complete this quest to unlock this item for your housing collection. Vendor: Jocenna A H (Suramar) 175 Order Resources","","42489","252969","","1220","","Displayed acquisition source is Legion content","https://housing.wowdb.com/decor/4040/suramar-window-4040/"
"4041","Shal'dorei Open-Air Tent","legion_theme","acquisition_legion_confirmed","legion","Crafting: Tailoring (Legion Patterns - Skill Level 80) Reagents Required: 40× Fel-Touched Lumber 12× Runic Catgut 20× Imbued Silkweave 12× Demonsteel Bar Profession: Legion Tailoring (80)","","","","1260769","","124461;127004;127037;251767","Displayed acquisition source is Legion content","https://housing.wowdb.com/decor/4041/shaldorei-open-air-tent-4041/"
"4042","Trueshot Skeletal Dragon Head","legion_theme","acquisition_legion_confirmed","legion","Achievement: The Huntmaster's Campaign Requirement: The The Huntmaster's Campaign Achievement must be completed to unlock or purchase this item for your housing collection. Vendor: Outfitter Reynolds A H (Trueshot Lodge) 1500 Order Resources Legion","42273","","103693","","1220","","Displayed acquisition source is Legion content","https://housing.wowdb.com/decor/4042/trueshot-skeletal-dragon-head-4042/"
"5112","Five Dawns Weapon Rack","full_catalog_source_scan","acquisition_legion_confirmed","legion","Vendor: Caydori Brightstar A H (Mandori Village) 500 Order Resources Legion","","","112338","","1220","","Legion acquisition source found outside the Legion theme tag","https://housing.wowdb.com/decor/5112/five-dawns-weapon-rack-5112/"
"5113","Five Dawns Shrine of the Smoking Fish","full_catalog_source_scan","acquisition_legion_confirmed","legion","Vendor: Caydori Brightstar A H (Mandori Village) 500 Order Resources Legion","","","112338","","1220","","Legion acquisition source found outside the Legion theme tag","https://housing.wowdb.com/decor/5113/five-dawns-shrine-of-the-smoking-fish-5113/"
"5117","Replica Felblood Altar","legion_theme","acquisition_legion_confirmed","legion","Achievement: Hidden Potential of the Netherlord Requirement: The Hidden Potential of the Netherlord Achievement must be completed to unlock or purchase this item for your housing collection. Vendor: Gigi Gigavoid A (Dreadscar Rift) 5000 Order Resources Black Harvest • Legion","42297","","112434","","1220","","Displayed acquisition source is Legion content","https://housing.wowdb.com/decor/5117/replica-felblood-altar-5117/"
"5119","Five Dawns Planning Table","full_catalog_source_scan","acquisition_legion_confirmed","legion","Achievement: Raise an Army for the Temple of Five Dawns Requirement: The Raise an Army for the Temple of Five Dawns Achievement must be completed to unlock or purchase this item for your housing collection. Vendor: Caydori Brightstar A H (Mandori Village) 2000 Order Resources Legion","60986","","112338","","1220","","Legion acquisition source found outside the Legion theme tag","https://housing.wowdb.com/decor/5119/five-dawns-planning-table-5119/"
"5120","Black Harvest Banner","legion_theme","acquisition_legion_confirmed","legion","Vendor: Gigi Gigavoid A (Dreadscar Rift) 1000 Order Resources Black Harvest • Legion","","","112434","","1220","","Displayed acquisition source is Legion content","https://housing.wowdb.com/decor/5120/black-harvest-banner-5120/"
"5126","Monastery Gong","full_catalog_source_scan","acquisition_legion_confirmed","legion","Achievement: The Grandmaster's Campaign Requirement: The The Grandmaster's Campaign Achievement must be completed to unlock or purchase this item for your housing collection. Vendor: Caydori Brightstar A H (Mandori Village) 1500 Order Resources Legion","42275","","112338","","1220","","Legion acquisition source found outside the Legion theme tag","https://housing.wowdb.com/decor/5126/monastery-gong-5126/"
"5127","Dreadscar Bookcase","legion_theme","acquisition_legion_confirmed","legion","Vendor: Gigi Gigavoid A (Dreadscar Rift) 500 Order Resources Black Harvest • Legion","","","112434","","1220","","Displayed acquisition source is Legion content","https://housing.wowdb.com/decor/5127/dreadscar-bookcase-5127/"
"5128","Dreadscar Dais","legion_theme","acquisition_legion_confirmed","legion","Achievement: The Netherlord's Campaign Requirement: The The Netherlord's Campaign Achievement must be completed to unlock or purchase this item for your housing collection. Vendor: Gigi Gigavoid A (Dreadscar Rift) 1500 Order Resources Black Harvest • Legion","42281","","112434","","1220","","Displayed acquisition source is Legion content","https://housing.wowdb.com/decor/5128/dreadscar-dais-5128/"
"5136","Tauren Hanging Brazier","legion_theme","acquisition_legion_confirmed","legion","Vendor: Ransa Greyfeather A H (Highmountain) 400 & 750 Order Resources Highmountain Tribe (Honored) • Legion Requirement: Reach Honored with Highmountain Tribe to unlock this item for your housing collection.","","","106902","","1220","","Displayed acquisition source is Legion content","https://housing.wowdb.com/decor/5136/tauren-hanging-brazier-5136/"
"5292","Black Harvest Orrery","legion_theme","acquisition_legion_confirmed","legion","Vendor: Gigi Gigavoid A (Dreadscar Rift) 500 Order Resources Black Harvest • Legion","","","112434","","1220","","Displayed acquisition source is Legion content","https://housing.wowdb.com/decor/5292/black-harvest-orrery-5292/"
"5525","Replica Cursed Forge of the Nathrezim","legion_theme","acquisition_legion_confirmed","legion","Achievement: Hidden Potential of the Slayer Requirement: The Hidden Potential of the Slayer Achievement must be completed to unlock or purchase this item for your housing collection. Vendor: Falara Nightsong A H (The Fel Hammer) 5000 Order Resources Legion","42288","","112407","","1220","","Displayed acquisition source is Legion content","https://housing.wowdb.com/decor/5525/replica-cursed-forge-of-the-nathrezim-5525/"
"5526","Replica Forge of Odyn","legion_theme","acquisition_legion_confirmed","legion","Achievement: Hidden Potential of the Battlelord Requirement: The Hidden Potential of the Battlelord Achievement must be completed to unlock or purchase this item for your housing collection. Vendor: Quartermaster Durnolf H (Skyhold) 5000 Order Resources Legion","42298","","112392","","1220","","Displayed acquisition source is Legion content","https://housing.wowdb.com/decor/5526/replica-forge-of-odyn-5526/"
"5527","Illidari Glaiverest","legion_theme","acquisition_legion_confirmed","legion","Achievement: The Slayer's Campaign Requirement: The The Slayer's Campaign Achievement must be completed to unlock or purchase this item for your housing collection. Vendor: Falara Nightsong A H (The Fel Hammer) 1500 Order Resources Legion","42271","","112407","","1220","","Displayed acquisition source is Legion content","https://housing.wowdb.com/decor/5527/illidari-glaiverest-5527/"
"5528","Skyhold Brazier","legion_theme","acquisition_legion_confirmed","legion","Vendor: Quartermaster Durnolf H (Skyhold) 500 Order Resources Legion","","","112392","","1220","","Displayed acquisition source is Legion content","https://housing.wowdb.com/decor/5528/skyhold-brazier-5528/"
"5529","Skyhold War Table","legion_theme","acquisition_legion_confirmed","legion","Achievement: Raise an Army for Skyhold Requirement: The Raise an Army for Skyhold Achievement must be completed to unlock or purchase this item for your housing collection. Vendor: Quartermaster Durnolf H (Skyhold) 2000 Order Resources Legion","60992","","112392","","1220","","Displayed acquisition source is Legion content","https://housing.wowdb.com/decor/5529/skyhold-war-table-5529/"
"5530","Illidari Banner","legion_theme","acquisition_legion_confirmed","legion","Vendor: Falara Nightsong A H (The Fel Hammer) 1000 Order Resources Legion","","","112407","","1220","","Displayed acquisition source is Legion content","https://housing.wowdb.com/decor/5530/illidari-banner-5530/"
"5531","Illidari Skull Sentinel","legion_theme","acquisition_legion_confirmed","legion","Vendor: Falara Nightsong A H (The Fel Hammer) 500 Order Resources Legion","","","112407","","1220","","Displayed acquisition source is Legion content","https://housing.wowdb.com/decor/5531/illidari-skull-sentinel-5531/"
"5532","Valarjar Banner","legion_theme","acquisition_legion_confirmed","legion","Vendor: Quartermaster Durnolf H (Skyhold) 1000 Order Resources Legion","","","112392","","1220","","Displayed acquisition source is Legion content","https://housing.wowdb.com/decor/5532/valarjar-banner-5532/"
"5534","Valarjar Shield Wall","legion_theme","acquisition_legion_confirmed","legion","Achievement: The Battlelord's Campaign Requirement: The The Battlelord's Campaign Achievement must be completed to unlock or purchase this item for your housing collection. Vendor: Quartermaster Durnolf H (Skyhold) 1500 Order Resources Legion","42282","","112392","","1220","","Displayed acquisition source is Legion content","https://housing.wowdb.com/decor/5534/valarjar-shield-wall-5534/"
"5555","Fel Hammer Scouting Map","legion_theme","acquisition_legion_confirmed","legion","Achievement: Raise an Army for the Fel Hammer Requirement: The Raise an Army for the Fel Hammer Achievement must be completed to unlock or purchase this item for your housing collection. Vendor: Falara Nightsong A H (The Fel Hammer) 2000 Order Resources Legion","60982","","112407","","1220","","Displayed acquisition source is Legion content","https://housing.wowdb.com/decor/5555/fel-hammer-scouting-map-5555/"
"5562","Skyhold Spear Rack","legion_theme","acquisition_legion_confirmed","legion","Vendor: Quartermaster Durnolf H (Skyhold) 500 Order Resources Legion","","","112392","","1220","","Displayed acquisition source is Legion content","https://housing.wowdb.com/decor/5562/skyhold-spear-rack-5562/"
"5575","Replica Tome of Fel Secrets","legion_theme","acquisition_legion_confirmed","legion","Achievement: Legendary Research of the Illidari Requirement: The Legendary Research of the Illidari Achievement must be completed to unlock or purchase this item for your housing collection. Vendor: Falara Nightsong A H (The Fel Hammer) 3000 Order Resources Legion Vendor: Quartermaster Ozorg H (Acherus: The Ebon Hold)","60963","","112407;93550","","1220","","Displayed acquisition source is Legion content","https://housing.wowdb.com/decor/5575/replica-tome-of-fel-secrets-5575/"
"5877","Trueshot Lodge Weapon Rack","legion_theme","acquisition_legion_confirmed","legion","Vendor: Outfitter Reynolds A H (Trueshot Lodge) 500 Order Resources Legion","","","103693","","1220","","Displayed acquisition source is Legion content","https://housing.wowdb.com/decor/5877/trueshot-lodge-weapon-rack-5877/"
"5878","Replica Tome of the Ancients","legion_theme","acquisition_legion_confirmed","legion","Achievement: Legendary Research of the Dreamgrove Requirement: The Legendary Research of the Dreamgrove Achievement must be completed to unlock or purchase this item for your housing collection. Vendor: Amurra Thistledew A H (The Dreamgrove) 3000 Order Resources Legion","60964","","112323","","1220","","Displayed acquisition source is Legion content","https://housing.wowdb.com/decor/5878/replica-tome-of-the-ancients-5878/"
"5879","Ebon Blade Planning Map","legion_theme","acquisition_legion_confirmed","legion","Achievement: Raise an Army for Acherus Requirement: The Raise an Army for Acherus Achievement must be completed to unlock or purchase this item for your housing collection. Vendor: Quartermaster Ozorg H (Acherus: The Ebon Hold) 2000 Order Resources Knights of the Ebon Blade • Legion","60981","","93550","","1220","","Displayed acquisition source is Legion content","https://housing.wowdb.com/decor/5879/ebon-blade-planning-map-5879/"
"5880","Ebon Blade Tome","legion_theme","acquisition_legion_confirmed","legion","Vendor: Quartermaster Ozorg H (Acherus: The Ebon Hold) 500 Order Resources Knights of the Ebon Blade • Legion","","","93550","","1220","","Displayed acquisition source is Legion content","https://housing.wowdb.com/decor/5880/ebon-blade-tome-5880/"
"5881","Acherus Worktable","legion_theme","acquisition_legion_confirmed","legion","Vendor: Quartermaster Ozorg H (Acherus: The Ebon Hold) 500 Order Resources Knights of the Ebon Blade • Legion","","","93550","","1220","","Displayed acquisition source is Legion content","https://housing.wowdb.com/decor/5881/acherus-worktable-5881/"
"5882","Ebon Blade Weapon Rack","legion_theme","acquisition_legion_confirmed","legion","Achievement: The Deathlord's Campaign Requirement: The The Deathlord's Campaign Achievement must be completed to unlock or purchase this item for your housing collection. Vendor: Quartermaster Ozorg H (Acherus: The Ebon Hold) 1500 Order Resources Knights of the Ebon Blade • Legion","42270","","93550","","1220","","Displayed acquisition source is Legion content","https://housing.wowdb.com/decor/5882/ebon-blade-weapon-rack-5882/"
"5888","Replica Acherus Soul Forge","legion_theme","acquisition_legion_confirmed","legion","Achievement: Hidden Potential of the Deathlord Requirement: The Hidden Potential of the Deathlord Achievement must be completed to unlock or purchase this item for your housing collection. Vendor: Quartermaster Ozorg H (Acherus: The Ebon Hold) 5000 Order Resources Knights of the Ebon Blade • Legion","42287","","93550","","1220","","Displayed acquisition source is Legion content","https://housing.wowdb.com/decor/5888/replica-acherus-soul-forge-5888/"
"5889","Ebon Blade Banner","legion_theme","acquisition_legion_confirmed","legion","Vendor: Quartermaster Ozorg H (Acherus: The Ebon Hold) 1000 Order Resources Knights of the Ebon Blade • Legion","","","93550","","1220","","Displayed acquisition source is Legion content","https://housing.wowdb.com/decor/5889/ebon-blade-banner-5889/"
"5890","Replica Altar of the Eternal Hunt","legion_theme","acquisition_legion_confirmed","legion","Achievement: Hidden Potential of the Huntmaster Requirement: The Hidden Potential of the Huntmaster Achievement must be completed to unlock or purchase this item for your housing collection. Vendor: Outfitter Reynolds A H (Trueshot Lodge) 5000 Order Resources Legion","42290","","103693","","1220","","Displayed acquisition source is Legion content","https://housing.wowdb.com/decor/5890/replica-altar-of-the-eternal-hunt-5890/"
"5891","Unseen Path Archer's Gallery","legion_theme","acquisition_legion_confirmed","legion","Achievement: Raise an Army for the Trueshot Lodge Requirement: The Raise an Army for the Trueshot Lodge Achievement must be completed to unlock or purchase this item for your housing collection. Vendor: Outfitter Reynolds A H (Trueshot Lodge) 2000 Order Resources Legion","60984","","103693","","1220","","Displayed acquisition source is Legion content","https://housing.wowdb.com/decor/5891/unseen-path-archers-gallery-5891/"
"5892","Replica Tales of the Hunt","legion_theme","acquisition_legion_confirmed","legion","Achievement: Legendary Research of the Unseen Path Requirement: The Legendary Research of the Unseen Path Achievement must be completed to unlock or purchase this item for your housing collection. Vendor: Outfitter Reynolds A H (Trueshot Lodge) 3000 Order Resources Legion","60965","","103693","","1220","","Displayed acquisition source is Legion content","https://housing.wowdb.com/decor/5892/replica-tales-of-the-hunt-5892/"
"5893","Banner of the Unseen Path","legion_theme","acquisition_legion_confirmed","legion","Vendor: Outfitter Reynolds A H (Trueshot Lodge) 1000 Order Resources Legion","","","103693","","1220","","Displayed acquisition source is Legion content","https://housing.wowdb.com/decor/5893/banner-of-the-unseen-path-5893/"
"5894","Tirisgarde Candle","legion_theme","acquisition_legion_confirmed","legion","Vendor: Jackson Watkins A H (Hall of the Guardian) 500 Order Resources Legion","","","112440","","1220","","Displayed acquisition source is Legion content","https://housing.wowdb.com/decor/5894/tirisgarde-candle-5894/"
"5895","Tirisgarde War Map","legion_theme","acquisition_legion_confirmed","legion","Achievement: Raise an Army for the Hall of the Guardian Requirement: The Raise an Army for the Hall of the Guardian Achievement must be completed to unlock or purchase this item for your housing collection. Vendor: Jackson Watkins A H (Hall of the Guardian) Legion","60985","","112440","","","","Displayed acquisition source is Legion content","https://housing.wowdb.com/decor/5895/tirisgarde-war-map-5895/"
"5896","Tirisgarde Brazier","legion_theme","acquisition_legion_confirmed","legion","Vendor: Jackson Watkins A H (Hall of the Guardian) 500 Order Resources Legion","","","112440","","1220","","Displayed acquisition source is Legion content","https://housing.wowdb.com/decor/5896/tirisgarde-brazier-5896/"
"5897","Dreamweaver Banner","legion_theme","acquisition_legion_confirmed","legion","Vendor: Amurra Thistledew A H (The Dreamgrove) 1000 Order Resources Legion","","","112323","","1220","","Displayed acquisition source is Legion content","https://housing.wowdb.com/decor/5897/dreamweaver-banner-5897/"
"5898","Seed of Ages Cutting","legion_theme","acquisition_legion_confirmed","legion","Achievement: Hidden Potential of the Archdruid Requirement: The Hidden Potential of the Archdruid Achievement must be completed to unlock or purchase this item for your housing collection. Vendor: Amurra Thistledew A H (The Dreamgrove) 5000 Order Resources Legion","42289","","112323","","1220","","Displayed acquisition source is Legion content","https://housing.wowdb.com/decor/5898/seed-of-ages-cutting-5898/"
"7571","Replica Altar of Ancient Kings","legion_theme","acquisition_legion_confirmed","legion","Achievement: Hidden Potential of the Highlord Requirement: The Hidden Potential of the Highlord Achievement must be completed to unlock or purchase this item for your housing collection. Vendor: Eadric the Pure (Sanctum of Light) 5000 Order Resources Legion Paladin order hall","42293","","100196","","1220","","Displayed acquisition source is Legion content","https://housing.wowdb.com/decor/7571/replica-altar-of-ancient-kings-7571/"
"7572","Silver Hand Banner","legion_theme","acquisition_legion_confirmed","legion","Vendor: Eadric the Pure (Sanctum of Light) 500 Order Resources Legion Paladin order hall","","","100196","","1220","","Displayed acquisition source is Legion content","https://housing.wowdb.com/decor/7572/silver-hand-banner-7572/"
"7573","Sanctum of Light Hallway Rug","legion_theme","acquisition_legion_confirmed","legion","Vendor: Eadric the Pure (Sanctum of Light) 500 Order Resources Legion Paladin order hall","","","100196","","1220","","Displayed acquisition source is Legion content","https://housing.wowdb.com/decor/7573/sanctum-of-light-hallway-rug-7573/"
"7574","Replica Libram of Ancient Kings","legion_theme","acquisition_legion_confirmed","legion","Achievement: Legendary Research of the Silver Hand Requirement: The Legendary Research of the Silver Hand Achievement must be completed to unlock or purchase this item for your housing collection. Vendor: Eadric the Pure (Sanctum of Light) 3000 Order Resources Legion Paladin order hall","60968","","100196","","1220","","Displayed acquisition source is Legion content","https://housing.wowdb.com/decor/7574/replica-libram-of-ancient-kings-7574/"
"7575","Sanctum of Light Candelabra","legion_theme","acquisition_legion_confirmed","legion","Achievement: The Highlord's Campaign Requirement: The The Highlord's Campaign Achievement must be completed to unlock or purchase this item for your housing collection. Vendor: Eadric the Pure (Sanctum of Light) 1500 Order Resources Legion Paladin order hall","42276","","100196","","1220","","Displayed acquisition source is Legion content","https://housing.wowdb.com/decor/7575/sanctum-of-light-candelabra-7575/"
"7576","Silver Hand Tribute to the Fallen","legion_theme","acquisition_legion_confirmed","legion","Vendor: Eadric the Pure (Sanctum of Light) 1000 Order Resources Legion Paladin order hall","","","100196","","1220","","Displayed acquisition source is Legion content","https://housing.wowdb.com/decor/7576/silver-hand-tribute-to-the-fallen-7576/"
"7577","Silver Hand Weapon Rack","legion_theme","acquisition_legion_confirmed","legion","Achievement: Raise an Army for the Sanctum of Light Requirement: The Raise an Army for the Sanctum of Light Achievement must be completed to unlock or purchase this item for your housing collection. Vendor: Eadric the Pure (Sanctum of Light) 2000 Order Resources Legion Paladin order hall","60987","","100196","","1220","","Displayed acquisition source is Legion content","https://housing.wowdb.com/decor/7577/silver-hand-weapon-rack-7577/"
"7579","Tirisgarde Banner","legion_theme","acquisition_legion_confirmed","legion","Vendor: Jackson Watkins A H (Hall of the Guardian) 1000 Order Resources Legion","","","112440","","1220","","Displayed acquisition source is Legion content","https://housing.wowdb.com/decor/7579/tirisgarde-banner-7579/"
"7606","Netherlight Conclave Voidwell","legion_theme","acquisition_legion_confirmed","legion","Vendor: Meridelle Lightspark H (Netherlight Temple) 500 Order Resources Legion","","","112401","","1220","","Displayed acquisition source is Legion content","https://housing.wowdb.com/decor/7606/netherlight-conclave-voidwell-7606/"
"7607","Conclave Pedestal","legion_theme","acquisition_legion_confirmed","legion","Vendor: Meridelle Lightspark H (Netherlight Temple) 500 Order Resources Legion","","","112401","","1220","","Displayed acquisition source is Legion content","https://housing.wowdb.com/decor/7607/conclave-pedestal-7607/"
"7608","Netherlight Lightwell","legion_theme","acquisition_legion_confirmed","legion","Vendor: Meridelle Lightspark H (Netherlight Temple) 500 Order Resources Legion","","","112401","","1220","","Displayed acquisition source is Legion content","https://housing.wowdb.com/decor/7608/netherlight-lightwell-7608/"
"7609","Conjured Altar of the Guardian","legion_theme","acquisition_legion_confirmed","legion","Achievement: Hidden Potential of the Archmage Requirement: The Hidden Potential of the Archmage Achievement must be completed to unlock or purchase this item for your housing collection. Vendor: Jackson Watkins A H (Hall of the Guardian) 5000 Order Resources Legion Achievement: ""Hidden Potential of the Archmage""","42291","","112440","","1220","","Displayed acquisition source is Legion content","https://housing.wowdb.com/decor/7609/conjured-altar-of-the-guardian-7609/"
"7610","Tome of the Corrupt","legion_theme","acquisition_legion_confirmed","legion","Achievement: Court of Farondis Requirement: The Court of Farondis Achievement must be completed to unlock or purchase this item for your housing collection. Vendor: Domelius A H (Dalaran) Vendor: Val'zuun (Dalaran) 6000 Order Resources & 50 Veiled Argunite","42318","","216418;251042","","1220;1508","","Displayed acquisition source is Legion content","https://housing.wowdb.com/decor/7610/tome-of-the-corrupt-7610/"
"7620","Vrykul Lord's Throne","legion_theme","acquisition_legion_confirmed","legion","Achievement: Valarjar Requirement: The Valarjar Achievement must be completed to unlock or purchase this item for your housing collection. Vendor: Domelius A H (Dalaran) Vendor: Val'zuun (Dalaran) 12000 Order Resources & 50 Veiled Argunite","42658","","216418;251042","","1220;1508","","Displayed acquisition source is Legion content","https://housing.wowdb.com/decor/7620/vrykul-lords-throne-7620/"
"7621","Legion's Holo-Communicator","legion_theme","acquisition_legion_confirmed","legion","Achievement: Broken Isles Dungeoneer Requirement: The Broken Isles Dungeoneer Achievement must be completed to unlock or purchase this item for your housing collection. Vendor: Domelius A H (Dalaran) Vendor: Val'zuun (Dalaran) 18000 Order Resources & 50 Veiled Argunite","42692","","216418;251042","","1220;1508","","Displayed acquisition source is Legion content","https://housing.wowdb.com/decor/7621/legions-holo-communicator-7621/"
"7622","Hanging Felsteel Chain","legion_theme","acquisition_legion_confirmed","legion","Vendor: Domelius A H (Dalaran) Vendor: Val'zuun (Dalaran) 3000 Order Resources & 50 Veiled Argunite","","","216418;251042","","1220;1508","","Displayed acquisition source is Legion content","https://housing.wowdb.com/decor/7622/hanging-felsteel-chain-7622/"
"7623","Legion's Fel Torch","legion_theme","acquisition_legion_confirmed","legion","Achievement: Power of the Obelisks II Requirement: The Power of the Obelisks II Achievement must be completed to unlock or purchase this item for your housing collection. Vendor: Domelius A H (Dalaran) Vendor: Val'zuun (Dalaran) 3000 Order Resources & 50 Veiled Argunite","61060","","216418;251042","","1220;1508","","Displayed acquisition source is Legion content","https://housing.wowdb.com/decor/7623/legions-fel-torch-7623/"
"7624","Corruption Pit","legion_theme","acquisition_legion_confirmed","legion","Achievement: Legion Remix Raids Requirement: The Legion Remix Raids Achievement must be completed to unlock or purchase this item for your housing collection. Vendor: Domelius A H (Dalaran) Vendor: Val'zuun (Dalaran) 18000 Order Resources & 50 Veiled Argunite","42321","","216418;251042","","1220;1508","","Displayed acquisition source is Legion content","https://housing.wowdb.com/decor/7624/corruption-pit-7624/"
"7625","Legion's Fel Brazier","legion_theme","acquisition_legion_confirmed","legion","Achievement: Dreamweavers Requirement: The Dreamweavers Achievement must be completed to unlock or purchase this item for your housing collection. Vendor: Domelius A H (Dalaran) Vendor: Val'zuun (Dalaran) 3000 Order Resources & 50 Veiled Argunite","42619","","216418;251042","","1220;1508","","Displayed acquisition source is Legion content","https://housing.wowdb.com/decor/7625/legions-fel-brazier-7625/"
"7658","Vertical Felsteel Chain","legion_theme","acquisition_legion_confirmed","legion","Achievement: Defending the Broken Isles III Requirement: The Defending the Broken Isles III Achievement must be completed to unlock or purchase this item for your housing collection. Vendor: Domelius A H (Dalaran) Vendor: Val'zuun (Dalaran) 3000 Order Resources & 50 Veiled Argunite","42675","","216418;251042","","1220;1508","","Displayed acquisition source is Legion content","https://housing.wowdb.com/decor/7658/vertical-felsteel-chain-7658/"
"7686","Legion Torture Rack","legion_theme","acquisition_legion_confirmed","legion","Achievement: Heroic Broken Isles World Quests III Requirement: The Heroic Broken Isles World Quests III Achievement must be completed to unlock or purchase this item for your housing collection. Vendor: Domelius A H (Dalaran) Vendor: Val'zuun (Dalaran) 6000 Order Resources & 50 Veiled Argunite","61054","","216418;251042","","1220;1508","","Displayed acquisition source is Legion content","https://housing.wowdb.com/decor/7686/legion-torture-rack-7686/"
"7687","Eredar Lord's Fel Torch","legion_theme","acquisition_legion_confirmed","legion","Achievement: Argussian Reach Requirement: The Argussian Reach Achievement must be completed to unlock or purchase this item for your housing collection. Vendor: Domelius A H (Dalaran) Vendor: Val'zuun (Dalaran) 3000 Order Resources & 50 Veiled Argunite","42627","","216418;251042","","1220;1508","","Displayed acquisition source is Legion content","https://housing.wowdb.com/decor/7687/eredar-lords-fel-torch-7687/"
"7690","Altar of the Corrupted Flames","legion_theme","acquisition_legion_confirmed","legion","Achievement: Broken Isles World Quests V Requirement: The Broken Isles World Quests V Achievement must be completed to unlock or purchase this item for your housing collection. Vendor: Domelius A H (Dalaran) Vendor: Val'zuun (Dalaran) 18000 Order Resources & 50 Veiled Argunite","42674","","216418;251042","","1220;1508","","Displayed acquisition source is Legion content","https://housing.wowdb.com/decor/7690/altar-of-the-corrupted-flames-7690/"
"7815","Uncrowned Apothecary's Cabinet","legion_theme","acquisition_legion_confirmed","legion","Vendor: Kelsey Steelspark A H (The Hall of Shadows) 500 Order Resources Legion","","","105986","","1220","","Displayed acquisition source is Legion content","https://housing.wowdb.com/decor/7815/uncrowned-apothecarys-cabinet-7815/"
"7816","Uncrowned Apothecary's Supplies","legion_theme","acquisition_legion_confirmed","legion","Vendor: Kelsey Steelspark A H (The Hall of Shadows) 500 Order Resources Legion","","","105986","","1220","","Displayed acquisition source is Legion content","https://housing.wowdb.com/decor/7816/uncrowned-apothecarys-supplies-7816/"
"7817","Uncrowned Banner","legion_theme","acquisition_legion_confirmed","legion","Vendor: Kelsey Steelspark A H (The Hall of Shadows) 1000 Order Resources Legion","","","105986","","1220","","Displayed acquisition source is Legion content","https://housing.wowdb.com/decor/7817/uncrowned-banner-7817/"
"7818","Uncrowned Planning Table","legion_theme","acquisition_legion_confirmed","legion","Achievement: Raise an Army for the Hall of Shadows Requirement: The Raise an Army for the Hall of Shadows Achievement must be completed to unlock or purchase this item for your housing collection. Vendor: Kelsey Steelspark A H (The Hall of Shadows) 2000 Order Resources Legion","60989","","105986","","1220","","Displayed acquisition source is Legion content","https://housing.wowdb.com/decor/7818/uncrowned-planning-table-7818/"
"7819","Replica Crucible of the Uncrowned","legion_theme","acquisition_legion_confirmed","legion","Achievement: Hidden Potential of the Shadowblade Requirement: The Hidden Potential of the Shadowblade Achievement must be completed to unlock or purchase this item for your housing collection. Vendor: Kelsey Steelspark A H (The Hall of Shadows) 5000 Order Resources Legion","42295","","105986","","1220","","Displayed acquisition source is Legion content","https://housing.wowdb.com/decor/7819/replica-crucible-of-the-uncrowned-7819/"
"7820","Stolen Copy of the Blood Ledger","legion_theme","acquisition_legion_confirmed","legion","Achievement: Legendary Research of the Uncrowned Requirement: The Legendary Research of the Uncrowned Achievement must be completed to unlock or purchase this item for your housing collection. Vendor: Kelsey Steelspark A H (The Hall of Shadows) 3000 Order Resources Legion","60970","","105986","","1220","","Displayed acquisition source is Legion content","https://housing.wowdb.com/decor/7820/stolen-copy-of-the-blood-ledger-7820/"
"7821","Netherlight Conclave Banner","legion_theme","acquisition_legion_confirmed","legion","Vendor: Meridelle Lightspark H (Netherlight Temple) 1000 Order Resources Legion","","","112401","","1220","","Displayed acquisition source is Legion content","https://housing.wowdb.com/decor/7821/netherlight-conclave-banner-7821/"
"7822","Replica Altar of Light and Shadow","legion_theme","acquisition_legion_confirmed","legion","Achievement: Hidden Potential of the High Priest Requirement: The Hidden Potential of the High Priest Achievement must be completed to unlock or purchase this item for your housing collection. Vendor: Meridelle Lightspark H (Netherlight Temple) 5000 Order Resources Legion","42294","","112401","","1220","","Displayed acquisition source is Legion content","https://housing.wowdb.com/decor/7822/replica-altar-of-light-and-shadow-7822/"
"7823","Replica Word of the Conclave","legion_theme","acquisition_legion_confirmed","legion","Achievement: Legendary Research of the Netherlight Conclave Requirement: The Legendary Research of the Netherlight Conclave Achievement must be completed to unlock or purchase this item for your housing collection. Vendor: Meridelle Lightspark H (Netherlight Temple) 3000 Order Resources Legion","60969","","112401","","1220","","Displayed acquisition source is Legion content","https://housing.wowdb.com/decor/7823/replica-word-of-the-conclave-7823/"
"7824","Scroll of the Conclave","legion_theme","acquisition_legion_confirmed","legion","Achievement: The High Priest's Campaign Requirement: The The High Priest's Campaign Achievement must be completed to unlock or purchase this item for your housing collection. Vendor: Meridelle Lightspark H (Netherlight Temple) 1500 Order Resources Legion","42277","","112401","","1220","","Displayed acquisition source is Legion content","https://housing.wowdb.com/decor/7824/scroll-of-the-conclave-7824/"
"7837","Elemental Altar of the Maelstrom","legion_theme","acquisition_legion_confirmed","legion","Achievement: Hidden Potential of the Farseer Requirement: The Hidden Potential of the Farseer Achievement must be completed to unlock or purchase this item for your housing collection. Vendor: Flamesmith Lanying A (The Maelstrom) 5000 Order Resources Earthen Ring • Legion","42296","","112318","","1220","","Displayed acquisition source is Legion content","https://housing.wowdb.com/decor/7837/elemental-altar-of-the-maelstrom-7837/"
"7838","Replica Words of Wind and Earth","legion_theme","acquisition_legion_confirmed","legion","Achievement: Legendary Research of the Maelstrom Requirement: The Legendary Research of the Maelstrom Achievement must be completed to unlock or purchase this item for your housing collection. Vendor: Flamesmith Lanying A (The Maelstrom) 3000 Order Resources Earthen Ring • Legion","60971","","112318","","1220","","Displayed acquisition source is Legion content","https://housing.wowdb.com/decor/7838/replica-words-of-wind-and-earth-7838/"
"7839","Pedestal of the Maelstrom's Wisdom","legion_theme","acquisition_legion_confirmed","legion","Vendor: Flamesmith Lanying A (The Maelstrom) 500 Order Resources Earthen Ring • Legion","","","112318","","1220","","Displayed acquisition source is Legion content","https://housing.wowdb.com/decor/7839/pedestal-of-the-maelstroms-wisdom-7839/"
"7841","Maelstrom Banner","legion_theme","acquisition_legion_confirmed","legion","Vendor: Flamesmith Lanying A (The Maelstrom) 1000 Order Resources Earthen Ring • Legion","","","112318","","1220","","Displayed acquisition source is Legion content","https://housing.wowdb.com/decor/7841/maelstrom-banner-7841/"
"7873","Cenarion Arch","legion_theme","acquisition_legion_confirmed","legion","Achievement: Raise an Army for the Dreamgrove Requirement: The Raise an Army for the Dreamgrove Achievement must be completed to unlock or purchase this item for your housing collection. Vendor: Amurra Thistledew A H (The Dreamgrove) 2000 Order Resources Legion","60983","","112323","","1220","","Displayed acquisition source is Legion content","https://housing.wowdb.com/decor/7873/cenarion-arch-7873/"
"7874","Earthen Ring Scouting Map","legion_theme","acquisition_legion_confirmed","legion","Achievement: Raise an Army for the Maelstrom Requirement: The Raise an Army for the Maelstrom Achievement must be completed to unlock or purchase this item for your housing collection. Vendor: Flamesmith Lanying A (The Maelstrom) 2000 Order Resources Earthen Ring • Legion","60990","","112318","","1220","","Displayed acquisition source is Legion content","https://housing.wowdb.com/decor/7874/earthen-ring-scouting-map-7874/"
"7875","Maelstrom Chimes","legion_theme","acquisition_legion_confirmed","legion","Vendor: Flamesmith Lanying A (The Maelstrom) 500 Order Resources Earthen Ring • Legion","","","112318","","1220","","Displayed acquisition source is Legion content","https://housing.wowdb.com/decor/7875/maelstrom-chimes-7875/"
"8189","Draenic Wooden Wall Shelf","full_catalog_source_scan","acquisition_legion_confirmed","legion","Quest: Bringer of the Light (Dalaran) Requirement: Complete this quest to unlock this item for your housing collection. Vendor: Toraan the Revered H (The Vindicaar) 240 Argussian Reach • Legion","","44004","127151","","","","Legion acquisition source found outside the Legion theme tag","https://housing.wowdb.com/decor/8189/draenic-wooden-wall-shelf-8189/"
"8195","Moon-Blessed Barrel","legion_theme","acquisition_legion_confirmed","legion","Vendor: Selfira Ambergrove A H (Val'sharah) 200 Order Resources Dreamweavers (Friendly) • Legion Requirement: Reach Friendly with Dreamweavers to unlock this item for your housing collection. Vendor: Sylvia Hartshorn H (Val'sharah) 200 Order Resources Dreamweavers (Friendly) • Legion Requirement: Reach Friendly with Dreamweavers to unlock this item for your housing collection.","","","106901;253387","","1220","","Displayed acquisition source is Legion content","https://housing.wowdb.com/decor/8195/moon-blessed-barrel-8195/"
"8768","Netherlight Command Map","legion_theme","acquisition_legion_confirmed","legion","Achievement: Raise an Army for the Netherlight Temple Requirement: The Raise an Army for the Netherlight Temple Achievement must be completed to unlock or purchase this item for your housing collection. Vendor: Meridelle Lightspark H (Netherlight Temple) 2000 Order Resources Legion","60988","","112401","","1220","","Displayed acquisition source is Legion content","https://housing.wowdb.com/decor/8768/netherlight-command-map-8768/"
"8810","Sentinel's Moonwing Gaze","legion_theme","acquisition_legion_confirmed","legion","Achievement: The Wardens Requirement: The The Wardens Achievement must be completed to unlock or purchase this item for your housing collection. Vendor: Domelius A H (Dalaran) Vendor: Val'zuun (Dalaran) 18000 Order Resources & 50 Veiled Argunite","61218","","216418;251042","","1220;1508","","Displayed acquisition source is Legion content","https://housing.wowdb.com/decor/8810/sentinels-moonwing-gaze-8810/"
"8811","Fel Fountain","legion_theme","acquisition_legion_confirmed","legion","Achievement: Timeworn Keystone Master Requirement: The Timeworn Keystone Master Achievement must be completed to unlock or purchase this item for your housing collection. Vendor: Domelius A H (Dalaran) Vendor: Val'zuun (Dalaran) 18000 Order Resources & 50 Veiled Argunite","42689","","216418;251042","","1220;1508","","Displayed acquisition source is Legion content","https://housing.wowdb.com/decor/8811/fel-fountain-8811/"
"9165","Demonic Storage Chest","legion_theme","acquisition_legion_confirmed","legion","Achievement: The Armies of Legionfall Requirement: The The Armies of Legionfall Achievement must be completed to unlock or purchase this item for your housing collection. Vendor: Domelius A H (Dalaran) Vendor: Val'zuun (Dalaran) 3000 Order Resources & 50 Veiled Argunite","42655","","216418;251042","","1220;1508","","Displayed acquisition source is Legion content","https://housing.wowdb.com/decor/9165/demonic-storage-chest-9165/"
"9267","Blightfire Candle","legion_theme","acquisition_legion_confirmed","legion","Quest: The Splintered Fleet Requirement: Complete this quest to unlock this item for your housing collection. Vendor: Halenthos Brightstride A (Dalaran) 200 Legion Quest: ""The Splintered Fleet""","","39801","252043","","","","Displayed acquisition source is Legion content","https://housing.wowdb.com/decor/9267/blightfire-candle-9267/"
"11275","Conjured Archive of the Tirisgarde","legion_theme","acquisition_legion_confirmed","legion","Achievement: Legendary Research of the Tirisgarde Requirement: The Legendary Research of the Tirisgarde Achievement must be completed to unlock or purchase this item for your housing collection. Vendor: Jackson Watkins A H (Hall of the Guardian) 3000 Order Resources Legion","60966","","112440","","1220","","Displayed acquisition source is Legion content","https://housing.wowdb.com/decor/11275/conjured-archive-of-the-tirisgarde-11275/"
"11276","Illidari Tent","legion_theme","acquisition_legion_confirmed","legion","Vendor: Falara Nightsong A H (The Fel Hammer) 500 Order Resources Legion","","","112407","","1220","","Displayed acquisition source is Legion content","https://housing.wowdb.com/decor/11276/illidari-tent-11276/"
"11278","Large Legion Candle","legion_theme","acquisition_legion_confirmed","legion","Achievement: The Nightfallen Requirement: The The Nightfallen Achievement must be completed to unlock or purchase this item for your housing collection. Vendor: Domelius A H (Dalaran) Vendor: Val'zuun (Dalaran) 3000 Order Resources & 50 Veiled Argunite","42628","","216418;251042","","1220;1508","","Displayed acquisition source is Legion content","https://housing.wowdb.com/decor/11278/large-legion-candle-11278/"
"11279","Small Legion Candle","legion_theme","acquisition_legion_confirmed","legion","Vendor: Domelius A H (Dalaran) Vendor: Val'zuun (Dalaran) 1500 Order Resources & 50 Veiled Argunite","","","216418;251042","","1220;1508","","Displayed acquisition source is Legion content","https://housing.wowdb.com/decor/11279/small-legion-candle-11279/"
"11280","Replica Chronicle of Ages","legion_theme","acquisition_legion_confirmed","legion","Achievement: Legendary Research of Five Dawns Requirement: The Legendary Research of Five Dawns Achievement must be completed to unlock or purchase this item for your housing collection. Vendor: Caydori Brightstar A H (Mandori Village) 3000 Order Resources Legion","60967","","112338","","1220","","Displayed acquisition source is Legion content","https://housing.wowdb.com/decor/11280/replica-chronicle-of-ages-11280/"
"11281","Arcan'dor Cutting Fountain","legion_theme","acquisition_legion_confirmed","legion","Crafting: Alchemy (Broken Isles Alchemy - Skill Level 80) Reagents Required: 50× Fel-Touched Lumber 20× Sylvan Elixir 15× Ancient Mana Potion 25× Demonsteel Bar 5× Felwort Profession: Legion Alchemy (80)","","","","1262154","","124106;124461;127835;127838;251767","Displayed acquisition source is Legion content","https://housing.wowdb.com/decor/11281/arcandor-cutting-fountain-11281/"
"11282","Nightspire Fountain","legion_theme","acquisition_legion_confirmed","legion","Crafting: Enchanting (Legion Enchanting - Skill Level 80) Reagents Required: 48× Fel-Touched Lumber 10× Ancient Mana Potion 25× Demonsteel Bar 25× Leylight Shard 3× Blood of Sargeras Profession: Legion Enchanting (80)","","","","1262238","","124124;124441;124461;127835;251767","Displayed acquisition source is Legion content","https://housing.wowdb.com/decor/11282/nightspire-fountain-11282/"
"11283","Magistrix's Garden Fountain","legion_theme","acquisition_legion_confirmed","legion","Encounter: The Nighthold - Spellblade Aluriel (The Nighthold)","","","","","","","Displayed acquisition source is Legion content","https://housing.wowdb.com/decor/11283/magistrixs-garden-fountain-11283/"
"11307","Replica Tome of Blighted Implements","legion_theme","acquisition_legion_confirmed","legion","Achievement: Legendary Research of the Black Harvest Requirement: The Legendary Research of the Black Harvest Achievement must be completed to unlock or purchase this item for your housing collection. Vendor: Gigi Gigavoid A (Dreadscar Rift)","60972","","112434","","","","Displayed acquisition source is Legion content","https://housing.wowdb.com/decor/11307/replica-tome-of-blighted-implements-11307/"
"11315","Tauren Jeweler's Roller","legion_theme","acquisition_legion_confirmed","legion","Achievement: Got to Ketchum All Requirement: The Got to Ketchum All Achievement must be completed to unlock or purchase this item for your housing collection. Vendor: Torv Dubstomp A H (Thunder Totem, Highmountain) 300 & 500 Order Resources Legion","10996","","108017","","1220","","Displayed acquisition source is Legion content","https://housing.wowdb.com/decor/11315/tauren-jewelers-roller-11315/"
"11380","Starry Scrying Pool","legion_theme","acquisition_legion_confirmed","legion","Crafting: Alchemy (Broken Isles Alchemy - Skill Level 80) Reagents Required: 18× Fel-Touched Lumber 5× Ancient Mana Potion 12× Arkhana 2× Starlight Rose Profession: Legion Alchemy (80)","","","","1262152","","124105;124440;127835;251767","Displayed acquisition source is Legion content","https://housing.wowdb.com/decor/11380/starry-scrying-pool-11380/"
"11483","Suramar Stepping Stone","legion_theme","acquisition_legion_confirmed","legion","Vendor: Mynde A H (Suramar) 50 Ancient Mana","","","255101","","1155","","Displayed acquisition source is Legion content","https://housing.wowdb.com/decor/11483/suramar-stepping-stone-11483/"
"11486","Replica Saga of the Valarjar","legion_theme","acquisition_legion_confirmed","legion","Achievement: Legendary Research of the Valarjar Requirement: The Legendary Research of the Valarjar Achievement must be completed to unlock or purchase this item for your housing collection. Vendor: Quartermaster Durnolf H (Skyhold) 3000 Order Resources Legion","60973","","112392","","1220","","Displayed acquisition source is Legion content","https://housing.wowdb.com/decor/11486/replica-saga-of-the-valarjar-11486/"
"11487","Tauren Storyteller's Frame","legion_theme","acquisition_legion_confirmed","legion","Quest: Huln's War - The Nathrezim (Highmountain, Azshara) Requirement: Complete this quest to unlock this item for your housing collection. Vendor: Torv Dubstomp A H (Thunder Totem, Highmountain) 500 & 750 Order Resources Legion","","39992","108017","","1220","","Displayed acquisition source is Legion content","https://housing.wowdb.com/decor/11487/tauren-storytellers-frame-11487/"
"11490","Highmountain Tanner's Frame","legion_theme","acquisition_legion_confirmed","legion","Crafting: Leatherworking (Legion Patterns - Skill Level 80) Reagents Required: 34× Fel-Touched Lumber 10× Unbroken Claw 5× Felhide 25× Stonehide Leather Profession: Legion Leatherworking (80)","","","","1262273","","124113;124116;124438;251767","Displayed acquisition source is Legion content","https://housing.wowdb.com/decor/11490/highmountain-tanners-frame-11490/"
"11491","Skyhorn Banner","legion_theme","acquisition_legion_confirmed","legion","Quest: The Skies of Highmountain (Highmountain) Requirement: Complete this quest to unlock this item for your housing collection. Vendor: Torv Dubstomp A H (Thunder Totem, Highmountain) 700 & 1000 Order Resources Legion","","39387","108017","","1220","","Displayed acquisition source is Legion content","https://housing.wowdb.com/decor/11491/skyhorn-banner-11491/"
"11493","Maelstrom Lava Lamp","full_catalog_source_scan","acquisition_legion_confirmed","legion","Achievement: The Farseer's Campaign Requirement: The The Farseer's Campaign Achievement must be completed to unlock or purchase this item for your housing collection. Vendor: Flamesmith Lanying A (The Maelstrom) 1500 Order Resources Earthen Ring • Legion Vendor: Kelsey Steelspark A H (The Hall of Shadows)","42280","","105986;112318","","1220","","Legion acquisition source found outside the Legion theme tag","https://housing.wowdb.com/decor/11493/maelstrom-lava-lamp-11493/"
"11708","Suramar Stepping Stone Set","legion_theme","acquisition_legion_confirmed","legion","Vendor: Mynde A H (Suramar) 125 Ancient Mana","","","255101","","1155","","Displayed acquisition source is Legion content","https://housing.wowdb.com/decor/11708/suramar-stepping-stone-set-11708/"
"11751","Skyhorn Arrow Kite","legion_theme","acquisition_legion_confirmed","legion","Achievement: Drum Circle Requirement: The Drum Circle Achievement must be completed to unlock or purchase this item for your housing collection. Vendor: Torv Dubstomp A H (Thunder Totem, Highmountain) 300 & 500 Order Resources Legion","10398","","108017","","1220","","Displayed acquisition source is Legion content","https://housing.wowdb.com/decor/11751/skyhorn-arrow-kite-11751/"
"11752","Hanging Arrow Kite","legion_theme","acquisition_legion_confirmed","legion","Quest: Blood Debt (Highmountain) Requirement: Complete this quest to unlock this item for your housing collection. Vendor: Torv Dubstomp A H (Thunder Totem, Highmountain) 300 & 500 Order Resources Legion","","39426","108017","","1220","","Displayed acquisition source is Legion content","https://housing.wowdb.com/decor/11752/hanging-arrow-kite-11752/"
"11753","Skyhorn Eagle Kite","legion_theme","acquisition_legion_confirmed","legion","Quest: Empty Nest (Highmountain) Requirement: Complete this quest to unlock this item for your housing collection. Vendor: Torv Dubstomp A H (Thunder Totem, Highmountain) 500 & 750 Order Resources Legion","","39305","108017","","1220","","Displayed acquisition source is Legion content","https://housing.wowdb.com/decor/11753/skyhorn-eagle-kite-11753/"
"11754","Bloodtotem Banner","legion_theme","acquisition_legion_confirmed","legion","Drop: Highmountain Tauren Paragon Chest","","","","","","","Displayed acquisition source is Legion content","https://housing.wowdb.com/decor/11754/bloodtotem-banner-11754/"
"11905","Driftwood Barrel","legion_theme","acquisition_legion_confirmed","legion","Vendor: Crafty Palu A H (Highmountain) 175 Order Resources","","","108537","","1220","","Displayed acquisition source is Legion content","https://housing.wowdb.com/decor/11905/driftwood-barrel-11905/"
"11907","Driftwood Junk Pile","legion_theme","acquisition_legion_confirmed","legion","Quest: Oh, the Clawdacity! (Highmountain) Requirement: Complete this quest to unlock this item for your housing collection. Vendor: Crafty Palu A H (Highmountain) 450 Order Resources","","40230","108537","","1220","","Displayed acquisition source is Legion content","https://housing.wowdb.com/decor/11907/driftwood-junk-pile-11907/"
"11908","Shellscale Standard","legion_theme","acquisition_legion_confirmed","legion","Quest: Mglrgrs Of Our Grmlgrlr Requirement: Complete this quest to unlock this item for your housing collection. Vendor: Mrgrgrl (Suramar) 600 Order Resources","","41143","256826","","1220","","Displayed acquisition source is Legion content","https://housing.wowdb.com/decor/11908/shellscale-standard-11908/"
"11909","Murloc's Wind Chimes","legion_theme","acquisition_legion_confirmed","legion","Achievement: Grand Fin-ale Requirement: The Grand Fin-ale Achievement must be completed to unlock or purchase this item for your housing collection. Vendor: Crafty Palu A H (Highmountain) 400 Order Resources","11699","","108537","","1220","","Displayed acquisition source is Legion content","https://housing.wowdb.com/decor/11909/murlocs-wind-chimes-11909/"
"11910","Dalaran Display Shelves","legion_theme","acquisition_legion_confirmed","legion","Crafting: Inscription (Legion Inscription - Skill Level 80) Reagents Required: 22× Fel-Touched Lumber 10× Astral Glory 1× Straszan Mark 15× Roseate Pigment Profession: Legion Inscription (80)","","","","1263344","","129032;136693;151565;251767","Displayed acquisition source is Legion content","https://housing.wowdb.com/decor/11910/dalaran-display-shelves-11910/"
"11911","Failed Failure Detection Pylon","legion_theme","acquisition_legion_confirmed","legion","Crafting: Engineering (Legion Engineering - Skill Level 80) Reagents Required: 28× Fel-Touched Lumber 15× Oversized Blasting Cap 10× Loose Trigger 3× Shadowruby 20× Demonsteel Bar Profession: Legion Engineering (80)","","","","1263338","","124461;130183;136633;136637;251767","Displayed acquisition source is Legion content","https://housing.wowdb.com/decor/11911/failed-failure-detection-pylon-11911/"
"11912","Dalaran Auto-Hammer","legion_theme","acquisition_legion_confirmed","legion","Crafting: Engineering (Legion Engineering - Skill Level 80) Reagents Required: 22× Fel-Touched Lumber 1× Auto-Hammer 15× Demonsteel Bar Profession: Legion Engineering (80)","","","","1263319","","124461;132514;251767","Displayed acquisition source is Legion content","https://housing.wowdb.com/decor/11912/dalaran-auto-hammer-11912/"
"11913","Suramar Jeweler's Assortment","legion_theme","acquisition_legion_confirmed","legion","Crafting: Jewelcrafting (Legion Designs - Skill Level 80) Reagents Required: 12× Fel-Touched Lumber 1× Chemirine 2× Argulite 1× Maelstrom Sapphire 2× Pandemonite 4× Skystone 1× Imbued Silkweave Profession: Legion Jewelcrafting (80)","","","","1263351","","127004;130176;130181;130182;151718;151720;251767","Displayed acquisition source is Legion content","https://housing.wowdb.com/decor/11913/suramar-jewelers-assortment-11913/"
"11942","Hanging Felsteel Cage","legion_theme","acquisition_legion_confirmed","legion","Achievement: Highmountain Tribe Requirement: The Highmountain Tribe Achievement must be completed to unlock or purchase this item for your housing collection. Vendor: Domelius A H (Dalaran) Vendor: Val'zuun (Dalaran) 12000 Order Resources & 50 Veiled Argunite","42547","","216418;251042","","1220;1508","","Displayed acquisition source is Legion content","https://housing.wowdb.com/decor/11942/hanging-felsteel-cage-11942/"
"12161","Beloved Raptor Plushie","legion_theme","acquisition_legion_confirmed","legion","Crafting: Tailoring (Legion Patterns - Skill Level 80) Reagents Required: 8× Fel-Touched Lumber 2× Chaotic Spinel 5× Roseate Pigment 2× Runic Catgut 15× Shal'dorei Silk Profession: Legion Tailoring (80)","","","","1263858","","124437;127037;129032;130175;251767","Displayed acquisition source is Legion content","https://housing.wowdb.com/decor/12161/beloved-raptor-plushie-12161/"
"14358","Brazier of Elune","legion_theme","acquisition_legion_confirmed","legion","Achievement: The Archdruid's Campaign Requirement: The The Archdruid's Campaign Achievement must be completed to unlock or purchase this item for your housing collection. Vendor: Amurra Thistledew A H (The Dreamgrove) 1500 Order Resources Legion","42272","","112323","","1220","","Displayed acquisition source is Legion content","https://housing.wowdb.com/decor/14358/brazier-of-elune-14358/"
"14361","Replica Libram of the Dead","legion_theme","acquisition_legion_confirmed","legion","Achievement: Legendary Research of the Ebon Blade Requirement: The Legendary Research of the Ebon Blade Achievement must be completed to unlock or purchase this item for your housing collection. Vendor: Quartermaster Ozorg H (Acherus: Ebon Hold) 3000 Order Resources Knights of the Ebon Blade • Legion","60962","","93550","","1220","","Displayed acquisition source is Legion content","https://housing.wowdb.com/decor/14361/replica-libram-of-the-dead-14361/"
"14379","Kobold Trassure Pile","full_catalog_source_scan","acquisition_legion_confirmed","legion","Quest: Can't Hold a Candle To You Requirement: Complete this quest to unlock this item for your housing collection. Vendor: Torv Dubstomp A H (Thunder Totem, Highmountain) 100 & 200 Order Resources Legion","","39772","108017","","1220","","Legion acquisition source found outside the Legion theme tag","https://housing.wowdb.com/decor/14379/kobold-trassure-pile-14379/"
"14461","Uncrowned Market Stall","legion_theme","acquisition_legion_confirmed","legion","Achievement: The Shadowblade's Campaign Requirement: The The Shadowblade's Campaign Achievement must be completed to unlock or purchase this item for your housing collection. Vendor: Kelsey Steelspark A H (The Hall of Shadows) 1500 Order Resources Legion","42279","","105986","","1220","","Displayed acquisition source is Legion content","https://housing.wowdb.com/decor/14461/uncrowned-market-stall-14461/"
"14644","Replica Forge of the Roaring Mountain","legion_theme","acquisition_legion_confirmed","legion","Achievement: Hidden Potential of the Grandmaster Requirement: The Hidden Potential of the Grandmaster Achievement must be completed to unlock or purchase this item for your housing collection. Vendor: Caydori Brightstar A H (Mandori Village)","42292","","112338","","","","Displayed acquisition source is Legion content","https://housing.wowdb.com/decor/14644/replica-forge-of-the-roaring-mountain-14644/"
"15453","Cenarion Round Rug","legion_theme","acquisition_legion_confirmed","legion","Vendor: Selfira Ambergrove A H (Val'sharah) 500 & 750 Order Resources Dreamweavers (Honored) • Legion Requirement: Reach Honored with Dreamweavers to unlock this item for your housing collection. Vendor: Sylvia Hartshorn H (Val'sharah) 400 & 750 Order Resources Dreamweavers (Honored) • Legion Requirement: Reach Honored with Dreamweavers to unlock this item for your housing collection.","","","106901;253387","","1220","","Displayed acquisition source is Legion content","https://housing.wowdb.com/decor/15453/cenarion-round-rug-15453/"
"15477","Dreadscar Battle Planning Map","legion_theme","acquisition_legion_confirmed","legion","Achievement: Raise an Army for the Dreadscar Rift Requirement: The Raise an Army for the Dreadscar Rift Achievement must be completed to unlock or purchase this item for your housing collection. Vendor: Gigi Gigavoid A (Dreadscar Rift) 2000 Order Resources Black Harvest • Legion","60991","","112434","","1220","","Displayed acquisition source is Legion content","https://housing.wowdb.com/decor/15477/dreadscar-battle-planning-map-15477/"
"15741","Thunder Totem Mailbox","legion_theme","acquisition_legion_confirmed","legion","Quest: Crystal Fury (Highmountain) Requirement: Complete this quest to unlock this item for your housing collection. Vendor: Torv Dubstomp A H (Highmountain) 250 Order Resources","","39487","108017","","1220","","Displayed acquisition source is Legion content","https://housing.wowdb.com/decor/15741/thunder-totem-mailbox-15741/"
"18897","Banner of Five Dawns","legion_theme","acquisition_legion_confirmed","legion","Vendor: Caydori Brightstar A H (Mandori Village)","","","112338","","","","Displayed acquisition source is Legion content","https://housing.wowdb.com/decor/18897/banner-of-five-dawns-18897/"
