"status","current_exists","achievement_id","title","description","category_id","category_name","criteria_tree_id","reward_item_id","flags","points"
"tww_category_confirmed","True","19559","Azj-Kahet","Complete the following storylines in Azj-Kahet.","15506","War Within","153818","0","0","10"
"tww_category_confirmed","True","19560","The Ringing Deeps","Complete the following storylines in The Ringing Deeps.","15506","War Within","153827","0","0","10"
"tww_category_confirmed","True","20118","The Isle of Dorn","Complete the following storylines in the Isle of Dorn.","15506","War Within","156244","0","0","10"
"tww_category_confirmed","True","20594","Flamegard's Hope","Help out Kaleb Flamegard in the Arathi Infirmary in Mereldar for 20 Days.","15521","War Within","157780","0","131072","10"
"tww_category_confirmed","True","20595","Sojourner of Isle of Dorn","Complete the optional Isle of Dorn storylines listed below.","15506","War Within","161668","0","132096","10"
"tww_category_confirmed","True","20596","Loremaster of Khaz Algar","Complete the Khaz Algar quest achievements listed below.","15506","War Within","161678","0","131072","10"
"tww_category_confirmed","True","20597","The War Within","Complete the War Within storyline.","15506","War Within","161484","0","0","10"
"tww_category_confirmed","True","20598","Hallowfall","Complete the following storylines in Hallowfall.","15506","War Within","157813","0","0","10"
"tww_category_confirmed","True","40082","Never Enough","Kill kobyss in the Hungering Pool in Hallowfall with Alyza Bowblaze by your side.","15506","War Within","161405","0","131072","5"
"tww_category_confirmed","True","40098","Immortal Spelunker","Complete a delve without any deaths on Tier 11.","15531","Delves","161521","0","14336","0"
"tww_category_confirmed","True","40100","Undying Caver","Complete a delve without any deaths on Tier 8 or higher.","15531","Delves","161523","0","14336","0"
"tww_category_confirmed","True","40103","My First Nemesis","Defeat Zekvir in his lair before the release of the next season of delves.","15531","Delves","161511","0","14336","0"
"tww_category_confirmed","True","40138","Algari Dungeoneer","Defeat every Dungeon in Khaz Algar on Mythic or Mythic Keystone difficulty as a Tank, Healer, and Damage Dealer.","15524","War Within Dungeon","161620","0","131072","30"
"tww_category_confirmed","True","40139","Algari Dungeon Damage Dealer","Defeat every Dungeon in Khaz Algar on Mythic or Mythic Keystone difficulty as a Damage Dealer.","15524","War Within Dungeon","161593","0","131072","10"
"tww_category_confirmed","True","40140","Algari Dungeon Healer","Defeat every Dungeon in Khaz Algar on Mythic or Mythic Keystone difficulty as a Healer.","15524","War Within Dungeon","161602","0","131072","10"
"tww_category_confirmed","True","40141","Algari Dungeon Tank","Defeat every Dungeon in Khaz Algar on Mythic or Mythic Keystone difficulty as a Tank.","15524","War Within Dungeon","161611","0","131072","10"
"tww_category_confirmed","True","40150","Children's Entertainer","Play every game with the orphans of Mereldar.","15506","War Within","161700","0","131072","5"
"tww_category_confirmed","True","40151","Mereldar Menace","Set a bad example.","15521","War Within","161709","0","131072","5"
"tww_category_confirmed","True","40222","Echoes of Danger","On Radiant Discord difficulty, defeat 20 of the following rare creatures encountered during the Worldsoul Memory events in Khaz Algar.","15521","War Within","162197","0","135168","15"
"tww_category_confirmed","True","40231","The War Within Pathfinder","Complete the War Within achievements listed below.","15521","War Within","167674","0","2228224","10"
"tww_category_confirmed","True","40236","Mythic: Ulgrax the Devourer","Defeat Ulgrax the Devourer in Nerub-ar Palace on Mythic difficulty.","15526","War Within Raid","162273","0","0","10"
"tww_category_confirmed","True","40237","Mythic: The Bloodbound Horror","Defeat The Bloodbound Horror in Nerub-ar Palace on Mythic difficulty.","15526","War Within Raid","162275","0","0","10"
"tww_category_confirmed","True","40238","Mythic: Sikran, Captain of the Sureki","Defeat Sikran, Captain of the Sureki in Nerub-ar Palace on Mythic difficulty.","15526","War Within Raid","162277","0","0","10"
"tww_category_confirmed","True","40239","Mythic: Rasha'nan","Defeat Rasha'nan in Nerub-ar Palace on Mythic difficulty.","15526","War Within Raid","162281","0","0","10"
"tww_category_confirmed","True","40240","Mythic: Broodtwister Ovi'nax","Defeat Broodtwister Ovi'nax in Nerub-ar Palace on Mythic difficulty.","15526","War Within Raid","162283","0","0","10"
"tww_category_confirmed","True","40241","Mythic: Nexus-Princess Ky'veza","Defeat Nexus-Princess Ky'veza in Nerub-ar Palace on Mythic difficulty.","15526","War Within Raid","162285","0","0","10"
"tww_category_confirmed","True","40242","Mythic: The Silken Court","Defeat The Silken Court in Nerub-ar Palace on Mythic difficulty.","15526","War Within Raid","162287","0","0","10"
"tww_category_confirmed","True","40243","Mythic: Queen Ansurek","Defeat Queen Ansurek in Nerub-ar Palace on Mythic difficulty.","15526","War Within Raid","162289","0","0","10"
"tww_category_confirmed","True","40244","Nerub-ar Palace","Defeat the following bosses on any difficulty.","15526","War Within Raid","162291","0","131072","10"
"tww_category_confirmed","True","40245","Heroic: Nerub-ar Palace","Defeat the following bosses on Heroic difficulty.","15526","War Within Raid","162300","0","131072","10"
"tww_category_confirmed","True","40246","Mythic: Nerub-ar Palace","Defeat the following bosses on Mythic difficulty.","15526","War Within Raid","162309","0","131072","10"
"tww_category_confirmed","True","40247","The Skittering Battlements","Defeat the following bosses that guard the skittering battlements within Nerub-ar Palace.","15526","War Within Raid","162318","0","131072","10"
"tww_category_confirmed","True","40248","Secrets of Nerub-ar Palace","Defeat the following bosses that conduct secret designs within Nerub-ar Palace.","15526","War Within Raid","162322","0","131072","10"
"tww_category_confirmed","True","40249","A Queen's Fall","Defeat the following bosses that vie to corrupt the Nerubian empire within Nerub-ar Palace.","15526","War Within Raid","162326","0","131072","10"
"tww_category_confirmed","True","40250","The First Echo","Complete a single Worldsoul Memory event in Khaz Algar.","15521","War Within","162329","0","131072","5"
"tww_category_confirmed","True","40251","Many Echoes","Complete 25 Worldsoul Memory events in Khaz Algar.","15521","War Within","162331","0","196608","10"
"tww_category_confirmed","True","40252","A Series of Echoes","Complete each of these Worldsoul Memory events in Khaz Algar.","15521","War Within","162333","0","131072","5"
"tww_category_confirmed","True","40255","Sik Parry Bro","Defeat Sikran after all players are affected by Riposte in Nerub-ar Palace on Normal difficulty or higher.","15526","War Within Raid","162348","0","0","10"
"tww_category_confirmed","True","40260","You Can't See Me","Defeat The Bloodbound Horror after all players are Slimed! and then defeat a Volatile Ooze in Nerub-ar Palace on Normal difficulty or higher.","15526","War Within Raid","162973","0","0","10"
"tww_category_confirmed","True","40261","Slimy Yet Satisfying","Defeat Ulgrax the Devourer while keeping the Spider Silk Grub alive in Nerub-ar Palace on Normal difficulty or higher.","15526","War Within Raid","163421","0","0","10"
"tww_category_confirmed","True","40262","Cowabunga","Defeat Rasha'nan after all players ride a single wave per cast of Rolling Acid in Nerub-ar Palace on Normal difficulty or higher.","15526","War Within Raid","163866","0","0","10"
"tww_category_confirmed","True","40263","Would You Still /love Me if I Was a Worm...","Defeat Broodtwister Ovi'nax after everyone proves their /love to a Disheartened Worm in Nerub-ar Palace on Normal difficulty or higher.","15526","War Within Raid","162874","0","0","10"
"tww_category_confirmed","True","40264","Kill Streak","Defeat Nexus-Princess Ky'veza while she has an active Kill Streak in Nerub-ar Palace on Normal difficulty or higher.","15526","War Within Raid","167974","0","0","10"
"tww_category_confirmed","True","40266","Missed 'Em by That Much","Defeat Queen Ansurek after all players use Abyssal Conduits to travel underneath her during Frothing Gluttony in Nerub-ar Palace on Normal difficulty or higher.","15526","War Within Raid","163388","0","0","10"
"tww_category_confirmed","True","40307","Allied Races: Earthen","Complete the War Within storylines listed below.","15506","War Within","162485","223572","131072","10"
"tww_category_confirmed","True","40308","Beacon of Hope","Contribute Radiant Remnants to light lesser keyflames and complete the following quests.","15506","War Within","162481","0","131072","10"
"tww_category_confirmed","True","40309","Heritage of the Earthen","Earn level 50 on a newly created earthen character.","15506","War Within","162501","0","131072","10"
"tww_category_confirmed","True","40311","Sharing the Light","Complete each of these bonus events found at the larger activated Keyflames.","15506","War Within","162510","0","131072","10"
"tww_category_confirmed","True","40312","Starting the Flames","Contribute 10 Radiant Remnants to any Keyflames.","15506","War Within","162518","0","131072","5"
"tww_category_confirmed","True","40313","Igniting the Keyflames","Contribute 100 Radiant Remnants to any Keyflames.","15506","War Within","162524","0","131072","5"
"tww_category_confirmed","True","40314","Fragments of Memories","Loot and shatter an Echoing Fragment found in the Worldsoul Memory events of each zone.","15521","War Within","163347","0","131072","5"
"tww_category_confirmed","True","40360","Life on the Farm","Complete the following quests involving the Hillhelm Stead family farm.","15506","War Within","162888","0","131072","10"
"tww_category_confirmed","True","40361","Cinderbrew Meadery","Defeat Goldie Baronbottom in Cinderbrew Meadery.","15524","War Within Dungeon","162922","0","0","10"
"tww_category_confirmed","True","40363","Heroic: Cinderbrew Meadery","Defeat Goldie Baronbottom in Cinderbrew Meadery on Heroic difficulty or higher.","15524","War Within Dungeon","162924","0","0","10"
"tww_category_confirmed","True","40366","Mythic: Cinderbrew Meadery","Defeat Goldie Baronbottom in Cinderbrew Meadery on Mythic or Mythic Keystone difficulty.","15524","War Within Dungeon","162926","0","0","10"
"tww_category_confirmed","True","40370","Ara-Kara, City of Echoes","Defeat Ki'katal the Harvester in Ara-Kara, City of Echoes.","15524","War Within Dungeon","162928","0","0","10"
"tww_category_confirmed","True","40374","Heroic: Ara-Kara, City of Echoes","Defeat Ki'katal the Harvester in Ara-Kara, City of Echoes on Heroic difficulty or higher.","15524","War Within Dungeon","162930","0","0","10"
"tww_category_confirmed","True","40375","Mythic: Ara-Kara, City of Echoes","Defeat Ki'katal the Harvester in Ara-Kara, City of Echoes on Mythic or Mythic Keystone difficulty.","15524","War Within Dungeon","162932","0","0","10"
"tww_category_confirmed","True","40376","City of Threads","Defeat Izo, the Grand Splicer in City of Threads.","15524","War Within Dungeon","162934","0","0","10"
"tww_category_confirmed","True","40377","Heroic: City of Threads","Defeat Izo, the Grand Splicer in City of Threads on Heroic difficulty or higher.","15524","War Within Dungeon","162936","0","0","10"
"tww_category_confirmed","True","40379","Mythic: City of Threads","Defeat Izo, the Grand Splicer in City of Threads on Mythic or Mythic Keystone difficulty.","15524","War Within Dungeon","162938","0","0","10"
"tww_category_confirmed","True","40427","Darkflame Cleft","Defeat The Darkness in Darkflame Cleft.","15524","War Within Dungeon","163242","0","0","10"
"tww_category_confirmed","True","40428","Heroic: Darkflame Cleft","Defeat The Darkness in Darkflame Cleft on Heroic difficulty or higher.","15524","War Within Dungeon","163245","0","0","10"
"tww_category_confirmed","True","40429","Mythic: Darkflame Cleft","Defeat The Darkness in Darkflame Cleft on Mythic or Mythic Keystone difficulty.","15524","War Within Dungeon","163247","0","0","10"
"tww_category_confirmed","True","40430","Khaz Algar Flight Master","Visit each Flight Master in Khaz Algar to discover their flight points for your Warband.","15521","War Within","163249","0","131072","10"
"tww_category_confirmed","True","40431","Hunting the Hunter","Defeat Zekvir in his lair on Tier ?? before the release of the next season of delves.","15531","Delves","163282","0","14336","0"
"tww_category_confirmed","True","40433","Let Me Solo Him: Zekvir","Defeat Zekvir in his lair on Tier ?? without any other players in your party, before the release of the next season of delves.","15531","Delves","163286","0","14336","0"
"tww_category_confirmed","True","40434","Treasures of the Isle of Dorn","Discover the hidden treasures across the Isle of Dorn.","15521","War Within","163290","0","131072","5"
"tww_category_confirmed","True","40435","Adventurer of the Isle of Dorn","Complete 10 of the following special encounters across the Isle of Dorn.","15521","War Within","163303","0","131072","5"
"tww_category_confirmed","True","40437","Delver of the Depths","Complete the War Within delves listed below.","15523","The War Within","163440","0","143360","10"
"tww_category_confirmed","True","40438","Glory of the Delver","Complete the War Within delve achievements listed below.","15523","The War Within","163437","224415","143360","25"
"tww_category_confirmed","True","40445","Sporesweeper","Successfully complete a Fungarian delve without being hit by Explosive Spores on Tier 8 or higher.","15523","The War Within","164004","0","0","10"
"tww_category_confirmed","True","40446","I TAKE Candle!","Successfully complete a Kobold delve without exhausting an Enchanted Candle or Air Totem on Tier 8 or higher.","15531","Delves","164005","0","2048","0"
"tww_category_confirmed","True","40447","Delver of the Depths II","Complete the War Within delves listed below on Tier 4 or higher with lives remaining.","15523","The War Within","163454","0","143360","10"
"tww_category_confirmed","True","40448","Delver of the Depths III","Complete the War Within delves listed below on Tier 8 or higher with lives remaining.","15523","The War Within","163467","0","143360","25"
"tww_category_confirmed","True","40449","Delver of the Depths IV","Complete the War Within delves listed below on Tier 11 with lives remaining.","15523","The War Within","163480","0","131072","25"
"tww_category_confirmed","True","40452","Just Keep Swimming","Successfully complete a Kobyss delve without ever losing your breath on Tier 8 or higher.","15531","Delves","164006","0","2048","0"
"tww_category_confirmed","True","40453","Spider Senses","Successfully complete a Nerubian delve without spawning ambushers from Nerubian Webs or taking damage from Nerubian Eggs on Tier 8 or higher.","15523","The War Within","164009","0","0","10"
"tww_category_confirmed","True","40454","Daystormer","Successfully complete an Order of Night delve without being targeted by Artillery fire on Tier 8 or higher.","15523","The War Within","164010","0","0","10"
"tww_category_confirmed","True","40459","I've Got a Flying Machine!","Obtain the Delver's Dirigible.","15523","The War Within","163537","0","131072","10"
"tww_category_confirmed","True","40473","Not So Quick Fix","Repair 6 busted earthen consoles in The Ringing Deeps.","15521","War Within","163876","0","131072","5"
"tww_category_confirmed","True","40475","To All the Slimes I Love","The critters of The Ringing Deeps might not be as fluffy, but they still need your /love.","15521","War Within","163892","0","131072","5"
"tww_category_confirmed","True","40504","Rocked to Sleep","Read the plaques of the following inert earthen.","15521","War Within","163943","0","132096","5"
"tww_category_confirmed","True","40506","Leave No Treasure Unfound","Find and open all Sturdy Chests hidden throughout the War Within delves.","15523","The War Within","167552","0","131072","25"
"tww_category_confirmed","True","40507","Hanging Tight","Complete The Ringing Deeps world quest ""Reaching for Resources"" while leaping to 25 handholds or less.","15506","War Within","164007","0","0","5"
"tww_category_confirmed","True","40512","War Within Delves: Tier 2","Complete a Tier 2 delve.","15523","The War Within","166446","0","131072","10"
"tww_category_confirmed","True","40514","War Within Delves: Tier 3","Complete a Tier 3 delve.","15523","The War Within","164035","0","131072","10"
"tww_category_confirmed","True","40515","War Within Delves: Tier 4 (Season 1)","Complete a Tier 4 delve with lives remaining during The War Within Season 1.","15531","Delves","164037","0","133120","0"
"tww_category_confirmed","True","40516","War Within Delves: Tier 5 (Season 1)","Complete a Tier 5 delve with lives remaining during The War Within Season 1.","15531","Delves","164039","0","133120","0"
"tww_category_confirmed","True","40517","War Within Delves: Tier 6 (Season 1)","Complete a Tier 6 delve with lives remaining during The War Within Season 1.","15531","Delves","164041","0","133120","0"
"tww_category_confirmed","True","40518","War Within Delves: Tier 7 (Season 1)","Complete a Tier 7 delve with lives remaining during The War Within Season 1.","15531","Delves","164043","0","133120","0"
"tww_category_confirmed","True","40519","War Within Delves: Tier 8 (Season 1)","Complete a Tier 8 delve with lives remaining during The War Within Season 1.","15531","Delves","164045","0","133120","0"
"tww_category_confirmed","True","40520","War Within Delves: Tier 9 (Season 1)","Complete a Tier 9 delve with lives remaining during The War Within Season 1.","15531","Delves","164047","0","133120","0"
"tww_category_confirmed","True","40521","War Within Delves: Tier 10 (Season 1)","Complete a Tier 10 delve with lives remaining during The War Within Season 1.","15531","Delves","164049","0","133120","0"
"tww_category_confirmed","True","40523","On Brand","Obtain all curios that are available for Brann Bronzebeard.","15523","The War Within","164139","0","131072","10"
"tww_category_confirmed","True","40524","Good Deed Delver","Complete 5 Delver's Call quests in the War Within.","15506","War Within","166268","0","131200","5"
"tww_category_confirmed","True","40525","Fungal Folly Stories","Complete each story variant of Fungal Folly.","15523","The War Within","164059","0","131072","5"
"tww_category_confirmed","True","40526","Kriegval's Rest Stories","Complete each story variant of Kriegval's Rest.","15523","The War Within","164060","0","131072","5"
"tww_category_confirmed","True","40527","Earthcrawl Mines Stories","Complete each story variant of Earthcrawl Mines.","15523","The War Within","164081","0","131072","5"
"tww_category_confirmed","True","40528","The Waterworks Stories","Complete each story variant of The Waterworks.","15523","The War Within","164092","0","131072","5"
"tww_category_confirmed","True","40529","The Dread Pit Stories","Complete each story variant of The Dread Pit.","15523","The War Within","164097","0","131072","5"
"tww_category_confirmed","True","40530","Nightfall Sanctum Stories","Complete each story variant of Nightfall Sanctum.","15523","The War Within","164101","0","131072","5"
"tww_category_confirmed","True","40531","Mycomancer Cavern Stories","Complete each story variant of Mycomancer Cavern.","15523","The War Within","164105","0","131072","5"
"tww_category_confirmed","True","40532","The Sinkhole Stories","Complete each story variant of The Sinkhole.","15523","The War Within","164110","0","131072","5"
"tww_category_confirmed","True","40533","Skittering Breach Stories","Complete each story variant of Skittering Breach.","15523","The War Within","164114","0","131072","5"
"tww_category_confirmed","True","40534","The Underkeep Stories","Complete each story variant of The Underkeep.","15523","The War Within","164119","0","131072","5"
"tww_category_confirmed","True","40535","Tak-Rethan Abyss Stories","Complete each story variant of Tak-Rethan Abyss.","15523","The War Within","164124","0","131072","5"
"tww_category_confirmed","True","40536","The Spiral Weave Stories","Complete each story variant of The Spiral Weave.","15523","The War Within","164128","0","131072","5"
"tww_category_confirmed","True","40537","Delve Loremaster: War Within","Complete the War Within delve achievements listed below.","15523","The War Within","164057","0","131072","25"
"tww_category_confirmed","True","40538","Brann Development","Raise Brann Bronzebeard to level 25.","15523","The War Within","166269","0","131072","25"
"tww_category_confirmed","True","40542","Smelling History","Read the following Azj-Kahet books while under the effects of Polymorphic Translation.","15521","War Within","164172","0","132096","5"
"tww_category_confirmed","True","40585","Super Size Snuffling","Obtain 100 Odd Glob of Wax","15521","War Within","165618","0","131072","5"
"tww_category_confirmed","True","40590","Priory of the Sacred Flame","Defeat Prioress Murrpray in Priory of the Sacred Flame.","15524","War Within Dungeon","165767","0","0","10"
"tww_category_confirmed","True","40592","Heroic: Priory of the Sacred Flame","Defeat Prioress Murrpray in Priory of the Sacred Flame on Heroic difficulty or higher.","15524","War Within Dungeon","165774","0","0","10"
"tww_category_confirmed","True","40596","Mythic: Priory of the Sacred Flame","Defeat Prioress Murrpray in the Priory of the Sacred Flame on Mythic or Mythic Keystone difficulty.","15524","War Within Dungeon","165776","0","0","10"
"tww_category_confirmed","True","40599","The Dawnbreaker","Defeat Rasha'nan in The Dawnbreaker.","15524","War Within Dungeon","165778","0","0","10"
"tww_category_confirmed","True","40601","Heroic: The Dawnbreaker","Defeat Rasha'nan in The Dawnbreaker on Heroic difficulty or higher.","15524","War Within Dungeon","165780","0","0","10"
"tww_category_confirmed","True","40604","Mythic: The Dawnbreaker","Defeat Rasha'nan in The Dawnbreaker on Mythic or Mythic Keystone difficulty.","15524","War Within Dungeon","165782","0","0","10"
"tww_category_confirmed","True","40606","Flat Earthen","Become the victim of a workplace accident in the Forgegrounds of Dornogal.","15521","War Within","165786","0","0","5"
"tww_category_confirmed","True","40614","Gobblin' with Glublurp","Bring an Ethereal Glimmerling to Glublurp.","15521","War Within","165816","0","0","5"
"tww_category_confirmed","True","40618","Lost and Found","Return every lost Hallowfall memento found with Maera Ashyld.","15506","War Within","165829","0","131072","5"
"tww_category_confirmed","True","40620","Back to the Wall","Rescue 50 Arathi prisoners from Arathi's End.","15521","War Within","165851","0","131072","10"
"tww_category_confirmed","True","40621","The Rookery","Defeat Voidstone Monstrosity in The Rookery.","15524","War Within Dungeon","166124","0","0","10"
"tww_category_confirmed","True","40622","Biblo Archivist","Locate all the lore books in Hallowfall.","15521","War Within","165853","0","131072","5"
"tww_category_confirmed","True","40623","I Only Need One Trip","Deposit all 10 ore at once in the ""Courier Mission: Ore Recovery"" world quest.","15506","War Within","165865","0","0","5"
"tww_category_confirmed","True","40624","Itsy Bitsy Spider","Wave to the following weave-rats.","15521","War Within","165870","0","131072","10"
"tww_category_confirmed","True","40625","The Missing Lynx","Pet the ferocious warcats around Hallowfall.","15521","War Within","165874","0","131072","10"
"tww_category_confirmed","True","40628","Notable Machines","Read the following Notes On Machine Speakers in The Ringing Deeps.","15521","War Within","165891","0","131072","5"
"tww_category_confirmed","True","40629","Bookworm","Read the following books while under the effects of Polymorphic Translation.","15521","War Within","165893","0","131072","5"
"tww_category_confirmed","True","40630","For the Collective","Contribute a total of 100 ore toward activating helpful contraptions for your fellow players during the ""Courier Mission: Ore Recovery"" world quest.","15506","War Within","165902","0","131072","10"
"tww_category_confirmed","True","40631","War Within Delves: Tier 1","Complete a Tier 1 delve.","15523","The War Within","166118","0","131072","10"
"tww_category_confirmed","True","40632","No Harm Ever Came From Reading A Book","Return the evil copies of yourself back to the book after following the spiders in Pillar-nest Xesh.","15521","War Within","165940","0","0","5"
"tww_category_confirmed","True","40633","The Unseeming","Acquire 100 stacks of Unseeming Shift in the Maddening Deep or the Writhing Fields.","15521","War Within","165942","0","0","5"
"tww_category_confirmed","True","40634","You Can't Hang With Us","Be expunged from the City of Threads by guards.","15521","War Within","165944","0","0","10"
"tww_category_confirmed","True","40635","Branntastic","Obtain all curios that are available for Brann Bronzebeard at rank 4.","15523","The War Within","166270","0","131072","15"
"tww_category_confirmed","True","40636","Sojourner of Azj-Kahet","Complete the optional Azj-Kahet storylines listed below.","15506","War Within","166093","0","131072","10"
"tww_category_confirmed","True","40637","Heroic: The Rookery","Defeat Voidstone Monstrosity in The Rookery on Heroic difficulty or higher.","15524","War Within Dungeon","166126","0","0","10"
"tww_category_confirmed","True","40642","Mythic: The Rookery","Defeat Voidstone Monstrosity in The Rookery on Mythic or Mythic Keystone difficulty.","15524","War Within Dungeon","166128","0","0","10"
"tww_category_confirmed","True","40643","The Stonevault","Defeat Void Speaker Eirich in The Stonevault.","15524","War Within Dungeon","166130","0","0","10"
"tww_category_confirmed","True","40644","Heroic: The Stonevault","Defeat Void Speaker Eirich in The Stonevault on Heroic difficulty or higher.","15524","War Within Dungeon","166132","0","0","10"
"tww_category_confirmed","True","40648","Mythic: The Stonevault","Defeat Void Speaker Eirich in The Stonevault on Mythic or Mythic Keystone difficulty.","15524","War Within Dungeon","166134","0","0","10"
"tww_category_confirmed","True","40662","It's Not Much, But It's Honest Work","Defeat the Awakened Phalanx in Awakening The Machine.","15521","War Within","166314","0","0","10"
"tww_category_confirmed","True","40724","Treasures of The Ringing Deeps","Discover the hidden treasures across The Ringing Deeps.","15521","War Within","166437","0","131072","5"
"tww_category_confirmed","True","40725","War Within Delves: Endgame","Reach level 80 and complete the Khaz Algar main story campaign on your Warband.","15523","The War Within","164017","0","131072","10"
"tww_category_confirmed","True","40726","War Within Delves: Tier 11 (Season 1)","Complete a Tier 11 delve with lives remaining during The War Within Season 1.","15531","Delves","166448","0","133120","0"
"tww_category_confirmed","True","40727","Skittershaw Spin","Ride the High Hollows Skittershaw for a full lap around the district.","15506","War Within","166453","0","0","5"
"tww_category_confirmed","True","40729","Light's Gambit Champion","Win a game of Light's Gambit on Hard Difficulty.","15506","War Within","166458","0","0","10"
"tww_category_confirmed","True","40730","Love is in the Lair","Defeat the Silken Court after Anub'arash and Takazj have gained the Bond of Friendship in Nerub-ar Palace on Normal difficulty or higher.","15526","War Within Raid","166476","0","0","10"
"tww_category_confirmed","True","40731","Panhandled","Land 10 hits with the Frying Pans that drop from the Overworked Cooks in the Deepforge Golemworks.","15506","War Within","166486","0","131072","5"
"tww_category_confirmed","True","40732","Heavy-Handed","Get killed by a Delve Nemesis.","15523","The War Within","166531","0","0","10"
"tww_category_confirmed","True","40762","Khaz Algar Lore Hunter","Discover the following lore objects across Khaz Algar.","15521","War Within","166622","0","131072","10"
"tww_category_confirmed","True","40789","Flying in Style","Collect the following cosmetic unlocks for the Delver's Dirigible.","15523","The War Within","166714","0","131072","10"
"tww_category_confirmed","True","40791","Fate of the Kirin Tor","Complete the following storylines listed below.","15506","War Within","166838","0","0","10"
"tww_category_confirmed","True","40799","Sojourner of The Ringing Deeps","Complete the optional Ringing Deeps storylines listed below.","15506","War Within","166895","0","131072","10"
"tww_category_confirmed","True","40803","Fungal Folly Discoveries","Find and open all Sturdy Chests hidden in Fungal Folly.","15523","The War Within","167486","0","131200","5"
"tww_category_confirmed","True","40806","Earthcrawl Mines Discoveries","Find and open all Sturdy Chests hidden in Earthcrawl Mines.","15523","The War Within","167494","0","131200","5"
"tww_category_confirmed","True","40807","Kriegval's Rest Discoveries","Find and open all Sturdy Chests hidden in Kriegval's Rest.","15523","The War Within","167500","0","131200","5"
"tww_category_confirmed","True","40808","Mycomancer Cavern Discoveries","Find and open all Sturdy Chests hidden in Mycomancer Cavern.","15523","The War Within","167505","0","131200","5"
"tww_category_confirmed","True","40809","Nightfall Sanctum Discoveries","Find and open all Sturdy Chests hidden in Nightfall Sanctum.","15523","The War Within","167510","0","131200","5"
"tww_category_confirmed","True","40810","Skittering Breach Discoveries","Find and open all Sturdy Chests hidden in Skittering Breach.","15523","The War Within","167515","0","131200","5"
"tww_category_confirmed","True","40811","Tak-Rethan Abyss Discoveries","Find and open all Sturdy Chests hidden in Tak-Rethan Abyss.","15523","The War Within","167520","0","131200","5"
"tww_category_confirmed","True","40812","The Dread Pit Discoveries","Find and open all Sturdy Chests hidden in The Dread Pit.","15523","The War Within","167525","0","131200","5"
"tww_category_confirmed","True","40813","The Sinkhole Discoveries","Find and open all Sturdy Chests hidden in The Sinkhole.","15523","The War Within","167530","0","131200","5"
"tww_category_confirmed","True","40814","The Spiral Weave Discoveries","Find and open all Sturdy Chests hidden in The Spiral Weave.","15523","The War Within","167535","0","131200","5"
"tww_category_confirmed","True","40815","The Underkeep Discoveries","Find and open all Sturdy Chests hidden in The Underkeep.","15523","The War Within","167540","0","131200","5"
"tww_category_confirmed","True","40816","The Waterworks Discoveries","Find and open all Sturdy Chests hidden in The Waterworks.","15523","The War Within","167545","0","131200","5"
"tww_category_confirmed","True","40820","Raisin' Brann","Revive Brann Bronzebeard after he has fallen unconscious.","15523","The War Within","167599","0","131072","5"
"tww_category_confirmed","True","40822","Explore Azj-Kahet","Explore the Azj-Kahet, revealing the covered areas of the world map.","15521","War Within","167601","0","131072","10"
"tww_category_confirmed","True","40825","Explore the Ringing Deeps","Explore the Ringing Deeps, revealing the covered areas of the world map.","15521","War Within","167625","0","131072","10"
"tww_category_confirmed","True","40826","Explore Hallowfall","Explore Hallowfall, revealing the covered areas of the world map.","15521","War Within","167644","0","131072","10"
"tww_category_confirmed","True","40828","Treasures of Azj-Kahet","Discover the hidden treasures across Azj-Kahet.","15521","War Within","167656","0","131072","5"
"tww_category_confirmed","True","40831","Explore the Isle of Dorn","Explore the Isle of Dorn, revealing the covered areas of the world map.","15521","War Within","167655","0","131072","10"
"tww_category_confirmed","True","40832","Leave it to Weaver","Complete the quest The Weaver's Legacy in Azj-Kahet","15506","War Within","167668","0","0","5"
"tww_category_confirmed","True","40833","The General's Salute","Complete the quest The General's Resolve in Azj-Kahet","15506","War Within","167670","0","0","5"
"tww_category_confirmed","True","40835","Vizier than Ever","Complete the quest The Vizier's Resolve in Azj-Kahet","15506","War Within","167672","0","0","5"
"tww_category_confirmed","True","40837","Adventurer of The Ringing Deeps","Complete 10 of the following special encounters across The Ringing Deeps.","15521","War Within","167682","0","131072","5"
"tww_category_confirmed","True","40840","Adventurer of Azj-Kahet","Complete 10 of the following special encounters across Azj-Kahet.","15521","War Within","167714","0","131072","5"
"tww_category_confirmed","True","40843","Mine Poppin'","Destroy 500 nerubian mines in Azj-Kahet.","15521","War Within","167759","0","196736","5"
"tww_category_confirmed","True","40844","Sojourner of Hallowfall","Complete the optional Hallowfall storylines listed below.","15506","War Within","167736","0","131072","10"
"tww_category_confirmed","True","40848","Treasures of Hallowfall","Discover the hidden treasures across Hallowfall.","15521","War Within","167773","0","131072","5"
"tww_category_confirmed","True","40851","Adventurer of Hallowfall","Complete 10 of the following special encounters across Hallowfall.","15521","War Within","167785","0","131072","5"
"tww_category_confirmed","True","40859","We're Here All Night","Participate in the following Theater Troupe plays:","15521","War Within","167864","0","132096","5"
"tww_category_confirmed","True","40860","A Star of Dorn","Unlock all actor perks for the Theater Troupe.","15521","War Within","167870","0","131072","5"
"tww_category_confirmed","True","40869","Worm Theory","Complete the following quests in Rak-Ush and the Wormlands.","15521","War Within","167954","0","196608","10"
"tww_category_confirmed","True","40874","The Grand Tapestry","Reach the maximum reputation with the Weaver in Azj'Kahet.","15530","War Within","167978","0","131072","10"
"tww_category_confirmed","True","40875","True Strength","Reach the maximum reputation with the General in Azj'Kahet.","15530","War Within","167980","0","131072","10"
"tww_category_confirmed","True","40876","Vox Arachni","Reach the maximum reputation with the Vizier in Azj'Kahet.","15530","War Within","167982","0","131072","10"
"tww_category_confirmed","True","40894","Sojourner of Undermine","Complete the optional Undermine storylines listed below.","15506","War Within","168182","0","132096","10"
"tww_category_confirmed","True","40900","Undermined","Complete the following storylines in Undermine.","15506","War Within","168211","0","131072","10"
"tww_category_confirmed","True","40948","Nine-Tenths of the Law","Successfully unlock all five of Muff's Auto-Lockers throughout Undermine.","15521","War Within","168566","0","131072","10"
"tww_category_confirmed","True","41042","Siren-ity Now!","Complete the following weekly quests on the Siren Isle.","15506","War Within","169530","0","131072","10"
"tww_category_confirmed","True","41043","Excavation Projects","Contribute to each of the following excavations on the Siren Isle Command Map.","15506","War Within","169563","0","131072","5"
"tww_category_confirmed","True","41045","A Song of Secrets","Complete the Siren Isle questline ""A Song of Secrets"".","15506","War Within","169588","0","131072","10"
"tww_category_confirmed","True","41046","Clean Up on Isle Siren","Defeat all of the rare creatures found on the Siren Isle.","15521","War Within","169569","0","131072","15"
"tww_category_confirmed","True","41050","A Choir of Citrines","Collect each of the Citrine gems on the Siren Isle.","15521","War Within","169648","0","131072","10"
"tww_category_confirmed","True","41052","Lingering Shadows","Complete the Lingering Shadows storyline.","15506","War Within","169684","0","131072","10"
"tww_category_confirmed","True","41086","Ally of Undermine","Reach Rank 20 with the Cartels of Undermine.","15530","War Within","169741","0","131072","10"
"tww_category_confirmed","True","41098","Excavation Site 9 Stories","Complete each story variant of Excavation Site 9.","15523","The War Within","169935","0","131072","5"
"tww_category_confirmed","True","41099","Sidestreet Sluice Stories","Complete each story variant of Sidestreet Sluice.","15523","The War Within","169939","0","131072","5"
"tww_category_confirmed","True","41100","Excavation Site 9 Discoveries","Find and open all Sturdy Chests hidden in Excavation Site 9.","15523","The War Within","169943","0","131200","5"
"tww_category_confirmed","True","41101","Sidestreet Sluice Discoveries","Find and open all Sturdy Chests hidden in Sidestreet Sluice.","15523","The War Within","169944","0","131200","5"
"tww_category_confirmed","True","41106","Algari Delver Damage Dealer","Complete every delve in Khaz Algar on Tier 4 or higher with lives remaining as a damage dealer.","15523","The War Within","169954","0","131072","10"
"tww_category_confirmed","True","41107","Algari Delver Healer","Complete every delve in Khaz Algar on Tier 4 or higher with lives remaining as a healer.","15523","The War Within","169969","0","131072","10"
"tww_category_confirmed","True","41108","Algari Delver Tank","Complete every delve in Khaz Algar on Tier 4 or higher with lives remaining as a tank.","15523","The War Within","169984","0","131072","10"
"tww_category_confirmed","True","41109","Algari Delver Damage Dealer II","Complete every delve in Khaz Algar on Tier 8 or higher with lives remaining as a damage dealer.","15523","The War Within","170001","0","131072","10"
"tww_category_confirmed","True","41110","Algari Delver Damage Dealer III","Complete every delve in Khaz Algar on Tier 11 with lives remaining as a damage dealer.","15523","The War Within","170016","0","131072","25"
"tww_category_confirmed","True","41111","Algari Delver Healer II","Complete every delve in Khaz Algar on Tier 8 or higher with lives remaining as a healer.","15523","The War Within","170031","0","131072","10"
"tww_category_confirmed","True","41112","Algari Delver Healer III","Complete every delve in Khaz Algar on Tier 11 with lives remaining as a healer.","15523","The War Within","170046","0","131072","25"
"tww_category_confirmed","True","41113","Algari Delver Tank II","Complete every delve in Khaz Algar on Tier 8 or higher with lives remaining as a tank.","15523","The War Within","170061","0","131072","10"
"tww_category_confirmed","True","41114","Algari Delver Tank III","Complete every delve in Khaz Algar on Tier 11 with lives remaining as a tank.","15523","The War Within","170076","0","131072","25"
"tww_category_confirmed","True","41115","Algari Delver","Complete every delve in Khaz Algar on Tier 4 or higher with lives remaining as a Damage Dealer, Healer, and Tank.","15523","The War Within","170091","0","131072","30"
"tww_category_confirmed","True","41116","Algari Delver II","Complete every delve in Khaz Algar on Tier 8 or higher with lives remaining as a Damage Dealer, Healer, and Tank.","15523","The War Within","170095","0","131072","30"
"tww_category_confirmed","True","41119","One Rank Higher","Defeat the One-Armed Bandit after activating one Chip Defense Machine in Liberation of Undermine on Normal difficulty or higher.","15526","War Within Raid","170101","0","132096","10"
"tww_category_confirmed","True","41120","Two Ranks Higher","Defeat the One-Armed Bandit after activating two Chip Defense Machines in Liberation of Undermine on Normal difficulty or higher.","15526","War Within Raid","170103","0","0","10"
"tww_category_confirmed","True","41121","Three Ranks Higher","Defeat the One-Armed Bandit after activating three Chip Defense Machines in Liberation of Undermine on Normal difficulty or higher.","15526","War Within Raid","170105","0","0","10"
"tww_category_confirmed","True","41122","Best In Class","Defeat the One-Armed Bandit after activating all four Chip Defense Machines in Liberation of Undermine on Normal difficulty or higher.","15526","War Within Raid","170107","0","0","10"
"tww_category_confirmed","True","41131","Treasures of the Storm","Open 10 Runed Storm Caches found around Siren Isle.","15521","War Within","170142","0","131072","5"
"tww_category_confirmed","True","41133","Isle Remember You","Complete all the Siren Isle achievements listed below.","15521","War Within","170144","232991","131072","15"
"tww_category_confirmed","True","41149","The Severed Threads","Reach rank 15 with the Severed Threads.","15530","War Within","167701","0","131072","10"
"tww_category_confirmed","True","41161","Council of Dornogal","Reach rank 15 with the Council of Dornogal.","15530","War Within","167851","0","131072","10"
"tww_category_confirmed","True","41162","Cornerstone of Dornogal","Reach rank 25 with the Council of Dornogal.","15530","War Within","168308","0","131072","10"
"tww_category_confirmed","True","41164","We Rise Anew","Reach rank 25 with the Severed Threads.","15530","War Within","168306","0","131072","10"
"tww_category_confirmed","True","41165","Assembly of the Deeps","Reach rank 15 with the Assembly of the Deeps.","15530","War Within","167680","0","131072","10"
"tww_category_confirmed","True","41166","From Many, One","Reach rank 25 with the Assembly of the Deeps.","15530","War Within","168310","0","131072","10"
"tww_category_confirmed","True","41167","Hallowfall Arathi","Reach rank 15 with the Hallowfall Arathi.","15530","War Within","167771","0","131072","10"
"tww_category_confirmed","True","41168","The Flame Burns Within","Reach rank 25 with the Hallowfall Arathi.","15530","War Within","168304","0","131072","10"
"tww_category_confirmed","True","41169","Khaz Algar Diplomat","Reach max renown with each of the reputations listed below.","15530","War Within","165769","0","131072","10"
"tww_category_confirmed","True","41185","Siren's Squall","Complete the following quests during a storm on Siren Isle.","15506","War Within","170217","0","131072","5"
"tww_category_confirmed","True","41186","Slate of the Union","Experience life as the Earthen do by completing the achievements below.","15521","War Within","170231","0","132096","20"
"tww_category_confirmed","True","41187","Rage Aside the Machine","Aid the Assembly of the Deeps by completing the achievements below.","15521","War Within","170240","0","131072","20"
"tww_category_confirmed","True","41188","Crystal Chronicled","Aid the Hallowfall Arathi by completing the achievements below.","15521","War Within","170248","0","131072","20"
"tww_category_confirmed","True","41189","Azj the World Turns","Experience life in Azj-Kahet by completing the achievements below.","15521","War Within","170377","0","131072","20"
"tww_category_confirmed","True","41191","War Within Delves: Tier 4 (Season 2)","Complete a Tier 4 delve with lives remaining during The War Within Season 2.","15531","Delves","170263","0","133120","0"
"tww_category_confirmed","True","41192","War Within Delves: Tier 5 (Season 2)","Complete a Tier 5 delve with lives remaining during The War Within Season 2.","15531","Delves","170265","0","133120","0"
"tww_category_confirmed","True","41193","War Within Delves: Tier 7 (Season 2)","Complete a Tier 7 delve with lives remaining during The War Within Season 2.","15531","Delves","170269","0","133120","0"
"tww_category_confirmed","True","41194","War Within Delves: Tier 8 (Season 2)","Complete a Tier 8 delve with lives remaining during The War Within Season 2.","15531","Delves","170271","0","133120","0"
"tww_category_confirmed","True","41195","War Within Delves: Tier 9 (Season 2)","Complete a Tier 9 delve with lives remaining during The War Within Season 2.","15531","Delves","170273","0","133120","0"
"tww_category_confirmed","True","41196","War Within Delves: Tier 10 (Season 2)","Complete a Tier 10 delve with lives remaining during The War Within Season 2.","15531","Delves","170275","0","133120","0"
"tww_category_confirmed","True","41197","War Within Delves: Tier 11 (Season 2)","Complete a Tier 11 delve with lives remaining during The War Within Season 2.","15531","Delves","170277","0","133120","0"
"tww_category_confirmed","True","41198","War Within Delves: Tier 6 (Season 2)","Complete a Tier 6 delve with lives remaining during The War Within Season 2.","15531","Delves","170267","0","133120","0"
"tww_category_confirmed","True","41201","You Xal Not Pass","End Xal'atath's schemes (for now) by completing the achievements below.","15521","War Within","170302","223313","131072","40"
"tww_category_confirmed","True","41208","Hold My Gear!","Defeat Vexie and the Geargrinders after crashing a bike into the following objects in the Liberation of Undermine on Normal difficulty or higher.","15526","War Within Raid","170367","0","0","10"
"tww_category_confirmed","True","41210","Let Me Solo Him: The Underpin","Defeat The Underpin in his lair on Tier ?? without any other players in your party, before the release of the next season of delves.","15531","Delves","170618","0","14336","0"
"tww_category_confirmed","True","41211","A Good Day to Dye Hard","Defeat Mug'Zee, Heads of Security while all players are dyed the same color in Liberation of Undermine on Normal difficulty or higher.","15526","War Within Raid","205764","236769","0","10"
"tww_category_confirmed","True","41214","Under the Echoes","Complete each of these Worldsoul Memory events in Undermine.","15521","War Within","205790","0","131072","5"
"tww_category_confirmed","True","41215","Echoes of Deeper Dangers","On Radiant Discord difficulty, defeat each of the following rare creatures encountered during the Worldsoul Memory events in Undermine.","15521","War Within","205793","0","135168","10"
"tww_category_confirmed","True","41216","Adventurer of Undermine","Complete 10 of the following special encounters across Undermine.","15521","War Within","205804","0","131072","5"
"tww_category_confirmed","True","41217","Treasures of Undermine","Discover the hidden treasures across Undermine.","15521","War Within","205827","0","131072","10"
"tww_category_confirmed","True","41222","Liberation of Undermine","Defeat the following bosses on any difficulty.","15526","War Within Raid","205973","0","131072","10"
"tww_category_confirmed","True","41223","Heroic: Liberation of Undermine","Defeat the following bosses on Heroic difficulty.","15526","War Within Raid","205982","0","131072","10"
"tww_category_confirmed","True","41224","Mythic: Liberation of Undermine","Defeat the following bosses on Mythic difficulty.","15526","War Within Raid","206021","0","131072","10"
"tww_category_confirmed","True","41225","Shock and Awesome","Defeat the following bosses that enthrall the masses within the Liberation of Undermine.","15526","War Within Raid","205991","0","131072","10"
"tww_category_confirmed","True","41226","Maniacal Machinist","Defeat the following bosses that threaten to dismantle the city within the Liberation of Undermine.","15526","War Within Raid","205994","0","131072","10"
"tww_category_confirmed","True","41227","Beating the Odds","Defeat the following bosses that control the casino within the Liberation of Undermine.","15526","War Within Raid","205997","0","131072","10"
"tww_category_confirmed","True","41228","Fall of the Chrome King","Defeat the Chrome King within the Liberation of Undermine.","15526","War Within Raid","206001","0","131072","10"
"tww_category_confirmed","True","41229","Mythic: Vexie and the Geargrinders","Defeat Vexie in the Liberation of Undermine on Mythic difficulty.","15526","War Within Raid","206005","0","0","10"
"tww_category_confirmed","True","41230","Mythic: Cauldron of Carnage","Defeat the Cauldron of Carnage in the Liberation of Undermine on Mythic difficulty.","15526","War Within Raid","206007","0","0","10"
"tww_category_confirmed","True","41231","Mythic: Rik Reverb","Defeat Rik Reverb in the Liberation of Undermine on Mythic difficulty.","15526","War Within Raid","206009","0","0","10"
"tww_category_confirmed","True","41232","Mythic: Stix Bunkjunker","Defeat Stix Bunkunker in the Liberation of Undermine on Mythic difficulty.","15526","War Within Raid","206011","0","0","10"
"tww_category_confirmed","True","41233","Mythic: Sprocketmonger Lockenstock","Defeat Sprocketmonger Lockenstock in the Liberation of Undermine on Mythic difficulty.","15526","War Within Raid","206013","0","0","10"
"tww_category_confirmed","True","41234","Mythic: The One-Armed Bandit","Defeat the One-Armed Bandit in the Liberation of Undermine on Mythic difficulty.","15526","War Within Raid","206015","0","0","10"
"tww_category_confirmed","True","41235","Mythic: Mug'Zee, Heads of Security","Defeat Mug'Zee in the Liberation of Undermine on Mythic difficulty.","15526","War Within Raid","206017","0","0","10"
"tww_category_confirmed","True","41236","Mythic: Chrome King Gallywix","Defeat Gallywix in the Liberation of Undermine on Mythic difficulty.","15526","War Within Raid","206019","0","0","10"
"tww_category_confirmed","True","41337","Sleep with the Fishes","Defeat Mug'Zee, Heads of Security while all players have slept with the fishes in Liberation of Undermine on Normal difficulty or higher.","15526","War Within Raid","206292","0","0","10"
"tww_category_confirmed","True","41338","Just /Dance","Defeat Rik Reverb after activating both D.I.S.C.O.s during Hype Hustle in the Liberation of Undermine on Normal difficulty or higher.","15526","War Within Raid","206294","0","0","10"
"tww_category_confirmed","True","41339","Operation: Floodgate","Defeat Geezle Gigazap in Operation: Floodgate.","15524","War Within Dungeon","206299","0","0","10"
"tww_category_confirmed","True","41340","Heroic: Operation: Floodgate","Defeat Geezle Gigazap in Operation: Floodgate on Heroic difficulty or higher.","15524","War Within Dungeon","206301","0","0","10"
"tww_category_confirmed","True","41341","Mythic: Operation: Floodgate","Defeat Geezle Gigazap in Operation: Floodgate on Mythic or Mythic Keystone difficulty.","15524","War Within Dungeon","206303","0","0","10"
"tww_category_confirmed","True","41347","Scheming on a Thing","Defeat Chrome King Gallywix after Giga Bomb Detonation-ing 3 Giga Controls during a single Giga Coils in Liberation of Undermine on Normal difficulty or higher.","15526","War Within Raid","206311","0","0","10"
"tww_category_confirmed","True","41349","In with the Cartels","Reach Honored with the Bilgewater, Blackwater, Steamwheedle and Venture Co. Cartels of Undermine.","15530","War Within","206319","232807","131072","10"
"tww_category_confirmed","True","41350","A Long Fuse","Reach Exalted with Darkfuse Solutions.","15530","War Within","206324","0","131072","10"
"tww_category_confirmed","True","41351","Cartels Bestie","Reach Revered with the Bilgewater, Blackwater, Steamwheedle and Venture Co. Cartels of Undermine.","15530","War Within","206326","0","131072","10"
"tww_category_confirmed","True","41352","Trade-Duke","Reach Exalted with the Bilgewater, Blackwater, Steamwheedle and Venture Co. Cartels of Undermine.","15530","War Within","206331","0","131072","10"
"tww_category_confirmed","True","41529","Breaking the Bank","Defeat The Underpin in his lair on Tier ?? before the release of the next season of delves.","15531","Delves","206449","0","14336","0"
"tww_category_confirmed","True","41530","My New Nemesis","Defeat The Underpin in his lair before the release of the next season of delves.","15531","Delves","206451","0","14336","0"
"tww_category_confirmed","True","41531","The Hataclysm","Ask Brann to change his hat ten times after recovering it from the Underpin during the War Within Season 2.","15531","Delves","206454","0","133120","0"
"tww_category_confirmed","True","41532","I've Got a Flying Machine?","Obtain the Delver's Gob-Trotter.","15523","The War Within","206461","0","131072","10"
"tww_category_confirmed","True","41554","The Splash Zone","Defeat the Cauldron of Carnage while suffering from Hubris after drinking ""Fireproof"" Punch and ""Shockproof"" Soda in Liberation of Undermine on Normal difficulty or higher.","15526","War Within Raid","206866","0","0","10"
"tww_category_confirmed","True","41555","All That Khaz","Leave no stones unturned by completing the Khaz Algar achievements below.","15521","War Within","206868","0","393216","40"
"tww_category_confirmed","True","41586","Going Goblin Mode","Experience the sights, sounds, and smells of Undermine by completing the achievements below.","15521","War Within","206922","0","393216","20"
"tww_category_confirmed","True","41587","Explore Undermine","Explore Undermine, revealing covered areas of the world map.","15521","War Within","206912","0","131072","10"
"tww_category_confirmed","True","41588","Read Between the Lines","Read the following lore books in Undermine.","15521","War Within","206926","235050","131072","5"
"tww_category_confirmed","True","41589","That Can-Do Attitude","Find enlightenment by cleaning the streets of Undermine by kicking Discarded Cans.","15521","War Within","206935","0","131200","10"
"tww_category_confirmed","True","41590","No Littering","Complete 10 S.C.R.A.P. jobs in Undermine.","15521","War Within","207008","0","131072","5"
"tww_category_confirmed","True","41591","Really No Littering","Complete 25 S.C.R.A.P. jobs in Undermine.","15521","War Within","207010","0","131072","10"
"tww_category_confirmed","True","41592","Absolutely Zero Littering","Complete 50 S.C.R.A.P. jobs in Undermine.","15521","War Within","207012","0","131072","25"
"tww_category_confirmed","True","41593","Cleanin' the Streets","Complete a S.C.R.A.P. job at every location in Undermine.","15521","War Within","207014","0","131072","10"
"tww_category_confirmed","True","41594","Can You Believe What People Throw Away?","Slay the Gallagio Garbage during a S.C.R.A.P. job.","15521","War Within","207022","0","131072","10"
"tww_category_confirmed","True","41596","Garbage In, Garbage Out","Defeat Stix Bunkjunker after absorbing or incinerating every Garbage Pile created by Electromagnetic Sorting before the next cast of Electromagnetic Sorting in Liberation of Undermine on Normal difficulty or higher.","15526","War Within Raid","207030","0","0","10"
"tww_category_confirmed","True","41598","Manaforge Omega","Defeat the following bosses on any difficulty.","15526","War Within Raid","207156","0","131072","10"
"tww_category_confirmed","True","41599","Heroic: Manaforge Omega","Defeat the following bosses on Heroic difficulty.","15526","War Within Raid","207157","0","131072","10"
"tww_category_confirmed","True","41600","Mythic: Manaforge Omega","Defeat the following bosses on Mythic difficulty.","15526","War Within Raid","207158","0","131072","10"
"tww_category_confirmed","True","41601","Might of the Shadowguard","Defeat the following bosses that bolster the defenses of Manaforge Omega.","15526","War Within Raid","207159","0","131072","10"
"tww_category_confirmed","True","41602","Monsters of the Sands","Defeat the following bosses that halt progress towards the heart of Manaforge Omega.","15526","War Within Raid","207160","0","131072","10"
"tww_category_confirmed","True","41603","Heart of Darkness","Defeat the following bosses that threaten to devour existence in Manaforge Omega.","15526","War Within Raid","207161","0","131072","10"
"tww_category_confirmed","True","41604","Mythic: Plexus Sentinel","Defeat the Plexus Sentinel in Manaforge Omega on Mythic difficulty.","15526","War Within Raid","207162","0","0","10"
"tww_category_confirmed","True","41605","Mythic: Loom'ithar","Defeat Loom'ithar in Manaforge Omega on Mythic difficulty.","15526","War Within Raid","207164","0","0","10"
"tww_category_confirmed","True","41606","Mythic: Soulbinder Naazindhri","Defeat Soulbinder Naazindhri in Manaforge Omega on Mythic difficulty.","15526","War Within Raid","207166","0","0","10"
"tww_category_confirmed","True","41607","Mythic: Forgeweaver Araz","Defeat Forgeweaver Araz in Manaforge Omega on Mythic difficulty.","15526","War Within Raid","207168","0","0","10"
"tww_category_confirmed","True","41608","Mythic: The Soul Hunters","Defeat The Soul Hunters in Manaforge Omega on Mythic difficulty.","15526","War Within Raid","207170","0","0","10"
"tww_category_confirmed","True","41609","Mythic: Fractillus","Defeat Fractillus in Manaforge Omega on Mythic difficulty.","15526","War Within Raid","207172","0","0","10"
"tww_category_confirmed","True","41610","Mythic: Nexus-King Salhadaar","Defeat Nexus-King Salhadaar in Manaforge Omega on Mythic difficulty.","15526","War Within Raid","207174","0","0","10"
"tww_category_confirmed","True","41611","Mythic: Dimensius, the All-Devouring","Defeat Dimensius, the All-Devouring in Manaforge Omega on Mythic difficulty.","15526","War Within Raid","207176","0","0","10"
"tww_category_confirmed","True","41613","Time to Vote! Cute or Scary?","Defeat Loom'ithar after everyone decides whether they would rather /cower from it or /cuddle it before starting the battle in Manaforge Omega on Normal difficulty or higher.","15526","War Within Raid","212688","0","0","10"
"tww_category_confirmed","True","41614","Mother of All Tantrums","Defeat Soulbinder Naazindhri after defeating all Little Unbound Souls in Manaforge Omega on Normal difficulty or higher.","15526","War Within Raid","212780","0","0","10"
"tww_category_confirmed","True","41615","Cheat Meal","Defeat Forgeweaver Araz after destroying a Void Forged Echo in Manaforge Omega on Normal difficulty or higher.","15526","War Within Raid","212078","0","0","10"
"tww_category_confirmed","True","41616","I See... Absolutely Nothing","Defeat the Soul Hunters after all players have worn Adarus' spare blindfold at least 1 time in Manaforge Omega on Normal difficulty or higher.","15526","War Within Raid","213897","0","0","10"
"tww_category_confirmed","True","41617","Breaking the Fourth Wall","Defeat Fractillus after destroying a fourth wall 18 times in Manaforge Omega on Normal difficulty or higher.","15526","War Within Raid","209742","0","0","10"
"tww_category_confirmed","True","41618","King's Ransom","Defeat Nexus-King Salhadaar alongside a hidden assassin in Manaforge Omega on Normal difficulty or higher.","15526","War Within Raid","214563","0","0","10"
"tww_category_confirmed","True","41619","Defying Gravity","Defeat Dimensius, the All-Devouring after allowing every member of your raid to be hit by Reverse Gravity at least once in Manaforge Omega on Normal difficulty or higher.","15526","War Within Raid","213899","0","0","10"
"tww_category_confirmed","True","41626","C.H.E.T.T. a Look","Turn in a completed C.H.E.T.T. List.","15521","War Within","207246","0","131072","5"
"tww_category_confirmed","True","41627","C.H.E.T.T.ing it Twice","Turn in two completed C.H.E.T.T. Lists.","15521","War Within","207248","0","131200","10"
"tww_category_confirmed","True","41629","C.H.E.T.T.mate","Turn in 100 completed C.H.E.T.T. Lists or become ""Employee"" of the Month.","15521","War Within","207250","0","131072","10"
"tww_category_confirmed","True","41694","Flarendo's Biggest Fan","Defeat the Cauldron of Carnage while being Flarendo's Biggest Fan in Liberation of Undermine on Normal difficulty or higher.","15526","War Within Raid","207437","0","0","10"
"tww_category_confirmed","True","41695","Torq's Biggest Fan","Defeat the Cauldron of Carnage while being Torq's Biggest Fan in Liberation of Undermine on Normal difficulty or higher.","15526","War Within Raid","207439","0","0","10"
"tww_category_confirmed","True","41708","You're My Friend Now","Make friends with all 5 Grabbable Rats in Undermine.","15521","War Within","207587","0","131072","5"
"tww_category_confirmed","True","41709","Journey's End (Season 2)","Complete the Delver's Journey before Season 2 ends.","15531","Delves","207593","0","133120","0"
"tww_category_confirmed","True","41711","Conveyor Slayer","Defeat Sprocketmonger Lockenstock without being struck by Blazing Beam, Rocket Barrage, Mega Magnetize, Jumbo Void Beam, or Void Barrage in Liberation of Undermine on Normal difficulty or higher.","15526","War Within Raid","207600","0","0","10"
"tww_category_confirmed","True","41714","From Trash to Treasure","Collect the following cosmetic unlocks for the Delver's Gob-Trotter.","15523","The War Within","207651","0","131072","10"
"tww_category_confirmed","True","41778","Brokers Don't Care How You Win","Win the two challenge mode races in the Oasis","15506","War Within","208136","0","131072","5"
"tww_category_confirmed","True","41808","Otherworldly Ecologist","Complete the following storylines in K'aresh.","15506","War Within","208265","0","131072","10"
"tww_category_confirmed","True","41809","Ecological Variety","Do a daily quest for each of the species in the Oasis.","15506","War Within","208282","0","131072","10"
"tww_category_confirmed","True","41811","Ecological Stability","Ensure all the creatures in the Oasis are fully integrated into the ecosystem.","15506","War Within","208339","0","131072","10"
"tww_category_confirmed","True","41812","Expertly Done","Gather a group of experts to assist in the Oasis in K'aresh.","15521","War Within","208332","0","131072","5"
"tww_category_confirmed","True","41815","Ecological Succession","Complete the following achievements in K'aresh.","15506","War Within","208354","0","131072","20"
"tww_category_confirmed","True","41818","Rise of the Red Dawn","Complete the Rise of the Red Dawn storyline.","15506","War Within","208400","0","131072","10"
"tww_category_confirmed","True","41820","Rise of the Red Dawn","Complete the Rise of the Red Dawn storyline.","15506","War Within","208402","0","131072","10"
"tww_category_confirmed","True","41970","The Knife's Edge","Complete the following storylines in K'aresh.","15506","War Within","209210","0","131072","10"
"tww_category_confirmed","True","41978","Moonlighter","Complete 2 Warrants in K'aresh.","15506","War Within","209310","244140","0","5"
"tww_category_confirmed","True","41979","Bounty Seeker","Complete 4 Warrants in K'aresh.","15506","War Within","209324","245255","0","5"
"tww_category_confirmed","True","41980","Vigilante","Complete all Warrants in K'aresh.","15506","War Within","209317","237485","0","10"
"tww_category_confirmed","True","41996","I'm Doing My Part","Complete the Nightfall Scenario.","15521","War Within","209405","0","131072","10"
"tww_category_confirmed","True","41997","Owner of a Radiant Heart","Reach Renown rank 10 with Flame's Radiance.","15530","War Within","209407","0","131072","10"
"tww_category_confirmed","True","41998","Turning the Venom Tide","Complete 10 Incursion quests in Hallowfall or Azj-Kahet.","15521","War Within","209409","0","131072","10"
"tww_category_confirmed","True","41999","Fighter of the Nightman","Kill at least 5 of the following Nightfall elites in Hallowfall or Azj-Kahet.","15521","War Within","209392","0","131072","10"
"tww_category_confirmed","True","42022","A Trusted Partner","Reach rank 20 with The K'aresh Trust.","15530","War Within","209546","0","131072","10"
"tww_category_confirmed","True","42118","Of Mice and Manaforges","Defeat the Plexus Sentinel after saving all mice from atomization in Manaforge Omega on Normal difficuty or higher.","15526","War Within Raid","209730","0","0","10"
"tww_category_confirmed","True","42190","Let Me Solo Her: Nexus-Princess Ky'veza","Defeat Nexus-Princess Ky'veza in her lair on Tier ?? without any other players in your party, before the release of the next season of delves.","15531","Delves","210387","0","14336","0"
"tww_category_confirmed","True","42193","My Stab-Happy Nemesis","Defeat Nexus-Princess Ky'veza in her lair before the release of the next season of delves.","15531","Delves","210434","0","14336","0"
"tww_category_confirmed","True","42194","Pruning the Princess","Defeat Nexus-Princess Ky'veza in her lair on Tier ?? before the release of the next season of delves.","15531","Delves","210437","0","14336","0"
"tww_category_confirmed","True","42196","War Within Delves: Tier 4 (Season 3)","Complete a Tier 4 delve with lives remaining during The War Within Season 3.","15531","Delves","210478","0","133120","0"
"tww_category_confirmed","True","42197","War Within Delves: Tier 5 (Season 3)","Complete a Tier 5 delve with lives remaining during The War Within Season 3.","15531","Delves","210492","0","133120","0"
"tww_category_confirmed","True","42198","War Within Delves: Tier 6 (Season 3)","Complete a Tier 6 delve with lives remaining during The War Within Season 3.","15531","Delves","210490","0","133120","0"
"tww_category_confirmed","True","42199","War Within Delves: Tier 7 (Season 3)","Complete a Tier 7 delve with lives remaining during The War Within Season 3.","15531","Delves","210488","0","133120","0"
"tww_category_confirmed","True","42200","War Within Delves: Tier 8 (Season 3)","Complete a Tier 8 delve with lives remaining during The War Within Season 3.","15531","Delves","210486","0","133120","0"
"tww_category_confirmed","True","42201","War Within Delves: Tier 9 (Season 3)","Complete a Tier 9 delve with lives remaining during The War Within Season 3.","15531","Delves","210484","0","133120","0"
"tww_category_confirmed","True","42202","War Within Delves: Tier 10 (Season 3)","Complete a Tier 10 delve with lives remaining during The War Within Season 3.","15531","Delves","210482","0","133120","0"
"tww_category_confirmed","True","42203","War Within Delves: Tier 11 (Season 3)","Complete a Tier 11 delve with lives remaining during The War Within Season 3.","15531","Delves","210480","0","133120","0"
"tww_category_confirmed","True","42212","Titan Console Overcharged","Purchase enough Titan Discs to unlock all of the skills in the Overcharged Titan Console.","15531","Delves","210543","246237","131072","0"
"tww_category_confirmed","True","42241","Overcharged Delver","Complete 4 out of the 6 Overcharged Delves.","15531","Delves","210760","235016","131072","0"
"tww_category_confirmed","True","42299","Visions of a Shadowed Sun","Complete the Visions of a Shadowed Sun storyline.","15506","War Within","211359","0","131072","10"
"tww_category_confirmed","True","42677","This Machine Flies?! Don't Care I Got It!","Obtain the Delver's Mana-Skimmer.","15523","The War Within","211648","0","131072","10"
"tww_category_confirmed","True","42678","So That's Where My Manaflux Capacitor Was!","Collect the following cosmetic unlocks for the Delver's Mana-Skimmer.","15523","The War Within","211650","0","131072","10"
"tww_category_confirmed","True","42679","Archival Assault Discoveries","Find and open all Sturdy Chests hidden in Archival Assault.","15523","The War Within","211656","0","131200","5"
"tww_category_confirmed","True","42729","Dangerous Prowlers of K'aresh","Pet the following purrkins in K'aresh.","15521","War Within","212101","0","131072","10"
"tww_category_confirmed","True","42730","Jump, Jump, and Away!","Find and loot the Ethereal Voidforged Container in the Ruins of Yaathron in K'aresh.","15521","War Within","212106","0","131072","10"
"tww_category_confirmed","True","42731","Become a Hero. Become a Phasediver!","Complete the Diving into Phase Diving questline.","15521","War Within","212110","0","131072","10"
"tww_category_confirmed","True","42736","Ixthar's Legacy","Loot Ixthar's Favorite Crystal and slay Ixthar the Unblinking.","15521","War Within","212142","0","131072","10"
"tww_category_confirmed","True","42737","Capstoned","Complete the K'aresh capstone quests listed below.","15521","War Within","212145","0","131072","10"
"tww_category_confirmed","True","42738","We've All Got Swords!","Collect the sword cosmetics listed below.","15521","War Within","212160","0","131072","10"
"tww_category_confirmed","True","42739","Sojourner of K'aresh","Complete the optional K'aresh storylines listed below.","15506","War Within","212148","0","131072","10"
"tww_category_confirmed","True","42740","Explore K'aresh","Explore K'aresh, revealing covered areas of the map.","15521","War Within","212163","0","131072","10"
"tww_category_confirmed","True","42741","Treasures of K'aresh","Discover the hidden treasures across K'aresh.","15521","War Within","212173","0","131072","10"
"tww_category_confirmed","True","42742","Power of the Reshii","Fully upgrade the Reshii Wraps.","15521","War Within","212218","0","131072","10"
"tww_category_confirmed","True","42761","Remnants of a Shattered World","Defeat all of the rare creatures found on K'aresh.","15521","War Within","212265","0","131072","15"
"tww_category_confirmed","True","42771","Archival Assault Stories","Complete each story variant of Archival Assault.","15523","The War Within","212380","0","131072","5"
"tww_category_confirmed","True","42778","A Flicker in the Dark","Open 10 Flickergates.","15523","The War Within","212398","0","131200","5"
"tww_category_confirmed","True","42779","A Flash in the Void","Open 100 Flickergates.","15523","The War Within","212400","0","131200","5"
"tww_category_confirmed","True","42780","Eco-Dome Al'dani","Defeat Soul-Scribe in Eco-Dome Al'dani.","15524","War Within Dungeon","212410","0","0","10"
"tww_category_confirmed","True","42781","Heroic: Eco-Dome Al'dani","Defeat Soul-Scribe in Eco-Dome Al'dani on Heroic difficulty or higher.","15524","War Within Dungeon","212412","0","0","10"
"tww_category_confirmed","True","42782","Mythic: Eco-Dome Al'dani","Defeat Soul-Scribe in Eco-Dome Al'dani on Mythic or Mythic Keystone difficulty.","15524","War Within Dungeon","212414","0","0","10"
"tww_category_confirmed","True","42799","Let Her Solo Me","Get killed by Ky'veza in a delve.","15531","Delves","212482","0","133120","0"
"tww_category_confirmed","True","42801","Journey's End (Season 3)","Complete the Delver's Journey before Season 3 ends.","15531","Delves","212703","0","133120","0"
"tww_category_confirmed","True","60889","Unraveled and Persevering","Experience the mysteries of K'aresh by completing the achievements below.","15521","War Within","213815","0","393216","20"
"tww_category_confirmed","True","60890","Secrets of the K'areshi","Discover the following lore objects in K'aresh.","15521","War Within","213822","0","131072","10"
"tww_category_confirmed","True","60933","With Flying Colors","Complete Brann's Delver's Race as the Horde.","15531","Delves","214170","0","133120","0"
"tww_category_confirmed","True","60934","With Flying Colors","Complete Brann's Delver's Race as the Alliance.","15531","Delves","214183","0","133120","0"
"tww_category_confirmed","True","60939","Bringing Down the House","Reach rank 20 with the Gallagio Loyalty Rewards Club.","15530","War Within","214439","0","131072","10"
"tww_category_confirmed","True","60940","Vandals! In! Space!","Reach rank 15 with the Manaforge Vandals","15530","War Within","214441","0","131072","10"
"tww_category_confirmed","True","61017","Phase-Lost-and-Found","Collect all of the Phase-Lost item appearances found from Phase Diving orbs.","15521","War Within","214739","250240","131072","10"
"tww_category_confirmed","True","61498","Ready for Midnight","Complete the final chapter of the War Within campaign.","15506","War Within","219129","0","131072","10"
