"status","current_ability_exists","current_spell_name_exists","profession","profession_id","recipe_spell_id","name","skill_line_ability_id","trade_category_id","trade_category_name","house_decor_recipe","acquire_method","supercedes_spell_id"
"named_recipe","True","True","Alchemy","171","17632","Alchemist Stone","9976","637","Trinkets","False","0","0"
"named_recipe","True","True","Alchemy","171","28543","Elixir of Camouflage","13961","634","Elixirs","False","0","0"
"named_recipe","True","True","Alchemy","171","28544","Elixir of Major Strength","13962","634","Elixirs","False","0","0"
"named_recipe","True","True","Alchemy","171","28545","Elixir of Healing Power","13963","634","Elixirs","False","0","0"
"named_recipe","True","True","Alchemy","171","28546","Sneaking Potion","13964","633","Potions","False","0","0"
"named_recipe","True","True","Alchemy","171","28549","Elixir of Major Frost Power","13965","634","Elixirs","False","0","0"
"named_recipe","True","True","Alchemy","171","28550","Insane Strength Potion","13966","633","Potions","False","0","0"
"named_recipe","True","True","Alchemy","171","28551","Super Healing Potion","13968","633","Potions","False","0","0"
"named_recipe","True","True","Alchemy","171","28552","Elixir of the Searching Eye","13967","634","Elixirs","False","0","0"
"named_recipe","True","True","Alchemy","171","28553","Elixir of Major Agility","13969","634","Elixirs","False","0","0"
"named_recipe","True","True","Alchemy","171","28554","Shrouding Potion","13970","633","Potions","False","0","0"
"named_recipe","True","True","Alchemy","171","28555","Super Mana Potion","13971","633","Potions","False","0","0"
"named_recipe","True","True","Alchemy","171","28556","Elixir of Major Firepower","13972","634","Elixirs","False","0","0"
"named_recipe","True","True","Alchemy","171","28557","Elixir of Major Defense","13973","634","Elixirs","False","0","0"
"named_recipe","True","True","Alchemy","171","28558","Elixir of Major Shadow Power","13974","634","Elixirs","False","0","0"
"named_recipe","True","True","Alchemy","171","28562","Major Dreamless Sleep Potion","13975","633","Potions","False","0","0"
"named_recipe","True","True","Alchemy","171","28563","Heroic Potion","13976","633","Potions","False","0","0"
"named_recipe","True","True","Alchemy","171","28564","Haste Potion","13977","633","Potions","False","0","0"
"named_recipe","True","True","Alchemy","171","28565","Destruction Potion","13978","633","Potions","False","0","0"
"named_recipe","True","True","Alchemy","171","28566","Transmute: Primal Air to Fire","13979","636","Transmutation","False","0","0"
"named_recipe","True","True","Alchemy","171","28567","Transmute: Primal Earth to Water","13980","636","Transmutation","False","0","0"
"named_recipe","True","True","Alchemy","171","28568","Transmute: Primal Fire to Earth","13981","636","Transmutation","False","0","0"
"named_recipe","True","True","Alchemy","171","28569","Transmute: Primal Water to Air","13982","636","Transmutation","False","0","0"
"named_recipe","True","True","Alchemy","171","28570","Elixir of Major Mageblood","13983","634","Elixirs","False","0","0"
"named_recipe","True","True","Alchemy","171","28571","Major Fire Protection Potion","13985","633","Potions","False","0","0"
"named_recipe","True","True","Alchemy","171","28572","Major Frost Protection Potion","13986","633","Potions","False","0","0"
"named_recipe","True","True","Alchemy","171","28573","Major Nature Protection Potion","13988","633","Potions","False","0","0"
"named_recipe","True","True","Alchemy","171","28575","Major Arcane Protection Potion","13984","633","Potions","False","0","0"
"named_recipe","True","True","Alchemy","171","28576","Major Shadow Protection Potion","13989","633","Potions","False","0","0"
"named_recipe","True","True","Alchemy","171","28577","Major Holy Protection Potion","13987","633","Potions","False","0","0"
"named_recipe","True","True","Alchemy","171","28578","Elixir of Empowerment","13990","634","Elixirs","False","0","0"
"named_recipe","True","True","Alchemy","171","28579","Ironshield Potion","13991","633","Potions","False","0","0"
"named_recipe","True","True","Alchemy","171","28580","Transmute: Primal Shadow to Water","13996","636","Transmutation","False","0","0"
"named_recipe","True","True","Alchemy","171","28581","Transmute: Primal Water to Shadow","13997","636","Transmutation","False","0","0"
"named_recipe","True","True","Alchemy","171","28582","Transmute: Primal Mana to Fire","13995","636","Transmutation","False","0","0"
"named_recipe","True","True","Alchemy","171","28583","Transmute: Primal Fire to Mana","13993","636","Transmutation","False","0","0"
"named_recipe","True","True","Alchemy","171","28584","Transmute: Primal Life to Earth","13994","636","Transmutation","False","0","0"
"named_recipe","True","True","Alchemy","171","28585","Transmute: Primal Earth to Life","13992","636","Transmutation","False","0","0"
"named_recipe","True","True","Alchemy","171","28586","Super Rejuvenation Potion","13998","633","Potions","False","0","0"
"named_recipe","True","True","Alchemy","171","28587","Flask of Fortification","14000","635","Flasks","False","0","0"
"named_recipe","True","True","Alchemy","171","28588","Flask of Mighty Versatility","14001","635","Flasks","False","0","0"
"named_recipe","True","True","Alchemy","171","28589","Flask of Relentless Assault","14002","635","Flasks","False","0","0"
"named_recipe","True","True","Alchemy","171","28590","Flask of Blinding Light","13999","635","Flasks","False","0","0"
"named_recipe","True","True","Alchemy","171","28591","Flask of Pure Death","14003","635","Flasks","False","0","0"
"named_recipe","True","True","Alchemy","171","29688","Transmute: Primal Might","14157","636","Transmutation","False","0","0"
"named_recipe","True","True","Alchemy","171","32765","Transmute: Earthstorm Diamond","14913","636","Transmutation","False","0","0"
"named_recipe","True","True","Alchemy","171","32766","Transmute: Skyfire Diamond","14914","636","Transmutation","False","0","0"
"named_recipe","True","True","Alchemy","171","33732","Volatile Healing Potion","15043","633","Potions","False","1","0"
"named_recipe","True","True","Alchemy","171","33733","Unstable Mana Potion","15046","633","Potions","False","0","0"
"named_recipe","True","True","Alchemy","171","33738","Onslaught Elixir","15044","634","Elixirs","False","0","0"
"named_recipe","True","True","Alchemy","171","33740","Adept's Elixir","15045","634","Elixirs","False","0","0"
"named_recipe","True","True","Alchemy","171","33741","Elixir of Mastery","15047","634","Elixirs","False","0","0"
"named_recipe","True","True","Alchemy","171","38070","Mercurial Stone","15714","637","Trinkets","False","0","0"
"named_recipe","True","True","Alchemy","171","38960","Fel Strength Elixir","15738","634","Elixirs","False","0","0"
"named_recipe","True","True","Alchemy","171","38961","Fel Mana Potion","15740","633","Potions","False","0","0"
"named_recipe","True","True","Alchemy","171","38962","Fel Regeneration Potion","15739","633","Potions","False","0","0"
"named_recipe","True","True","Alchemy","171","39636","Elixir of Major Fortitude","15768","634","Elixirs","False","0","0"
"named_recipe","True","True","Alchemy","171","39637","Earthen Elixir","15769","634","Elixirs","False","0","0"
"named_recipe","True","True","Alchemy","171","39638","Elixir of Draenic Wisdom","15770","634","Elixirs","False","0","0"
"named_recipe","True","True","Alchemy","171","39639","Elixir of Ironskin","15771","634","Elixirs","False","0","0"
"named_recipe","True","True","Alchemy","171","41458","Cauldron of Major Arcane Protection","15863","632","Cauldrons","False","0","0"
"named_recipe","True","True","Alchemy","171","41500","Cauldron of Major Fire Protection","15864","632","Cauldrons","False","0","0"
"named_recipe","True","True","Alchemy","171","41501","Cauldron of Major Frost Protection","15865","632","Cauldrons","False","0","0"
"named_recipe","True","True","Alchemy","171","41502","Cauldron of Major Nature Protection","15866","632","Cauldrons","False","0","0"
"named_recipe","True","True","Alchemy","171","41503","Cauldron of Major Shadow Protection","15867","632","Cauldrons","False","0","0"
"named_recipe","True","True","Alchemy","171","45061","Mad Alchemist's Potion","16153","633","Potions","False","0","0"
"named_recipe","True","True","Alchemy","171","47046","Guardian's Alchemist Stone","16359","637","Trinkets","False","0","0"
"named_recipe","True","True","Alchemy","171","47048","Sorcerer's Alchemist Stone","16361","637","Trinkets","False","0","0"
"named_recipe","True","True","Alchemy","171","47049","Redeemer's Alchemist Stone","16360","637","Trinkets","False","0","0"
"named_recipe","True","True","Alchemy","171","47050","Assassin's Alchemist Stone","16358","637","Trinkets","False","0","0"
"named_recipe","True","True","Alchemy","171","1272712","Glazed Sin'dorei Vial","57002","2327","House Decor","True","0","0"
"named_recipe","True","True","Alchemy","171","1272715","Stranglekelp Sack","57003","2327","House Decor","True","0","0"
"named_recipe","True","True","Alchemy","171","1272723","Shadow Council Torch","57004","2327","House Decor","True","0","0"
"named_recipe","True","True","Alchemy","171","1273064","Arakkoan Alchemist's Bottle","57044","2327","House Decor","True","0","0"
"named_recipe","True","True","Alchemy","171","1273070","Arakkoan Alchemist's Concoction","57045","2327","House Decor","True","0","0"
"named_recipe","True","True","Blacksmithing","164","29545","Fel Iron Plate Gloves","14181","586","Armor","False","0","0"
"named_recipe","True","True","Blacksmithing","164","29547","Fel Iron Plate Belt","14182","586","Armor","False","0","0"
"named_recipe","True","True","Blacksmithing","164","29548","Fel Iron Plate Boots","14183","586","Armor","False","0","0"
"named_recipe","True","True","Blacksmithing","164","29549","Fel Iron Plate Pants","14184","586","Armor","False","0","0"
"named_recipe","True","True","Blacksmithing","164","29550","Fel Iron Breastplate","14185","586","Armor","False","0","0"
"named_recipe","True","True","Blacksmithing","164","29551","Fel Iron Chain Coif","14186","586","Armor","False","0","0"
"named_recipe","True","True","Blacksmithing","164","29552","Fel Iron Chain Gloves","14187","586","Armor","False","0","0"
"named_recipe","True","True","Blacksmithing","164","29553","Fel Iron Chain Bracers","14188","586","Armor","False","0","0"
"named_recipe","True","True","Blacksmithing","164","29556","Fel Iron Chain Tunic","14189","586","Armor","False","0","0"
"named_recipe","True","True","Blacksmithing","164","29557","Fel Iron Hatchet","14190","588","Weapons","False","0","0"
"named_recipe","True","True","Blacksmithing","164","29558","Fel Iron Hammer","14191","588","Weapons","False","0","0"
"named_recipe","True","True","Blacksmithing","164","29565","Fel Iron Greatsword","14192","588","Weapons","False","0","0"
"named_recipe","True","True","Blacksmithing","164","29566","Adamantite Maul","14193","588","Weapons","False","0","0"
"named_recipe","True","True","Blacksmithing","164","29568","Adamantite Cleaver","14194","588","Weapons","False","0","0"
"named_recipe","True","True","Blacksmithing","164","29569","Adamantite Dagger","14195","588","Weapons","False","0","0"
"named_recipe","True","True","Blacksmithing","164","29571","Adamantite Rapier","14196","588","Weapons","False","0","0"
"named_recipe","True","True","Blacksmithing","164","29603","Adamantite Plate Bracers","14197","586","Armor","False","0","0"
"named_recipe","True","True","Blacksmithing","164","29605","Adamantite Plate Gloves","14198","586","Armor","False","0","0"
"named_recipe","True","True","Blacksmithing","164","29606","Adamantite Breastplate","14199","586","Armor","False","0","0"
"named_recipe","True","True","Blacksmithing","164","29608","Enchanted Adamantite Belt","14200","586","Armor","False","0","0"
"named_recipe","True","True","Blacksmithing","164","29610","Enchanted Adamantite Breastplate","14202","586","Armor","False","0","0"
"named_recipe","True","True","Blacksmithing","164","29611","Enchanted Adamantite Boots","14201","586","Armor","False","0","0"
"named_recipe","True","True","Blacksmithing","164","29613","Enchanted Adamantite Leggings","14203","586","Armor","False","0","0"
"named_recipe","True","True","Blacksmithing","164","29614","Flamebane Bracers","14204","586","Armor","False","0","0"
"named_recipe","True","True","Blacksmithing","164","29615","Flamebane Helm","14205","586","Armor","False","0","0"
"named_recipe","True","True","Blacksmithing","164","29616","Flamebane Gloves","14206","586","Armor","False","0","0"
"named_recipe","True","True","Blacksmithing","164","29617","Flamebane Breastplate","14207","586","Armor","False","0","0"
"named_recipe","True","True","Blacksmithing","164","29619","Felsteel Gloves","14208","586","Armor","False","0","0"
"named_recipe","True","True","Blacksmithing","164","29620","Felsteel Leggings","14209","586","Armor","False","0","0"
"named_recipe","True","True","Blacksmithing","164","29621","Felsteel Helm","14210","586","Armor","False","0","0"
"named_recipe","True","True","Blacksmithing","164","29622","Gauntlets of the Iron Tower","14223","586","Armor","False","0","0"
"named_recipe","True","True","Blacksmithing","164","29628","Khorium Belt","14211","586","Armor","False","0","0"
"named_recipe","True","True","Blacksmithing","164","29629","Khorium Pants","14212","586","Armor","False","0","0"
"named_recipe","True","True","Blacksmithing","164","29630","Khorium Boots","14213","586","Armor","False","0","0"
"named_recipe","True","True","Blacksmithing","164","29642","Ragesteel Gloves","14214","586","Armor","False","0","0"
"named_recipe","True","True","Blacksmithing","164","29643","Ragesteel Helm","14215","586","Armor","False","0","0"
"named_recipe","True","True","Blacksmithing","164","29645","Ragesteel Breastplate","14216","586","Armor","False","0","0"
"named_recipe","True","True","Blacksmithing","164","29648","Swiftsteel Gloves","14217","586","Armor","False","0","0"
"named_recipe","True","True","Blacksmithing","164","29649","Earthpeace Breastplate","14218","586","Armor","False","0","0"
"named_recipe","True","True","Blacksmithing","164","29654","Fel Sharpening Stone","14219","585","Equipment Mods","False","0","0"
"named_recipe","True","True","Blacksmithing","164","29656","Adamantite Sharpening Stone","14220","585","Equipment Mods","False","0","0"
"named_recipe","True","True","Blacksmithing","164","29657","Felsteel Shield Spike","14221","585","Equipment Mods","False","0","0"
"named_recipe","True","True","Blacksmithing","164","29658","Felfury Gauntlets","14222","586","Armor","False","0","0"
"named_recipe","True","True","Blacksmithing","164","29662","Steelgrip Gauntlets","14224","586","Armor","False","0","0"
"named_recipe","True","True","Blacksmithing","164","29663","Storm Helm","14225","586","Armor","False","0","0"
"named_recipe","True","True","Blacksmithing","164","29664","Helm of the Stalwart Defender","14226","586","Armor","False","0","0"
"named_recipe","True","True","Blacksmithing","164","29668","Oathkeeper's Helm","14227","586","Armor","False","0","0"
"named_recipe","True","True","Blacksmithing","164","29669","Black Felsteel Bracers","14228","586","Armor","False","0","0"
"named_recipe","True","True","Blacksmithing","164","29671","Bracers of the Green Fortress","14229","586","Armor","False","0","0"
"named_recipe","True","True","Blacksmithing","164","29672","Blessed Bracers","14230","586","Armor","False","0","0"
"named_recipe","True","True","Blacksmithing","164","29692","Felsteel Longblade","14231","588","Weapons","False","0","0"
"named_recipe","True","True","Blacksmithing","164","29693","Khorium Champion","14232","588","Weapons","False","0","0"
"named_recipe","True","True","Blacksmithing","164","29694","Fel Edged Battleaxe","14233","588","Weapons","False","0","0"
"named_recipe","True","True","Blacksmithing","164","29695","Felsteel Reaper","14234","588","Weapons","False","0","0"
"named_recipe","True","True","Blacksmithing","164","29696","Runic Hammer","14235","588","Weapons","False","0","0"
"named_recipe","True","True","Blacksmithing","164","29697","Fel Hardened Maul","14236","588","Weapons","False","0","0"
"named_recipe","True","True","Blacksmithing","164","29698","Eternium Runed Blade","14237","588","Weapons","False","0","0"
"named_recipe","True","True","Blacksmithing","164","29699","Dirge","14238","588","Weapons","False","0","0"
"named_recipe","True","True","Blacksmithing","164","29700","Hand of Eternity","14239","588","Weapons","False","0","0"
"named_recipe","True","True","Blacksmithing","164","29728","Lesser Ward of Shielding","14240","585","Equipment Mods","False","0","0"
"named_recipe","True","True","Blacksmithing","164","29729","Greater Ward of Shielding","14241","585","Equipment Mods","False","0","0"
"named_recipe","True","True","Blacksmithing","164","32284","Lesser Rune of Warding","14819","585","Equipment Mods","False","0","0"
"named_recipe","True","True","Blacksmithing","164","32285","Greater Rune of Warding","14820","585","Equipment Mods","False","0","0"
"named_recipe","True","True","Blacksmithing","164","34529","Nether Chain Shirt","15225","586","Armor","False","0","0"
"named_recipe","True","True","Blacksmithing","164","34530","Twisting Nether Chain Shirt","15237","586","Armor","False","0","0"
"named_recipe","True","True","Blacksmithing","164","34533","Breastplate of Kings","15222","586","Armor","False","0","0"
"named_recipe","True","True","Blacksmithing","164","34534","Bulwark of Kings","15231","586","Armor","False","0","0"
"named_recipe","True","True","Blacksmithing","164","34535","Fireguard","15226","588","Weapons","False","0","0"
"named_recipe","True","True","Blacksmithing","164","34537","Blazeguard","15236","588","Weapons","False","0","0"
"named_recipe","True","True","Blacksmithing","164","34538","Lionheart Blade","15224","588","Weapons","False","0","0"
"named_recipe","True","True","Blacksmithing","164","34540","Lionheart Champion","15234","588","Weapons","False","0","0"
"named_recipe","True","True","Blacksmithing","164","34541","The Planar Edge","15227","588","Weapons","False","0","0"
"named_recipe","True","True","Blacksmithing","164","34542","Black Planar Edge","15230","588","Weapons","False","0","0"
"named_recipe","True","True","Blacksmithing","164","34543","Lunar Crescent","15229","588","Weapons","False","0","0"
"named_recipe","True","True","Blacksmithing","164","34544","Mooncleaver","15235","588","Weapons","False","0","0"
"named_recipe","True","True","Blacksmithing","164","34545","Drakefist Hammer","15223","588","Weapons","False","0","0"
"named_recipe","True","True","Blacksmithing","164","34546","Dragonmaw","15233","588","Weapons","False","0","0"
"named_recipe","True","True","Blacksmithing","164","34547","Thunder","15228","588","Weapons","False","0","0"
"named_recipe","True","True","Blacksmithing","164","34548","Deep Thunder","15232","588","Weapons","False","0","0"
"named_recipe","True","True","Blacksmithing","164","34607","Fel Weightstone","15239","585","Equipment Mods","False","0","0"
"named_recipe","True","True","Blacksmithing","164","34608","Adamantite Weightstone","15240","585","Equipment Mods","False","0","0"
"named_recipe","True","True","Blacksmithing","164","36122","Earthforged Leggings","15618","586","Armor","False","0","0"
"named_recipe","True","True","Blacksmithing","164","36124","Windforged Leggings","15622","586","Armor","False","0","0"
"named_recipe","True","True","Blacksmithing","164","36126","Light Skyforged Axe","15621","588","Weapons","False","0","0"
"named_recipe","True","True","Blacksmithing","164","36128","Light Emberforged Hammer","15620","588","Weapons","False","0","0"
"named_recipe","True","True","Blacksmithing","164","36129","Heavy Earthforged Breastplate","15624","586","Armor","False","0","0"
"named_recipe","True","True","Blacksmithing","164","36130","Stormforged Hauberk","15629","586","Armor","False","0","0"
"named_recipe","True","True","Blacksmithing","164","36131","Windforged Rapier","15630","588","Weapons","False","0","0"
"named_recipe","True","True","Blacksmithing","164","36133","Stoneforged Claymore","15627","588","Weapons","False","0","0"
"named_recipe","True","True","Blacksmithing","164","36134","Stormforged Axe","15628","588","Weapons","False","0","0"
"named_recipe","True","True","Blacksmithing","164","36135","Skyforged Great Axe","15626","588","Weapons","False","0","0"
"named_recipe","True","True","Blacksmithing","164","36136","Lavaforged Warhammer","15625","588","Weapons","False","0","0"
"named_recipe","True","True","Blacksmithing","164","36137","Great Earthforged Hammer","15623","588","Weapons","False","0","0"
"named_recipe","True","True","Blacksmithing","164","36256","Embrace of the Twisting Nether","15640","586","Armor","False","0","0"
"named_recipe","True","True","Blacksmithing","164","36257","Bulwark of the Ancient Kings","15641","586","Armor","False","0","0"
"named_recipe","True","True","Blacksmithing","164","36258","Blazefury","15642","588","Weapons","False","0","0"
"named_recipe","True","True","Blacksmithing","164","36259","Lionheart Executioner","15643","588","Weapons","False","0","0"
"named_recipe","True","True","Blacksmithing","164","36260","Wicked Edge of the Planes","15644","588","Weapons","False","0","0"
"named_recipe","True","True","Blacksmithing","164","36261","Bloodmoon","15645","588","Weapons","False","0","0"
"named_recipe","True","True","Blacksmithing","164","36262","Dragonstrike","15646","588","Weapons","False","0","0"
"named_recipe","True","True","Blacksmithing","164","36263","Stormherald","15647","588","Weapons","False","0","0"
"named_recipe","True","True","Blacksmithing","164","36389","Belt of the Guardian","15679","586","Armor","False","0","0"
"named_recipe","True","True","Blacksmithing","164","36390","Red Belt of Battle","15680","586","Armor","False","0","0"
"named_recipe","True","True","Blacksmithing","164","36391","Boots of the Protector","15681","586","Armor","False","0","0"
"named_recipe","True","True","Blacksmithing","164","36392","Red Havoc Boots","15682","586","Armor","False","0","0"
"named_recipe","True","True","Blacksmithing","164","38473","Wildguard Breastplate","15720","586","Armor","False","0","0"
"named_recipe","True","True","Blacksmithing","164","38475","Wildguard Leggings","15721","586","Armor","False","0","0"
"named_recipe","True","True","Blacksmithing","164","38476","Wildguard Helm","15722","586","Armor","False","0","0"
"named_recipe","True","True","Blacksmithing","164","38477","Iceguard Breastplate","15723","586","Armor","False","0","0"
"named_recipe","True","True","Blacksmithing","164","38478","Iceguard Leggings","15724","586","Armor","False","0","0"
"named_recipe","True","True","Blacksmithing","164","38479","Iceguard Helm","15725","586","Armor","False","0","0"
"named_recipe","True","True","Blacksmithing","164","40033","Shadesteel Sabots","15829","586","Armor","False","0","0"
"named_recipe","True","True","Blacksmithing","164","40034","Shadesteel Bracers","15826","586","Armor","False","0","0"
"named_recipe","True","True","Blacksmithing","164","40035","Shadesteel Greaves","15828","586","Armor","False","0","0"
"named_recipe","True","True","Blacksmithing","164","40036","Shadesteel Girdle","15827","586","Armor","False","0","0"
"named_recipe","True","True","Blacksmithing","164","41132","Swiftsteel Bracers","15837","586","Armor","False","0","0"
"named_recipe","True","True","Blacksmithing","164","41133","Swiftsteel Shoulders","15838","586","Armor","False","0","0"
"named_recipe","True","True","Blacksmithing","164","41134","Dawnsteel Bracers","15840","586","Armor","False","0","0"
"named_recipe","True","True","Blacksmithing","164","41135","Dawnsteel Shoulders","15839","586","Armor","False","0","0"
"named_recipe","True","True","Blacksmithing","164","42662","Ragesteel Shoulders","15900","586","Armor","False","0","0"
"named_recipe","True","True","Blacksmithing","164","42688","Adamantite Weapon Chain","15901","585","Equipment Mods","False","0","0"
"named_recipe","True","True","Blacksmithing","164","43846","Hammer of Righteous Might","16009","588","Weapons","False","0","0"
"named_recipe","True","True","Blacksmithing","164","46140","Sunblessed Gauntlets","16262","586","Armor","False","0","0"
"named_recipe","True","True","Blacksmithing","164","46141","Hard Khorium Battlefists","16259","586","Armor","False","0","0"
"named_recipe","True","True","Blacksmithing","164","46142","Sunblessed Breastplate","16261","586","Armor","False","0","0"
"named_recipe","True","True","Blacksmithing","164","46144","Hard Khorium Battleplate","16260","586","Armor","False","0","0"
"named_recipe","True","True","Blacksmithing","164","1261347","Bronze Banner of the Exiled","56098","2328","House Decor","True","0","0"
"named_recipe","True","True","Blacksmithing","164","1261359","Draenei Crystal Forge","56105","2328","House Decor","True","0","0"
"named_recipe","True","True","Blacksmithing","164","1261383","Draenei Smith's Anvil","56109","2328","House Decor","True","0","0"
"named_recipe","True","True","Cooking","185","33279","Buzzard Bites","15003","1024","Everyday Cooking","False","0","0"
"named_recipe","True","True","Cooking","185","33284","Ravager Dog","15004","1024","Everyday Cooking","False","0","0"
"named_recipe","True","True","Cooking","185","33286","Blackened Basilisk","15006","1024","Everyday Cooking","False","0","0"
"named_recipe","True","True","Cooking","185","33287","Roasted Clefthoof","15007","1024","Everyday Cooking","False","0","0"
"named_recipe","True","True","Cooking","185","33288","Warp Burger","15008","1024","Everyday Cooking","False","0","0"
"named_recipe","True","True","Cooking","185","33289","Talbuk Steak","15009","1024","Everyday Cooking","False","0","0"
"named_recipe","True","True","Cooking","185","33290","Blackened Trout","15010","1024","Everyday Cooking","False","0","0"
"named_recipe","True","True","Cooking","185","33291","Feltail Delight","15011","1024","Everyday Cooking","False","0","0"
"named_recipe","True","True","Cooking","185","33292","Blackened Sporefish","15012","1024","Everyday Cooking","False","0","0"
"named_recipe","True","True","Cooking","185","33293","Grilled Mudfish","15013","1024","Everyday Cooking","False","0","0"
"named_recipe","True","True","Cooking","185","33294","Poached Bluefish","15014","1024","Everyday Cooking","False","0","0"
"named_recipe","True","True","Cooking","185","33295","Golden Fish Sticks","15016","1024","Everyday Cooking","False","0","0"
"named_recipe","True","True","Cooking","185","33296","Spicy Crawdad","15017","1024","Everyday Cooking","False","0","0"
"named_recipe","True","True","Cooking","185","36210","Clam Bar","15638","1024","Everyday Cooking","False","0","0"
"named_recipe","True","True","Cooking","185","38867","Mok'Nathal Shortribs","15737","1024","Everyday Cooking","False","0","0"
"named_recipe","True","True","Cooking","185","38868","Crunchy Serpent","15736","1024","Everyday Cooking","False","0","0"
"named_recipe","True","True","Cooking","185","42296","Stewed Trout","15874","1024","Everyday Cooking","False","0","0"
"named_recipe","True","True","Cooking","185","42302","Fisherman's Feast","15875","1024","Everyday Cooking","False","0","0"
"named_recipe","True","True","Cooking","185","42305","Hot Buttered Trout","15876","1024","Everyday Cooking","False","0","0"
"named_recipe","True","True","Cooking","185","43707","Skullfish Soup","16003","1024","Everyday Cooking","False","0","0"
"named_recipe","True","True","Cooking","185","43758","Stormchops","16004","1024","Everyday Cooking","False","0","0"
"named_recipe","True","True","Cooking","185","43761","Broiled Bloodfin","16005","1024","Everyday Cooking","False","0","0"
"named_recipe","True","True","Cooking","185","43765","Spicy Hot Talbuk","16006","1024","Everyday Cooking","False","0","0"
"named_recipe","True","True","Cooking","185","43772","Kibler's Bits","16160","1024","Everyday Cooking","False","0","0"
"named_recipe","True","True","Enchanting","333","25072","Threat","13121","685","Glove Enchantments","False","0","0"
"named_recipe","True","True","Enchanting","333","25080","Superior Agility","13126","685","Glove Enchantments","False","0","0"
"named_recipe","True","True","Enchanting","333","25083","Stealth","13129","684","Cloak Enchantments","False","0","0"
"named_recipe","True","True","Enchanting","333","25084","Subtlety","13130","684","Cloak Enchantments","False","0","0"
"named_recipe","True","True","Enchanting","333","25086","Dodge","13131","684","Cloak Enchantments","False","0","0"
"named_recipe","True","True","Enchanting","333","27899","Brawn","13860","682","Bracer Enchantments","False","0","0"
"named_recipe","True","True","Enchanting","333","27905","Stats","13861","682","Bracer Enchantments","False","0","0"
"named_recipe","True","True","Enchanting","333","27906","Greater Dodge","13862","682","Bracer Enchantments","False","0","0"
"named_recipe","True","True","Enchanting","333","27911","Superior Healing","13863","682","Bracer Enchantments","False","0","0"
"named_recipe","True","True","Enchanting","333","27913","Versatility Prime","13864","682","Bracer Enchantments","False","0","0"
"named_recipe","True","True","Enchanting","333","27914","Fortitude","13865","682","Bracer Enchantments","False","0","0"
"named_recipe","True","True","Enchanting","333","27917","Spellpower","13866","682","Bracer Enchantments","False","0","0"
"named_recipe","True","True","Enchanting","333","27944","Lesser Dodge","13871","687","Shield Enchantments","False","0","0"
"named_recipe","True","True","Enchanting","333","27945","Intellect","13872","687","Shield Enchantments","False","0","0"
"named_recipe","True","True","Enchanting","333","27946","Parry","13873","687","Shield Enchantments","False","0","0"
"named_recipe","True","True","Enchanting","333","27948","Vitality","13875","681","Boot Enchantments","False","0","0"
"named_recipe","True","True","Enchanting","333","27950","Fortitude","13876","681","Boot Enchantments","False","0","0"
"named_recipe","True","True","Enchanting","333","27951","Dexterity","13877","681","Boot Enchantments","False","0","0"
"named_recipe","True","True","Enchanting","333","27954","Surefooted","13878","681","Boot Enchantments","False","0","0"
"named_recipe","True","True","Enchanting","333","27957","Exceptional Health","13879","683","Chest Enchantments","False","0","0"
"named_recipe","True","True","Enchanting","333","27960","Exceptional Stats","13881","683","Chest Enchantments","False","0","0"
"named_recipe","True","True","Enchanting","333","27961","Major Armor","13882","684","Cloak Enchantments","False","0","0"
"named_recipe","True","True","Enchanting","333","27967","Major Striking","13884","686","Weapon Enchantments","False","0","0"
"named_recipe","True","True","Enchanting","333","27968","Major Intellect","13885","686","Weapon Enchantments","False","0","0"
"named_recipe","True","True","Enchanting","333","27971","Savagery","13887","686","Weapon Enchantments","False","0","0"
"named_recipe","True","True","Enchanting","333","27972","Potency","13886","686","Weapon Enchantments","False","0","0"
"named_recipe","True","True","Enchanting","333","27975","Major Spellpower","13888","686","Weapon Enchantments","False","0","0"
"named_recipe","True","True","Enchanting","333","27977","Major Agility","13889","686","Weapon Enchantments","False","0","0"
"named_recipe","True","True","Enchanting","333","27981","Sunfire","13893","686","Weapon Enchantments","False","0","0"
"named_recipe","True","True","Enchanting","333","27982","Soulfrost","13894","686","Weapon Enchantments","False","0","0"
"named_recipe","True","True","Enchanting","333","27984","Mongoose","13892","686","Weapon Enchantments","False","0","0"
"named_recipe","True","True","Enchanting","333","28003","Spellsurge","13891","686","Weapon Enchantments","False","0","0"
"named_recipe","True","True","Enchanting","333","28004","Battlemaster","13890","686","Weapon Enchantments","False","0","0"
"named_recipe","True","True","Enchanting","333","28016","Superior Mana Oil","13895","688","Oils","False","0","0"
"named_recipe","True","True","Enchanting","333","28019","Superior Wizard Oil","13896","688","Oils","False","0","0"
"named_recipe","True","True","Enchanting","333","28021","Arcane Dust","13897","680","Reagents","False","0","0"
"named_recipe","True","True","Enchanting","333","28022","Large Prismatic Shard","13898","680","Reagents","False","0","0"
"named_recipe","True","True","Enchanting","333","28027","Prismatic Sphere","15155","689","Other","False","0","0"
"named_recipe","True","True","Enchanting","333","28028","Void Sphere","15156","689","Other","False","0","0"
"named_recipe","True","True","Enchanting","333","33990","Major Versatility","15122","683","Chest Enchantments","False","0","0"
"named_recipe","True","True","Enchanting","333","33991","Versatility Prime","15123","683","Chest Enchantments","False","1","0"
"named_recipe","True","True","Enchanting","333","33992","Major Armor","15124","683","Chest Enchantments","False","0","0"
"named_recipe","True","True","Enchanting","333","33993","Blasting","15125","685","Glove Enchantments","False","0","0"
"named_recipe","True","True","Enchanting","333","33994","Precise Strikes","15126","685","Glove Enchantments","False","0","0"
"named_recipe","True","True","Enchanting","333","33995","Major Strength","15127","685","Glove Enchantments","False","0","0"
"named_recipe","True","True","Enchanting","333","33996","Assault","15128","685","Glove Enchantments","False","0","0"
"named_recipe","True","True","Enchanting","333","33997","Major Spellpower","15129","685","Glove Enchantments","False","0","0"
"named_recipe","True","True","Enchanting","333","33999","Major Healing","15130","685","Glove Enchantments","False","0","0"
"named_recipe","True","True","Enchanting","333","34001","Major Intellect","15131","682","Bracer Enchantments","False","0","0"
"named_recipe","True","True","Enchanting","333","34002","Lesser Assault","15132","682","Bracer Enchantments","False","0","0"
"named_recipe","True","True","Enchanting","333","34003","PvP Power","15133","684","Cloak Enchantments","False","0","0"
"named_recipe","True","True","Enchanting","333","34004","Greater Agility","15134","684","Cloak Enchantments","False","0","0"
"named_recipe","True","True","Enchanting","333","34007","Cat's Swiftness","15137","681","Boot Enchantments","False","0","0"
"named_recipe","True","True","Enchanting","333","34008","Boar's Speed","15138","681","Boot Enchantments","False","0","0"
"named_recipe","True","True","Enchanting","333","34009","Major Stamina","15139","687","Shield Enchantments","False","0","0"
"named_recipe","True","True","Enchanting","333","34010","Major Healing","15140","686","Weapon Enchantments","False","0","0"
"named_recipe","True","True","Enchanting","333","42615","Small Prismatic Shard","15898","680","Reagents","False","0","0"
"named_recipe","True","True","Enchanting","333","42620","Greater Agility","15899","686","Weapon Enchantments","False","0","0"
"named_recipe","True","True","Enchanting","333","42974","Executioner","15950","686","Weapon Enchantments","False","0","0"
"named_recipe","True","True","Enchanting","333","44383","Armor","16033","687","Shield Enchantments","False","0","0"
"named_recipe","True","True","Enchanting","333","45765","Void Shatter","16240","680","Reagents","False","0","0"
"named_recipe","True","True","Enchanting","333","46578","Deathfrost","16287","686","Weapon Enchantments","False","0","0"
"named_recipe","True","True","Enchanting","333","46594","Dodge","16288","683","Chest Enchantments","False","0","0"
"named_recipe","True","True","Enchanting","333","47051","Greater Dodge","16362","684","Cloak Enchantments","False","0","0"
"named_recipe","True","True","Enchanting","333","1261331","Draenei Holo-Dais","56090","2330","House Decor","True","0","0"
"named_recipe","True","True","Enchanting","333","1261340","Draenei Holo-Path","56097","2330","House Decor","True","0","0"
"named_recipe","True","True","Enchanting","333","1262828","Aldor Stellar Console","56268","2330","House Decor","True","0","0"
"named_recipe","True","True","Engineering","202","30303","Elemental Blasting Powder","14370","750","Reagents","False","1","0"
"named_recipe","True","True","Engineering","202","30304","Fel Iron Casing","14371","750","Reagents","False","0","0"
"named_recipe","True","True","Engineering","202","30305","Handful of Fel Iron Bolts","14372","750","Reagents","False","1","0"
"named_recipe","True","True","Engineering","202","30306","Adamantite Frame","14373","750","Reagents","False","0","0"
"named_recipe","True","True","Engineering","202","30307","Hardened Adamantite Tube","14374","750","Reagents","False","0","0"
"named_recipe","True","True","Engineering","202","30308","Khorium Power Core","14375","750","Reagents","False","0","0"
"named_recipe","True","True","Engineering","202","30309","Felsteel Stabilizer","14376","750","Reagents","False","0","0"
"named_recipe","True","True","Engineering","202","30310","Fel Iron Bomb","14348","751","Explosives","False","0","0"
"named_recipe","True","True","Engineering","202","30311","Adamantite Grenade","14349","751","Explosives","False","0","0"
"named_recipe","True","True","Engineering","202","30312","Fel Iron Musket","14350","754","Weapons","False","0","0"
"named_recipe","True","True","Engineering","202","30313","Adamantite Rifle","14351","754","Weapons","False","0","0"
"named_recipe","True","True","Engineering","202","30314","Felsteel Boomstick","14352","754","Weapons","False","0","0"
"named_recipe","True","True","Engineering","202","30315","Ornate Khorium Rifle","14353","754","Weapons","False","0","0"
"named_recipe","True","True","Engineering","202","30316","Cogspinner Goggles","14354","752","Goggles","False","0","0"
"named_recipe","True","True","Engineering","202","30317","Power Amplification Goggles","14355","752","Goggles","False","0","0"
"named_recipe","True","True","Engineering","202","30318","Ultra-Spectropic Detection Goggles","14356","752","Goggles","False","0","0"
"named_recipe","True","True","Engineering","202","30325","Hyper-Vision Goggles","14357","752","Goggles","False","0","0"
"named_recipe","True","True","Engineering","202","30329","Adamantite Scope","14358","755","Scopes","False","0","0"
"named_recipe","True","True","Engineering","202","30332","Khorium Scope","14359","755","Scopes","False","0","0"
"named_recipe","True","True","Engineering","202","30334","Stabilized Eternium Scope","14360","755","Scopes","False","0","0"
"named_recipe","True","True","Engineering","202","30337","Crashin' Thrashin' Robot","14361","753","Devices","False","0","0"
"named_recipe","True","True","Engineering","202","30341","White Smoke Flare","14362","757","Fireworks","False","0","0"
"named_recipe","True","True","Engineering","202","30342","Red Smoke Flare","14363","757","Fireworks","False","0","0"
"named_recipe","True","True","Engineering","202","30343","Blue Smoke Flare","14364","757","Fireworks","False","0","0"
"named_recipe","True","True","Engineering","202","30344","Green Smoke Flare","14365","757","Fireworks","False","0","0"
"named_recipe","True","True","Engineering","202","30348","Fel Iron Toolbox","14368","753","Devices","False","0","0"
"named_recipe","True","True","Engineering","202","30547","Elemental Seaforium Charge","14391","751","Explosives","False","0","0"
"named_recipe","True","True","Engineering","202","30548","Zapthrottle Mote Extractor","14392","753","Devices","False","0","0"
"named_recipe","True","True","Engineering","202","30551","Healing Potion Injector","14394","753","Devices","False","0","0"
"named_recipe","True","True","Engineering","202","30552","Mana Potion Injector","14395","753","Devices","False","0","0"
"named_recipe","True","True","Engineering","202","30556","Rocket Boots Xtreme","14397","753","Devices","False","0","0"
"named_recipe","True","True","Engineering","202","30558","The Bigger One","14398","751","Explosives","False","0","0"
"named_recipe","True","True","Engineering","202","30560","Super Sapper Charge","14399","751","Explosives","False","0","0"
"named_recipe","True","True","Engineering","202","30563","Goblin Rocket Launcher","14401","753","Devices","False","0","0"
"named_recipe","True","True","Engineering","202","30565","Foreman's Enchanted Helmet","14402","753","Devices","False","0","0"
"named_recipe","True","True","Engineering","202","30566","Foreman's Reinforced Helmet","14403","753","Devices","False","0","0"
"named_recipe","True","True","Engineering","202","30568","Gnomish Flame Turret","14404","753","Devices","False","0","0"
"named_recipe","True","True","Engineering","202","30569","Gnomish Poultryizer","14405","753","Devices","False","0","0"
"named_recipe","True","True","Engineering","202","30570","Nigh-Invulnerability Belt","14406","753","Devices","False","0","0"
"named_recipe","True","True","Engineering","202","30574","Gnomish Power Goggles","14408","752","Goggles","False","0","0"
"named_recipe","True","True","Engineering","202","30575","Gnomish Battle Goggles","14409","752","Goggles","False","0","0"
"named_recipe","True","True","Engineering","202","32814","Purple Smoke Flare","14918","757","Fireworks","False","0","0"
"named_recipe","True","True","Engineering","202","36954","Dimensional Ripper - Area 52","15701","753","Devices","False","0","0"
"named_recipe","True","True","Engineering","202","36955","Ultrasafe Transporter - Toshley's Station","15702","753","Devices","False","0","0"
"named_recipe","True","True","Engineering","202","39971","Icy Blasting Primers","15812","750","Reagents","False","0","0"
"named_recipe","True","True","Engineering","202","39973","Frost Grenade","15813","751","Explosives","False","0","0"
"named_recipe","True","True","Engineering","202","40274","Furious Gizmatic Goggles","15833","752","Goggles","False","0","0"
"named_recipe","True","True","Engineering","202","41307","Gyro-balanced Khorium Destroyer","15849","754","Weapons","False","0","0"
"named_recipe","True","True","Engineering","202","41311","Justicebringer 2000 Specs","15850","752","Goggles","False","0","0"
"named_recipe","True","True","Engineering","202","41312","Tankatronic Goggles","15851","752","Goggles","False","0","0"
"named_recipe","True","True","Engineering","202","41314","Surestrike Goggles v2.0","15852","752","Goggles","False","0","0"
"named_recipe","True","True","Engineering","202","41315","Gadgetstorm Goggles","15853","752","Goggles","False","0","0"
"named_recipe","True","True","Engineering","202","41316","Living Replicator Specs","15854","752","Goggles","False","0","0"
"named_recipe","True","True","Engineering","202","41317","Deathblow X11 Goggles","15855","752","Goggles","False","0","0"
"named_recipe","True","True","Engineering","202","41318","Wonderheal XT40 Shades","15856","752","Goggles","False","0","0"
"named_recipe","True","True","Engineering","202","41319","Magnified Moon Specs","15857","752","Goggles","False","0","0"
"named_recipe","True","True","Engineering","202","41320","Destruction Holo-gogs","15858","752","Goggles","False","0","0"
"named_recipe","True","True","Engineering","202","41321","Powerheal 4000 Lens","15859","752","Goggles","False","0","0"
"named_recipe","True","True","Engineering","202","44155","Flying Machine","16017","756","Mounts","False","0","0"
"named_recipe","True","True","Engineering","202","44157","Turbo-Charged Flying Machine","16018","756","Mounts","False","0","0"
"named_recipe","True","True","Engineering","202","44391","Field Repair Bot 110G","16034","753","Devices","False","0","0"
"named_recipe","True","True","Engineering","202","46106","Wonderheal XT68 Shades","16258","752","Goggles","False","0","0"
"named_recipe","True","True","Engineering","202","46107","Justicebringer 3000 Specs","16251","752","Goggles","False","0","0"
"named_recipe","True","True","Engineering","202","46108","Powerheal 9000 Lens","16254","752","Goggles","False","0","0"
"named_recipe","True","True","Engineering","202","46109","Hyper-Magnified Moon Specs","16250","752","Goggles","False","0","0"
"named_recipe","True","True","Engineering","202","46110","Primal-Attuned Goggles","16255","752","Goggles","False","0","0"
"named_recipe","True","True","Engineering","202","46111","Annihilator Holo-Gogs","16248","752","Goggles","False","0","0"
"named_recipe","True","True","Engineering","202","46112","Lightning Etched Specs","16252","752","Goggles","False","0","0"
"named_recipe","True","True","Engineering","202","46113","Surestrike Goggles v3.0","16257","752","Goggles","False","0","0"
"named_recipe","True","True","Engineering","202","46114","Mayhem Projection Goggles","16253","752","Goggles","False","0","0"
"named_recipe","True","True","Engineering","202","46115","Hard Khorium Goggles","16249","752","Goggles","False","0","0"
"named_recipe","True","True","Engineering","202","46116","Quad Deathblow X44 Goggles","16256","752","Goggles","False","0","0"
"named_recipe","True","True","Engineering","202","46697","Rocket Boots Xtreme Lite","16296","753","Devices","False","0","0"
"named_recipe","True","True","Engineering","202","1263643","Tempest Keep Cryo-Pod","56380","2331","House Decor","True","0","0"
"named_recipe","True","True","Engineering","202","1263654","Draenei Holo-Projector Pedestal","56381","2331","House Decor","True","0","0"
"named_recipe","True","True","Engineering","202","1263663","Draenei Transmitter","56382","2331","House Decor","True","0","0"
"named_recipe","True","True","Inscription","773","1263810","Aldor Bookcase","56386","2332","House Decor","True","0","0"
"named_recipe","True","True","Inscription","773","1263811","Gilded Draenei Round Table","56387","2332","House Decor","True","0","0"
"named_recipe","True","True","Inscription","773","1263812","Halaa Bench","56388","2332","House Decor","True","0","0"
"named_recipe","True","True","Inscription","773","1263813","Crystal Signpost","56389","2332","House Decor","True","0","0"
"named_recipe","True","True","Inscription","773","1263814","Talon King's Totem","56390","2332","House Decor","True","0","0"
"named_recipe","True","True","Jewelcrafting","755","26916","Band of Natural Fire","13534","865","Rings","False","0","0"
"named_recipe","True","True","Jewelcrafting","755","26918","Arcanite Sword Pendant","13535","864","Necklaces","False","0","0"
"named_recipe","True","True","Jewelcrafting","755","26920","Blood Crown","13536","869","Crowns","False","0","0"
"named_recipe","True","True","Jewelcrafting","755","28903","Brilliant Blood Garnet","14026","861","Red Gems","False","1","0"
"named_recipe","True","True","Jewelcrafting","755","28905","Bold Blood Garnet","14027","861","Red Gems","False","0","0"
"named_recipe","True","True","Jewelcrafting","755","28910","Inscribed Flame Spessarite","14030","859","Orange Gems","False","0","0"
"named_recipe","True","True","Jewelcrafting","755","28912","Reckless Flame Spessarite","14031","859","Orange Gems","False","0","0"
"named_recipe","True","True","Jewelcrafting","755","28914","Glinting Shadow Draenite","14032","860","Purple Gems","False","0","0"
"named_recipe","True","True","Jewelcrafting","755","28915","Potent Flame Spessarite","14033","859","Orange Gems","False","0","0"
"named_recipe","True","True","Jewelcrafting","755","28916","Radiant Deep Peridot","14034","858","Green Gems","False","0","0"
"named_recipe","True","True","Jewelcrafting","755","28917","Jagged Deep Peridot","14035","858","Green Gems","False","0","0"
"named_recipe","True","True","Jewelcrafting","755","28918","Regal Deep Peridot","14036","858","Green Gems","False","0","0"
"named_recipe","True","True","Jewelcrafting","755","28925","Timeless Shadow Draenite","14038","860","Purple Gems","False","1","0"
"named_recipe","True","True","Jewelcrafting","755","28927","Purified Shadow Draenite","14039","860","Purple Gems","False","0","0"
"named_recipe","True","True","Jewelcrafting","755","28933","Shifting Shadow Draenite","14040","860","Purple Gems","False","0","0"
"named_recipe","True","True","Jewelcrafting","755","28936","Sovereign Shadow Draenite","14041","860","Purple Gems","False","0","0"
"named_recipe","True","True","Jewelcrafting","755","28944","Smooth Golden Draenite","14043","862","Yellow Gems","False","0","0"
"named_recipe","True","True","Jewelcrafting","755","28947","Subtle Golden Draenite","14044","862","Yellow Gems","False","0","0"
"named_recipe","True","True","Jewelcrafting","755","28948","Rigid Azure Moonstone","14045","857","Blue Gems","False","0","0"
"named_recipe","True","True","Jewelcrafting","755","28950","Solid Azure Moonstone","14046","857","Blue Gems","False","0","0"
"named_recipe","True","True","Jewelcrafting","755","28953","Sparkling Azure Moonstone","14047","857","Blue Gems","False","0","0"
"named_recipe","True","True","Jewelcrafting","755","28955","Stormy Azure Moonstone","14048","857","Blue Gems","False","0","0"
"named_recipe","True","True","Jewelcrafting","755","31048","Fel Iron Blood Ring","14542","865","Rings","False","0","0"
"named_recipe","True","True","Jewelcrafting","755","31049","Golden Draenite Ring","14543","865","Rings","False","0","0"
"named_recipe","True","True","Jewelcrafting","755","31050","Azure Moonstone Ring","14544","865","Rings","False","0","0"
"named_recipe","True","True","Jewelcrafting","755","31051","Thick Adamantite Necklace","14545","864","Necklaces","False","0","0"
"named_recipe","True","True","Jewelcrafting","755","31052","Heavy Adamantite Ring","14546","865","Rings","False","0","0"
"named_recipe","True","True","Jewelcrafting","755","31053","Khorium Band of Shadows","14547","865","Rings","False","0","0"
"named_recipe","True","True","Jewelcrafting","755","31054","Khorium Band of Frost","14548","865","Rings","False","0","0"
"named_recipe","True","True","Jewelcrafting","755","31055","Khorium Inferno Band","14549","865","Rings","False","0","0"
"named_recipe","True","True","Jewelcrafting","755","31056","Khorium Band of Leaves","14550","865","Rings","False","0","0"
"named_recipe","True","True","Jewelcrafting","755","31057","Arcane Khorium Band","14551","865","Rings","False","0","0"
"named_recipe","True","True","Jewelcrafting","755","31058","Heavy Felsteel Ring","14552","865","Rings","False","0","0"
"named_recipe","True","True","Jewelcrafting","755","31060","Delicate Eternium Ring","14553","865","Rings","False","0","0"
"named_recipe","True","True","Jewelcrafting","755","31061","Blazing Eternium Band","14554","865","Rings","False","0","0"
"named_recipe","True","True","Jewelcrafting","755","31062","Pendant of Frozen Flame","14555","864","Necklaces","False","0","0"
"named_recipe","True","True","Jewelcrafting","755","31063","Pendant of Thawing","14556","864","Necklaces","False","0","0"
"named_recipe","True","True","Jewelcrafting","755","31064","Pendant of Withering","14557","865","Rings","False","0","0"
"named_recipe","True","True","Jewelcrafting","755","31065","Pendant of Shadow's End","14558","864","Necklaces","False","0","0"
"named_recipe","True","True","Jewelcrafting","755","31066","Pendant of the Null Rune","14559","864","Necklaces","False","0","0"
"named_recipe","True","True","Jewelcrafting","755","31067","Thick Felsteel Necklace","14560","864","Necklaces","False","0","0"
"named_recipe","True","True","Jewelcrafting","755","31068","Living Ruby Pendant","14561","864","Necklaces","False","0","0"
"named_recipe","True","True","Jewelcrafting","755","31070","Braided Eternium Chain","14562","864","Necklaces","False","0","0"
"named_recipe","True","True","Jewelcrafting","755","31071","Eye of the Night","14563","864","Necklaces","False","0","0"
"named_recipe","True","True","Jewelcrafting","755","31072","Embrace of the Dawn","14564","864","Necklaces","False","0","0"
"named_recipe","True","True","Jewelcrafting","755","31076","Chain of the Twilight Owl","14565","864","Necklaces","False","0","0"
"named_recipe","True","True","Jewelcrafting","755","31077","Coronet of Verdant Flame","14566","869","Crowns","False","0","0"
"named_recipe","True","True","Jewelcrafting","755","31078","Circlet of Arcane Might","14567","869","Crowns","False","0","0"
"named_recipe","True","True","Jewelcrafting","755","31079","Figurine - Felsteel Boar","14568","866","Trinkets","False","0","0"
"named_recipe","True","True","Jewelcrafting","755","31080","Figurine - Dawnstone Crab","14569","866","Trinkets","False","0","0"
"named_recipe","True","True","Jewelcrafting","755","31081","Figurine - Living Ruby Serpent","14570","866","Trinkets","False","0","0"
"named_recipe","True","True","Jewelcrafting","755","31082","Figurine - Talasite Owl","14571","866","Trinkets","False","0","0"
"named_recipe","True","True","Jewelcrafting","755","31083","Figurine - Nightseye Panther","14572","866","Trinkets","False","0","0"
"named_recipe","True","True","Jewelcrafting","755","31084","Bold Living Ruby","14541","861","Red Gems","False","0","0"
"named_recipe","True","True","Jewelcrafting","755","31085","Delicate Living Ruby","14515","861","Red Gems","False","0","0"
"named_recipe","True","True","Jewelcrafting","755","31088","Brilliant Living Ruby","14531","861","Red Gems","False","0","0"
"named_recipe","True","True","Jewelcrafting","755","31090","Subtle Dawnstone","14538","862","Yellow Gems","False","0","0"
"named_recipe","True","True","Jewelcrafting","755","31091","Flashing Living Ruby","14518","861","Red Gems","False","0","0"
"named_recipe","True","True","Jewelcrafting","755","31092","Solid Star of Elune","14535","857","Blue Gems","False","0","0"
"named_recipe","True","True","Jewelcrafting","755","31095","Stormy Star of Elune","14537","857","Blue Gems","False","0","0"
"named_recipe","True","True","Jewelcrafting","755","31097","Smooth Dawnstone","14533","862","Yellow Gems","False","0","0"
"named_recipe","True","True","Jewelcrafting","755","31098","Rigid Star of Elune","14529","857","Blue Gems","False","0","0"
"named_recipe","True","True","Jewelcrafting","755","31101","Mystic Dawnstone","14526","862","Yellow Gems","False","0","0"
"named_recipe","True","True","Jewelcrafting","755","31102","Sovereign Nightseye","14534","860","Purple Gems","False","0","0"
"named_recipe","True","True","Jewelcrafting","755","31103","Shifting Nightseye","14532","860","Purple Gems","False","0","0"
"named_recipe","True","True","Jewelcrafting","755","31104","Timeless Nightseye","14521","860","Purple Gems","False","0","0"
"named_recipe","True","True","Jewelcrafting","755","31106","Inscribed Noble Topaz","14517","859","Orange Gems","False","0","0"
"named_recipe","True","True","Jewelcrafting","755","31107","Potent Noble Topaz","14527","859","Orange Gems","False","0","0"
"named_recipe","True","True","Jewelcrafting","755","31108","Reckless Noble Topaz","14524","859","Orange Gems","False","0","0"
"named_recipe","True","True","Jewelcrafting","755","31109","Glinting Nightseye","14520","860","Purple Gems","False","0","0"
"named_recipe","True","True","Jewelcrafting","755","31111","Radiant Talasite","14528","858","Green Gems","False","0","0"
"named_recipe","True","True","Jewelcrafting","755","31112","Purified Nightseye","14514","860","Purple Gems","False","0","0"
"named_recipe","True","True","Jewelcrafting","755","31113","Jagged Talasite","14522","858","Green Gems","False","0","0"
"named_recipe","True","True","Jewelcrafting","755","31149","Sparkling Star of Elune","14536","857","Blue Gems","False","0","0"
"named_recipe","True","True","Jewelcrafting","755","32810","Primal Stone Statue","14922","867","Prisms & Statues","False","0","0"
"named_recipe","True","True","Jewelcrafting","755","32866","Powerful Earthstorm Diamond","14929","863","Meta Gems","False","0","0"
"named_recipe","True","True","Jewelcrafting","755","32867","Bracing Earthstorm Diamond","14926","863","Meta Gems","False","0","0"
"named_recipe","True","True","Jewelcrafting","755","32868","Tenacious Earthstorm Diamond","14930","863","Meta Gems","False","0","0"
"named_recipe","True","True","Jewelcrafting","755","32869","Brutal Earthstorm Diamond","14927","863","Meta Gems","False","0","0"
"named_recipe","True","True","Jewelcrafting","755","32870","Insightful Earthstorm Diamond","14928","863","Meta Gems","False","0","0"
"named_recipe","True","True","Jewelcrafting","755","32871","Destructive Skyfire Diamond","14931","863","Meta Gems","False","0","0"
"named_recipe","True","True","Jewelcrafting","755","32872","Mystical Skyfire Diamond","14933","863","Meta Gems","False","0","0"
"named_recipe","True","True","Jewelcrafting","755","32873","Swift Skyfire Diamond","14934","863","Meta Gems","False","0","0"
"named_recipe","True","True","Jewelcrafting","755","32874","Enigmatic Skyfire Diamond","14932","863","Meta Gems","False","0","0"
"named_recipe","True","True","Jewelcrafting","755","34590","Delicate Blood Garnet","15238","861","Red Gems","False","0","0"
"named_recipe","True","True","Jewelcrafting","755","37855","Ring of Arcane Shielding","15708","865","Rings","False","0","0"
"named_recipe","True","True","Jewelcrafting","755","38068","Mercurial Adamantite","15713","868","Reagents","False","0","0"
"named_recipe","True","True","Jewelcrafting","755","38503","The Frozen Eye","15727","865","Rings","False","0","0"
"named_recipe","True","True","Jewelcrafting","755","38504","The Natural Ward","15728","865","Rings","False","0","0"
"named_recipe","True","True","Jewelcrafting","755","39466","Veiled Shadow Draenite","15764","860","Purple Gems","False","0","0"
"named_recipe","True","True","Jewelcrafting","755","39467","Deadly Flame Spessarite","15765","859","Orange Gems","False","0","0"
"named_recipe","True","True","Jewelcrafting","755","39470","Veiled Nightseye","15766","860","Purple Gems","False","0","0"
"named_recipe","True","True","Jewelcrafting","755","39471","Deadly Noble Topaz","15767","859","Orange Gems","False","0","0"
"named_recipe","True","True","Jewelcrafting","755","39705","Bold Crimson Spinel","15772","861","Red Gems","False","0","0"
"named_recipe","True","True","Jewelcrafting","755","39706","Delicate Crimson Spinel","15774","861","Red Gems","False","0","0"
"named_recipe","True","True","Jewelcrafting","755","39711","Brilliant Crimson Spinel","15776","861","Red Gems","False","0","0"
"named_recipe","True","True","Jewelcrafting","755","39713","Subtle Lionseye","15777","862","Yellow Gems","False","0","0"
"named_recipe","True","True","Jewelcrafting","755","39714","Flashing Crimson Spinel","15775","861","Red Gems","False","0","0"
"named_recipe","True","True","Jewelcrafting","755","39715","Solid Empyrean Sapphire","15780","857","Blue Gems","False","0","0"
"named_recipe","True","True","Jewelcrafting","755","39716","Sparkling Empyrean Sapphire","15781","857","Blue Gems","False","0","0"
"named_recipe","True","True","Jewelcrafting","755","39718","Stormy Empyrean Sapphire","15782","857","Blue Gems","False","0","0"
"named_recipe","True","True","Jewelcrafting","755","39720","Smooth Lionseye","15788","862","Yellow Gems","False","0","0"
"named_recipe","True","True","Jewelcrafting","755","39721","Rigid Empyrean Sapphire","15787","857","Blue Gems","False","0","0"
"named_recipe","True","True","Jewelcrafting","755","39724","Mystic Lionseye","15786","862","Yellow Gems","False","0","0"
"named_recipe","True","True","Jewelcrafting","755","39727","Sovereign Shadowsong Amethyst","15795","860","Purple Gems","False","0","0"
"named_recipe","True","True","Jewelcrafting","755","39728","Shifting Shadowsong Amethyst","15794","860","Purple Gems","False","0","0"
"named_recipe","True","True","Jewelcrafting","755","39731","Timeless Shadowsong Amethyst","15791","860","Purple Gems","False","0","0"
"named_recipe","True","True","Jewelcrafting","755","39733","Inscribed Pyrestone","15797","859","Orange Gems","False","0","0"
"named_recipe","True","True","Jewelcrafting","755","39734","Potent Pyrestone","15799","859","Orange Gems","False","0","0"
"named_recipe","True","True","Jewelcrafting","755","39736","Glinting Shadowsong Amethyst","15796","860","Purple Gems","False","0","0"
"named_recipe","True","True","Jewelcrafting","755","39737","Veiled Shadowsong Amethyst","15800","860","Purple Gems","False","0","0"
"named_recipe","True","True","Jewelcrafting","755","39738","Deadly Pyrestone","15801","859","Orange Gems","False","0","0"
"named_recipe","True","True","Jewelcrafting","755","39739","Regal Seaspray Emerald","15803","858","Green Gems","False","0","0"
"named_recipe","True","True","Jewelcrafting","755","39740","Radiant Seaspray Emerald","15805","858","Green Gems","False","0","0"
"named_recipe","True","True","Jewelcrafting","755","39741","Purified Shadowsong Amethyst","15802","860","Purple Gems","False","0","0"
"named_recipe","True","True","Jewelcrafting","755","39742","Jagged Seaspray Emerald","15804","858","Green Gems","False","0","0"
"named_recipe","True","True","Jewelcrafting","755","39961","Relentless Earthstorm Diamond","15810","863","Meta Gems","False","0","0"
"named_recipe","True","True","Jewelcrafting","755","39963","Thundering Skyfire Diamond","15809","863","Meta Gems","False","0","0"
"named_recipe","True","True","Jewelcrafting","755","40514","Necklace of the Deep","15834","864","Necklaces","False","0","0"
"named_recipe","True","True","Jewelcrafting","755","41414","Brilliant Pearl Band","15861","865","Rings","False","0","0"
"named_recipe","True","True","Jewelcrafting","755","41415","The Black Pearl","15862","865","Rings","False","0","0"
"named_recipe","True","True","Jewelcrafting","755","41418","Crown of the Sea Witch","15860","869","Crowns","False","0","0"
"named_recipe","True","True","Jewelcrafting","755","41420","Purified Jaggal Pearl","15872","860","Purple Gems","False","0","0"
"named_recipe","True","True","Jewelcrafting","755","41429","Purified Shadow Pearl","15873","860","Purple Gems","False","0","0"
"named_recipe","True","True","Jewelcrafting","755","42558","Don Julio's Heart","15890","861","Red Gems","False","0","0"
"named_recipe","True","True","Jewelcrafting","755","42588","Kailee's Rose","15891","861","Red Gems","False","0","0"
"named_recipe","True","True","Jewelcrafting","755","42589","Crimson Sun","15892","861","Red Gems","False","0","0"
"named_recipe","True","True","Jewelcrafting","755","42590","Falling Star","15893","857","Blue Gems","False","0","0"
"named_recipe","True","True","Jewelcrafting","755","42591","Stone of Blades","15895","862","Yellow Gems","False","0","0"
"named_recipe","True","True","Jewelcrafting","755","42592","Blood of Amber","15896","862","Yellow Gems","False","0","0"
"named_recipe","True","True","Jewelcrafting","755","42593","Facet of Eternity","15894","862","Yellow Gems","False","0","0"
"named_recipe","True","True","Jewelcrafting","755","43493","Steady Talasite","15997","858","Green Gems","False","0","0"
"named_recipe","True","True","Jewelcrafting","755","44794","Chaotic Skyfire Diamond","16148","863","Meta Gems","False","0","0"
"named_recipe","True","True","Jewelcrafting","755","46122","Loop of Forged Power","16266","865","Rings","False","0","0"
"named_recipe","True","True","Jewelcrafting","755","46123","Ring of Flowing Life","16269","865","Rings","False","0","0"
"named_recipe","True","True","Jewelcrafting","755","46124","Hard Khorium Band","16264","865","Rings","False","0","0"
"named_recipe","True","True","Jewelcrafting","755","46125","Pendant of Sunfire","16267","864","Necklaces","False","0","0"
"named_recipe","True","True","Jewelcrafting","755","46126","Amulet of Flowing Life","16263","864","Necklaces","False","0","0"
"named_recipe","True","True","Jewelcrafting","755","46127","Hard Khorium Choker","16265","864","Necklaces","False","0","0"
"named_recipe","True","True","Jewelcrafting","755","46403","Quick Dawnstone","16284","862","Yellow Gems","False","0","0"
"named_recipe","True","True","Jewelcrafting","755","46405","Forceful Talasite","16286","858","Green Gems","False","0","0"
"named_recipe","True","True","Jewelcrafting","755","46597","Eternal Earthstorm Diamond","16289","863","Meta Gems","False","0","0"
"named_recipe","True","True","Jewelcrafting","755","46601","Ember Skyfire Diamond","16290","863","Meta Gems","False","0","0"
"named_recipe","True","True","Jewelcrafting","755","46775","Figurine - Empyrean Tortoise","16302","866","Trinkets","False","0","0"
"named_recipe","True","True","Jewelcrafting","755","46776","Figurine - Khorium Boar","16303","866","Trinkets","False","0","0"
"named_recipe","True","True","Jewelcrafting","755","46777","Figurine - Crimson Serpent","16304","866","Trinkets","False","0","0"
"named_recipe","True","True","Jewelcrafting","755","46778","Figurine - Shadowsong Panther","16305","866","Trinkets","False","0","0"
"named_recipe","True","True","Jewelcrafting","755","46779","Figurine - Seaspray Albatross","16306","866","Trinkets","False","0","0"
"named_recipe","True","True","Jewelcrafting","755","46803","Regal Talasite","16307","858","Green Gems","False","0","0"
"named_recipe","True","True","Jewelcrafting","755","47053","Forceful Seaspray Emerald","16363","858","Green Gems","False","0","0"
"named_recipe","True","True","Jewelcrafting","755","47054","Steady Seaspray Emerald","16364","858","Green Gems","False","0","0"
"named_recipe","True","True","Jewelcrafting","755","47055","Reckless Pyrestone","16365","859","Orange Gems","False","0","0"
"named_recipe","True","True","Jewelcrafting","755","47056","Quick Lionseye","16366","862","Yellow Gems","False","0","0"
"named_recipe","True","True","Jewelcrafting","755","47280","Brilliant Glass","16387","867","Prisms & Statues","False","0","0"
"named_recipe","True","True","Jewelcrafting","755","1263815","Shattrath Lamppost","56391","2333","House Decor","True","0","0"
"named_recipe","True","True","Jewelcrafting","755","1263817","Shattrath Sconce","56392","2333","House Decor","True","0","0"
"named_recipe","True","True","Jewelcrafting","755","1269496","Draenei Crystal Chandelier","56857","2333","House Decor","True","0","0"
"named_recipe","True","True","Leatherworking","165","32454","Knothide Leather","14849","927","Materials","False","1","0"
"named_recipe","True","True","Leatherworking","165","32455","Heavy Knothide Leather","14850","927","Materials","False","0","0"
"named_recipe","True","True","Leatherworking","165","32456","Knothide Armor Kit","14851","928","Armor Kits","False","0","0"
"named_recipe","True","True","Leatherworking","165","32457","Vindicator's Armor Kit","14852","928","Armor Kits","False","0","0"
"named_recipe","True","True","Leatherworking","165","32458","Magister's Armor Kit","14853","928","Armor Kits","False","0","0"
"named_recipe","True","True","Leatherworking","165","32461","Riding Crop","14854","939","Special","False","0","0"
"named_recipe","True","True","Leatherworking","165","32462","Felscale Gloves","14855","934","Gloves","False","0","0"
"named_recipe","True","True","Leatherworking","165","32463","Felscale Boots","14856","937","Boots","False","0","0"
"named_recipe","True","True","Leatherworking","165","32464","Felscale Pants","14857","936","Pants","False","0","0"
"named_recipe","True","True","Leatherworking","165","32465","Felscale Breastplate","14858","932","Chest","False","0","0"
"named_recipe","True","True","Leatherworking","165","32466","Scaled Draenic Pants","14859","936","Pants","False","0","0"
"named_recipe","True","True","Leatherworking","165","32467","Scaled Draenic Gloves","14860","934","Gloves","False","0","0"
"named_recipe","True","True","Leatherworking","165","32468","Scaled Draenic Vest","14861","932","Chest","False","0","0"
"named_recipe","True","True","Leatherworking","165","32469","Scaled Draenic Boots","14862","937","Boots","False","0","0"
"named_recipe","True","True","Leatherworking","165","32470","Thick Draenic Gloves","14863","934","Gloves","False","0","0"
"named_recipe","True","True","Leatherworking","165","32471","Thick Draenic Pants","14864","936","Pants","False","0","0"
"named_recipe","True","True","Leatherworking","165","32472","Thick Draenic Boots","14865","937","Boots","False","0","0"
"named_recipe","True","True","Leatherworking","165","32473","Thick Draenic Vest","14866","932","Chest","False","0","0"
"named_recipe","True","True","Leatherworking","165","32478","Wild Draenish Boots","14867","937","Boots","False","0","0"
"named_recipe","True","True","Leatherworking","165","32479","Wild Draenish Gloves","14868","934","Gloves","False","0","0"
"named_recipe","True","True","Leatherworking","165","32480","Wild Draenish Leggings","14869","936","Pants","False","0","0"
"named_recipe","True","True","Leatherworking","165","32481","Wild Draenish Vest","14870","932","Chest","False","0","0"
"named_recipe","True","True","Leatherworking","165","32482","Comfortable Insoles","14871","928","Armor Kits","False","1","0"
"named_recipe","True","True","Leatherworking","165","32485","Stylin' Purple Hat","14872","930","Helms","False","0","0"
"named_recipe","True","True","Leatherworking","165","32487","Stylin' Adventure Hat","14873","930","Helms","False","0","0"
"named_recipe","True","True","Leatherworking","165","32488","Stylin' Crimson Hat","14875","930","Helms","False","0","0"
"named_recipe","True","True","Leatherworking","165","32489","Stylin' Jungle Hat","14874","930","Helms","False","0","0"
"named_recipe","True","True","Leatherworking","165","32490","Fel Leather Gloves","14876","934","Gloves","False","0","0"
"named_recipe","True","True","Leatherworking","165","32493","Fel Leather Boots","14877","937","Boots","False","0","0"
"named_recipe","True","True","Leatherworking","165","32494","Fel Leather Leggings","14878","936","Pants","False","0","0"
"named_recipe","True","True","Leatherworking","165","32495","Heavy Clefthoof Vest","14879","932","Chest","False","0","0"
"named_recipe","True","True","Leatherworking","165","32496","Heavy Clefthoof Leggings","14880","936","Pants","False","0","0"
"named_recipe","True","True","Leatherworking","165","32497","Heavy Clefthoof Boots","14881","937","Boots","False","0","0"
"named_recipe","True","True","Leatherworking","165","32498","Felstalker Belt","14882","935","Belts","False","0","0"
"named_recipe","True","True","Leatherworking","165","32499","Felstalker Bracers","14883","933","Bracers","False","0","0"
"named_recipe","True","True","Leatherworking","165","32500","Felstalker Breastplate","14884","932","Chest","False","0","0"
"named_recipe","True","True","Leatherworking","165","32501","Netherfury Belt","14885","935","Belts","False","0","0"
"named_recipe","True","True","Leatherworking","165","32502","Netherfury Leggings","14886","936","Pants","False","0","0"
"named_recipe","True","True","Leatherworking","165","32503","Netherfury Boots","14887","937","Boots","False","0","0"
"named_recipe","True","True","Leatherworking","165","35525","Enchanted Felscale Leggings","15532","936","Pants","False","0","0"
"named_recipe","True","True","Leatherworking","165","35526","Enchanted Felscale Gloves","15531","934","Gloves","False","0","0"
"named_recipe","True","True","Leatherworking","165","35527","Enchanted Felscale Boots","15530","937","Boots","False","0","0"
"named_recipe","True","True","Leatherworking","165","35528","Flamescale Boots","15534","937","Boots","False","0","0"
"named_recipe","True","True","Leatherworking","165","35529","Flamescale Leggings","15535","936","Pants","False","0","0"
"named_recipe","True","True","Leatherworking","165","35530","Reinforced Mining Bag","15523","929","Bags","False","0","0"
"named_recipe","True","True","Leatherworking","165","35531","Flamescale Belt","15533","935","Belts","False","0","0"
"named_recipe","True","True","Leatherworking","165","35532","Enchanted Clefthoof Leggings","15538","936","Pants","False","0","0"
"named_recipe","True","True","Leatherworking","165","35533","Enchanted Clefthoof Gloves","15537","934","Gloves","False","0","0"
"named_recipe","True","True","Leatherworking","165","35534","Enchanted Clefthoof Boots","15536","937","Boots","False","0","0"
"named_recipe","True","True","Leatherworking","165","35535","Blastguard Pants","15541","936","Pants","False","0","0"
"named_recipe","True","True","Leatherworking","165","35536","Blastguard Boots","15540","937","Boots","False","0","0"
"named_recipe","True","True","Leatherworking","165","35537","Blastguard Belt","15539","935","Belts","False","0","0"
"named_recipe","True","True","Leatherworking","165","35538","Drums of Panic","15542","940","Drums","False","0","0"
"named_recipe","True","True","Leatherworking","165","35539","Drums of Restoration","15543","940","Drums","False","0","0"
"named_recipe","True","True","Leatherworking","165","35540","Drums of War","15544","940","Drums","False","0","0"
"named_recipe","True","True","Leatherworking","165","35543","Drums of Battle","15545","940","Drums","False","0","0"
"named_recipe","True","True","Leatherworking","165","35544","Drums of Speed","15546","940","Drums","False","0","0"
"named_recipe","True","True","Leatherworking","165","35549","Cobrahide Leg Armor","15547","928","Armor Kits","False","0","0"
"named_recipe","True","True","Leatherworking","165","35554","Nethercobra Leg Armor","15549","928","Armor Kits","False","0","0"
"named_recipe","True","True","Leatherworking","165","35555","Clefthide Leg Armor","15548","928","Armor Kits","False","0","0"
"named_recipe","True","True","Leatherworking","165","35557","Nethercleft Leg Armor","15550","928","Armor Kits","False","0","0"
"named_recipe","True","True","Leatherworking","165","35558","Cobrascale Hood","15552","930","Helms","False","0","0"
"named_recipe","True","True","Leatherworking","165","35559","Cobrascale Gloves","15551","934","Gloves","False","0","0"
"named_recipe","True","True","Leatherworking","165","35560","Windscale Hood","15561","930","Helms","False","0","0"
"named_recipe","True","True","Leatherworking","165","35561","Hood of Primal Life","15555","930","Helms","False","0","0"
"named_recipe","True","True","Leatherworking","165","35562","Gloves of the Living Touch","15554","934","Gloves","False","0","0"
"named_recipe","True","True","Leatherworking","165","35563","Windslayer Wraps","15560","934","Gloves","False","0","0"
"named_recipe","True","True","Leatherworking","165","35564","Living Dragonscale Helm","15556","930","Helms","False","0","0"
"named_recipe","True","True","Leatherworking","165","35567","Earthen Netherscale Boots","15553","937","Boots","False","0","0"
"named_recipe","True","True","Leatherworking","165","35568","Windstrike Gloves","15562","934","Gloves","False","0","0"
"named_recipe","True","True","Leatherworking","165","35572","Netherdrake Helm","15558","930","Helms","False","0","0"
"named_recipe","True","True","Leatherworking","165","35573","Netherdrake Gloves","15557","934","Gloves","False","0","0"
"named_recipe","True","True","Leatherworking","165","35574","Thick Netherscale Breastplate","15559","932","Chest","False","0","0"
"named_recipe","True","True","Leatherworking","165","35575","Ebon Netherscale Breastplate","15565","932","Chest","False","0","0"
"named_recipe","True","True","Leatherworking","165","35576","Ebon Netherscale Belt","15563","935","Belts","False","0","0"
"named_recipe","True","True","Leatherworking","165","35577","Ebon Netherscale Bracers","15564","933","Bracers","False","0","0"
"named_recipe","True","True","Leatherworking","165","35580","Netherstrike Breastplate","15568","932","Chest","False","0","0"
"named_recipe","True","True","Leatherworking","165","35582","Netherstrike Belt","15566","935","Belts","False","0","0"
"named_recipe","True","True","Leatherworking","165","35584","Netherstrike Bracers","15567","933","Bracers","False","0","0"
"named_recipe","True","True","Leatherworking","165","35585","Windhawk Hauberk","15574","932","Chest","False","0","0"
"named_recipe","True","True","Leatherworking","165","35587","Windhawk Belt","15572","935","Belts","False","0","0"
"named_recipe","True","True","Leatherworking","165","35588","Windhawk Bracers","15573","933","Bracers","False","0","0"
"named_recipe","True","True","Leatherworking","165","35589","Primalstrike Vest","15571","932","Chest","False","0","0"
"named_recipe","True","True","Leatherworking","165","35590","Primalstrike Belt","15569","935","Belts","False","0","0"
"named_recipe","True","True","Leatherworking","165","35591","Primalstrike Bracers","15570","933","Bracers","False","0","0"
"named_recipe","True","True","Leatherworking","165","36077","Primalstorm Breastplate","15617","932","Chest","False","0","0"
"named_recipe","True","True","Leatherworking","165","36078","Living Crystal Breastplate","15616","932","Chest","False","0","0"
"named_recipe","True","True","Leatherworking","165","36079","Golden Dragonstrike Breastplate","15615","932","Chest","False","0","0"
"named_recipe","True","True","Leatherworking","165","36349","Belt of Natural Power","15671","935","Belts","False","0","0"
"named_recipe","True","True","Leatherworking","165","36351","Belt of Deep Shadow","15672","935","Belts","False","0","0"
"named_recipe","True","True","Leatherworking","165","36352","Belt of the Black Eagle","15673","935","Belts","False","0","0"
"named_recipe","True","True","Leatherworking","165","36353","Monsoon Belt","15674","935","Belts","False","0","0"
"named_recipe","True","True","Leatherworking","165","36355","Boots of Natural Grace","15675","937","Boots","False","0","0"
"named_recipe","True","True","Leatherworking","165","36357","Boots of Utter Darkness","15676","937","Boots","False","0","0"
"named_recipe","True","True","Leatherworking","165","36358","Boots of the Crimson Hawk","15677","937","Boots","False","0","0"
"named_recipe","True","True","Leatherworking","165","36359","Hurricane Boots","15678","937","Boots","False","0","0"
"named_recipe","True","True","Leatherworking","165","39997","Boots of Shackled Souls","15814","937","Boots","False","0","0"
"named_recipe","True","True","Leatherworking","165","40001","Greaves of Shackled Souls","15816","936","Pants","False","0","0"
"named_recipe","True","True","Leatherworking","165","40002","Waistguard of Shackled Souls","15817","935","Belts","False","0","0"
"named_recipe","True","True","Leatherworking","165","40003","Redeemed Soul Moccasins","15820","937","Boots","False","0","0"
"named_recipe","True","True","Leatherworking","165","40004","Redeemed Soul Wristguards","15821","933","Bracers","False","0","0"
"named_recipe","True","True","Leatherworking","165","40005","Redeemed Soul Legguards","15819","936","Pants","False","0","0"
"named_recipe","True","True","Leatherworking","165","40006","Redeemed Soul Cinch","15818","935","Belts","False","0","0"
"named_recipe","True","True","Leatherworking","165","41156","Bracers of Renewed Life","15842","933","Bracers","False","0","0"
"named_recipe","True","True","Leatherworking","165","41157","Shoulderpads of Renewed Life","15845","931","Shoulders","False","0","0"
"named_recipe","True","True","Leatherworking","165","41158","Swiftstrike Bracers","15847","933","Bracers","False","0","0"
"named_recipe","True","True","Leatherworking","165","41160","Swiftstrike Shoulders","15848","931","Shoulders","False","0","0"
"named_recipe","True","True","Leatherworking","165","41161","Bindings of Lightning Reflexes","15841","933","Bracers","False","0","0"
"named_recipe","True","True","Leatherworking","165","41162","Shoulders of Lightning Reflexes","15846","931","Shoulders","False","0","0"
"named_recipe","True","True","Leatherworking","165","41163","Living Earth Bindings","15843","933","Bracers","False","0","0"
"named_recipe","True","True","Leatherworking","165","41164","Living Earth Shoulders","15844","931","Shoulders","False","0","0"
"named_recipe","True","True","Leatherworking","165","42546","Cloak of Darkness","15889","938","Cloaks","False","0","0"
"named_recipe","True","True","Leatherworking","165","42731","Shadowprowler's Chestguard","15902","932","Chest","False","0","0"
"named_recipe","True","True","Leatherworking","165","44359","Quiver of a Thousand Feathers","16143","929","Bags","False","0","0"
"named_recipe","True","True","Leatherworking","165","44770","Glove Reinforcements","16145","928","Armor Kits","False","0","0"
"named_recipe","True","True","Leatherworking","165","44970","Heavy Knothide Armor Kit","16152","928","Armor Kits","False","0","0"
"named_recipe","True","True","Leatherworking","165","45100","Leatherworker's Satchel","16158","929","Bags","False","0","0"
"named_recipe","True","True","Leatherworking","165","45117","Bag of Many Hides","16162","929","Bags","False","0","0"
"named_recipe","True","True","Leatherworking","165","46132","Leather Gauntlets of the Sun","16277","934","Gloves","False","0","0"
"named_recipe","True","True","Leatherworking","165","46133","Fletcher's Gloves of the Phoenix","16272","934","Gloves","False","0","0"
"named_recipe","True","True","Leatherworking","165","46134","Gloves of Immortal Dusk","16273","934","Gloves","False","0","0"
"named_recipe","True","True","Leatherworking","165","46135","Sun-Drenched Scale Gloves","16274","934","Gloves","False","0","0"
"named_recipe","True","True","Leatherworking","165","46136","Leather Chestguard of the Sun","16276","932","Chest","False","0","0"
"named_recipe","True","True","Leatherworking","165","46137","Embrace of the Phoenix","16270","932","Chest","False","0","0"
"named_recipe","True","True","Leatherworking","165","46138","Carapace of Sun and Shadow","16271","932","Chest","False","0","0"
"named_recipe","True","True","Leatherworking","165","46139","Sun-Drenched Scale Chestguard","16275","932","Chest","False","0","0"
"named_recipe","True","True","Leatherworking","165","1263818","Arakkoa Decoy Scarecrow","56393","2334","House Decor","True","0","0"
"named_recipe","True","True","Leatherworking","165","1263819","Outland Mag'har Banner","56394","2334","House Decor","True","0","0"
"named_recipe","True","True","Tailoring","197","26745","Bolt of Netherweave","13463","1000","Materials","False","1","0"
"named_recipe","True","True","Tailoring","197","26746","Netherweave Bag","13464","1002","Bags","False","0","0"
"named_recipe","True","True","Tailoring","197","26747","Bolt of Imbued Netherweave","13465","1000","Materials","False","0","0"
"named_recipe","True","True","Tailoring","197","26749","Imbued Netherweave Bag","13466","1002","Bags","False","0","0"
"named_recipe","True","True","Tailoring","197","26750","Bolt of Soulcloth","13467","1000","Materials","False","0","0"
"named_recipe","True","True","Tailoring","197","26751","Primal Mooncloth","13468","1000","Materials","False","0","0"
"named_recipe","True","True","Tailoring","197","26752","Spellfire Belt","13469","1007","Belts","False","0","0"
"named_recipe","True","True","Tailoring","197","26753","Spellfire Gloves","13470","1008","Gloves","False","0","0"
"named_recipe","True","True","Tailoring","197","26754","Spellfire Robe","13471","1005","Robes & Tunics","False","0","0"
"named_recipe","True","True","Tailoring","197","26755","Spellfire Bag","13472","1002","Bags","False","0","0"
"named_recipe","True","True","Tailoring","197","26756","Frozen Shadoweave Shoulders","13474","1004","Shoulders","False","0","0"
"named_recipe","True","True","Tailoring","197","26757","Frozen Shadoweave Boots","13475","1010","Boots","False","0","0"
"named_recipe","True","True","Tailoring","197","26758","Frozen Shadoweave Robe","13476","1005","Robes & Tunics","False","0","0"
"named_recipe","True","True","Tailoring","197","26759","Ebon Shadowbag","13477","1002","Bags","False","0","0"
"named_recipe","True","True","Tailoring","197","26760","Primal Mooncloth Belt","13478","1007","Belts","False","0","0"
"named_recipe","True","True","Tailoring","197","26761","Primal Mooncloth Shoulders","13479","1004","Shoulders","False","0","0"
"named_recipe","True","True","Tailoring","197","26762","Primal Mooncloth Robe","13480","1005","Robes & Tunics","False","0","0"
"named_recipe","True","True","Tailoring","197","26763","Primal Mooncloth Bag","13481","1002","Bags","False","0","0"
"named_recipe","True","True","Tailoring","197","26764","Netherweave Bracers","13482","1006","Bracers","False","0","0"
"named_recipe","True","True","Tailoring","197","26765","Netherweave Belt","13483","1007","Belts","False","0","0"
"named_recipe","True","True","Tailoring","197","26770","Netherweave Gloves","13484","1008","Gloves","False","0","0"
"named_recipe","True","True","Tailoring","197","26771","Netherweave Pants","13485","1009","Pants","False","0","0"
"named_recipe","True","True","Tailoring","197","26772","Netherweave Boots","13486","1010","Boots","False","0","0"
"named_recipe","True","True","Tailoring","197","26773","Netherweave Robe","13487","1005","Robes & Tunics","False","0","0"
"named_recipe","True","True","Tailoring","197","26774","Netherweave Tunic","13488","1005","Robes & Tunics","False","0","0"
"named_recipe","True","True","Tailoring","197","26775","Imbued Netherweave Pants","13489","1009","Pants","False","0","0"
"named_recipe","True","True","Tailoring","197","26776","Imbued Netherweave Boots","13490","1010","Boots","False","0","0"
"named_recipe","True","True","Tailoring","197","26777","Imbued Netherweave Robe","13491","1005","Robes & Tunics","False","0","0"
"named_recipe","True","True","Tailoring","197","26778","Imbued Netherweave Tunic","13492","1005","Robes & Tunics","False","0","0"
"named_recipe","True","True","Tailoring","197","26779","Soulcloth Gloves","13493","1008","Gloves","False","0","0"
"named_recipe","True","True","Tailoring","197","26780","Soulcloth Shoulders","13494","1004","Shoulders","False","0","0"
"named_recipe","True","True","Tailoring","197","26781","Soulcloth Vest","13495","1005","Robes & Tunics","False","0","0"
"named_recipe","True","True","Tailoring","197","26782","Arcanoweave Bracers","13496","1006","Bracers","False","0","0"
"named_recipe","True","True","Tailoring","197","26783","Arcanoweave Boots","13497","1010","Boots","False","0","0"
"named_recipe","True","True","Tailoring","197","26784","Arcanoweave Robe","13498","1005","Robes & Tunics","False","0","0"
"named_recipe","True","True","Tailoring","197","27032","Netherweave Bandage","39390","1090","Bandages","False","0","0"
"named_recipe","True","True","Tailoring","197","27033","Heavy Netherweave Bandage","39383","1090","Bandages","False","0","0"
"named_recipe","True","True","Tailoring","197","27725","Satchel of Cenarius","13815","1002","Bags","False","0","0"
"named_recipe","True","True","Tailoring","197","31373","Spellcloth","14644","1000","Materials","False","0","0"
"named_recipe","True","True","Tailoring","197","31430","Mystic Spellthread","14619","1001","Spellthreads","False","0","0"
"named_recipe","True","True","Tailoring","197","31431","Silver Spellthread","14620","1001","Spellthreads","False","0","0"
"named_recipe","True","True","Tailoring","197","31432","Runic Spellthread","14621","1001","Spellthreads","False","0","0"
"named_recipe","True","True","Tailoring","197","31433","Golden Spellthread","14622","1001","Spellthreads","False","0","0"
"named_recipe","True","True","Tailoring","197","31434","Unyielding Bracers","14623","1006","Bracers","False","0","0"
"named_recipe","True","True","Tailoring","197","31435","Bracers of Havok","14624","1006","Bracers","False","0","0"
"named_recipe","True","True","Tailoring","197","31437","Blackstrike Bracers","14625","1006","Bracers","False","0","0"
"named_recipe","True","True","Tailoring","197","31438","Cloak of the Black Void","14626","1011","Cloaks","False","0","0"
"named_recipe","True","True","Tailoring","197","31440","Cloak of Eternity","14627","1011","Cloaks","False","0","0"
"named_recipe","True","True","Tailoring","197","31441","White Remedy Cape","14628","1011","Cloaks","False","0","0"
"named_recipe","True","True","Tailoring","197","31442","Unyielding Girdle","14629","1007","Belts","False","0","0"
"named_recipe","True","True","Tailoring","197","31443","Girdle of Ruination","14630","1007","Belts","False","0","0"
"named_recipe","True","True","Tailoring","197","31444","Black Belt of Knowledge","14631","1007","Belts","False","0","0"
"named_recipe","True","True","Tailoring","197","31448","Resolute Cape","14632","1011","Cloaks","False","0","0"
"named_recipe","True","True","Tailoring","197","31449","Vengeance Wrap","14633","1011","Cloaks","False","0","0"
"named_recipe","True","True","Tailoring","197","31450","Manaweave Cloak","14634","1011","Cloaks","False","0","0"
"named_recipe","True","True","Tailoring","197","31451","Whitemend Pants","14635","1009","Pants","False","0","0"
"named_recipe","True","True","Tailoring","197","31452","Spellstrike Pants","14636","1009","Pants","False","0","0"
"named_recipe","True","True","Tailoring","197","31453","Battlecast Pants","14637","1009","Pants","False","0","0"
"named_recipe","True","True","Tailoring","197","31454","Whitemend Hood","14638","1003","Hats & Hoods","False","0","0"
"named_recipe","True","True","Tailoring","197","31455","Spellstrike Hood","14639","1003","Hats & Hoods","False","0","0"
"named_recipe","True","True","Tailoring","197","31456","Battlecast Hood","14640","1003","Hats & Hoods","False","0","0"
"named_recipe","True","True","Tailoring","197","31459","Bag of Jewels","14641","1002","Bags","False","0","0"
"named_recipe","True","True","Tailoring","197","31460","Netherweave Net","14642","1012","Nets","False","1","0"
"named_recipe","True","True","Tailoring","197","36315","Belt of Blasting","15652","1007","Belts","False","0","0"
"named_recipe","True","True","Tailoring","197","36316","Belt of the Long Road","15654","1007","Belts","False","0","0"
"named_recipe","True","True","Tailoring","197","36317","Boots of Blasting","15653","1010","Boots","False","0","0"
"named_recipe","True","True","Tailoring","197","36318","Boots of the Long Road","15655","1010","Boots","False","0","0"
"named_recipe","True","True","Tailoring","197","36665","Netherflame Robe","15693","1005","Robes & Tunics","False","0","0"
"named_recipe","True","True","Tailoring","197","36667","Netherflame Belt","15691","1007","Belts","False","0","0"
"named_recipe","True","True","Tailoring","197","36668","Netherflame Boots","15692","1010","Boots","False","0","0"
"named_recipe","True","True","Tailoring","197","36669","Lifeblood Leggings","15690","1009","Pants","False","0","0"
"named_recipe","True","True","Tailoring","197","36670","Lifeblood Belt","15688","1007","Belts","False","0","0"
"named_recipe","True","True","Tailoring","197","36672","Lifeblood Bracers","15689","1006","Bracers","False","0","0"
"named_recipe","True","True","Tailoring","197","36686","Shadowcloth","15694","1000","Materials","False","0","0"
"named_recipe","True","True","Tailoring","197","37873","Cloak of Arcane Evasion","15709","1011","Cloaks","False","0","0"
"named_recipe","True","True","Tailoring","197","37882","Flameheart Bracers","15710","1006","Bracers","False","0","0"
"named_recipe","True","True","Tailoring","197","37883","Flameheart Gloves","15711","1008","Gloves","False","0","0"
"named_recipe","True","True","Tailoring","197","37884","Flameheart Vest","15712","1005","Robes & Tunics","False","0","0"
"named_recipe","True","True","Tailoring","197","40020","Soulguard Slippers","15825","1010","Boots","False","0","0"
"named_recipe","True","True","Tailoring","197","40021","Soulguard Bracers","15822","1006","Bracers","False","0","0"
"named_recipe","True","True","Tailoring","197","40023","Soulguard Leggings","15824","1009","Pants","False","0","0"
"named_recipe","True","True","Tailoring","197","40024","Soulguard Girdle","15823","1007","Belts","False","0","0"
"named_recipe","True","True","Tailoring","197","40060","Night's End","15830","1011","Cloaks","False","0","0"
"named_recipe","True","True","Tailoring","197","41205","Bracers of Nimble Thought","15870","1006","Bracers","False","0","0"
"named_recipe","True","True","Tailoring","197","41206","Mantle of Nimble Thought","15871","1004","Shoulders","False","0","0"
"named_recipe","True","True","Tailoring","197","41207","Swiftheal Wraps","15868","1006","Bracers","False","0","0"
"named_recipe","True","True","Tailoring","197","41208","Swiftheal Mantle","15869","1004","Shoulders","False","0","0"
"named_recipe","True","True","Tailoring","197","46128","Sunfire Handwraps","16280","1008","Gloves","False","0","0"
"named_recipe","True","True","Tailoring","197","46129","Hands of Eternal Light","16278","1008","Gloves","False","0","0"
"named_recipe","True","True","Tailoring","197","46130","Sunfire Robe","16281","1005","Robes & Tunics","False","0","0"
"named_recipe","True","True","Tailoring","197","46131","Robe of Eternal Light","16279","1005","Robes & Tunics","False","0","0"
"named_recipe","True","True","Tailoring","197","50194","Mycah's Botanical Bag","17420","1002","Bags","False","0","0"
"named_recipe","True","True","Tailoring","197","1263669","Grand Drape of the Exiles","56383","2335","House Decor","True","0","0"
"named_recipe","True","True","Tailoring","197","1263692","Draenei Weaver's Loom","56384","2335","House Decor","True","0","0"
